date,inflationrate,feerevenue,totalsupply,circulatingsupply,riskreward,stakedtokens,realrewardrate,marketcap,price
2022-10-19,,,,,,,,941845375.1104192,7.21
2022-10-20,,,,,,,,955345569.5770038,7.34
2022-10-21,,,,,,,,963993777.1388178,7.4
2022-10-22,,,,,,,,1172262497.705197,9.03
2022-10-23,,,,,,,,1246128669.44989,9.58
2022-10-24,,,,,,,,1246799989.9779413,9.58
2022-10-25,,,,,,,,1140768646.7713194,8.78
2022-10-26,,,,,,,,1192443476.9384902,9.18
2022-10-27,,,,,,,,1134752910.0562005,8.72
2022-10-28,,,,,,,,1061889993.4607255,8.17
2022-10-29,,,,,,,,1029685433.0144224,7.93
2022-10-30,,,,,,,,1013203781.751866,7.8
2022-10-31,,,,,,,,1033834864.8246156,7.95
2022-11-01,,,,,,,,1064403094.9267448,8.19
2022-11-02,,,,,,,,957514396.0740868,7.36
2022-11-03,,,,,,,,937590398.7774038,7.23
2022-11-04,,,,,,,,997918853.4679734,7.67
2022-11-05,,,,,,,,993356708.7103492,7.64
2022-11-06,,,,,,,,945505467.0544451,7.27
2022-11-07,,,,,,,,908547320.927888,6.99
2022-11-08,,,,,,,,702383902.2935767,5.38
2022-11-09,,,,,,,,499875664.1351868,3.85
2022-11-10,,,,,,,,664487272.1013054,5.14
2022-11-11,,,,,,,,652002091.7648472,5.06
2022-11-12,,,,,,,,585738982.6485379,4.51
2022-11-13,,,,,,,,545548750.3277229,4.21
2022-11-14,,,,,,,,544996504.9916679,4.19
2022-11-15,,,,,,,,566004029.9637666,4.33
2022-11-16,,,,,,,,583997822.4728041,4.5
2022-11-17,,,,,,,,608970534.9825218,4.68
2022-11-18,,,,,,,,608973964.0577334,4.7
2022-11-19,,,,,,,,601889356.8126397,4.63
2022-11-20,,,,,,,,531110116.2871544,4.09
2022-11-21,,,,,,,,530146270.614116,4.08
2022-11-22,,,,,,,,561185387.3485185,4.32
2022-11-23,,,,,,,,579406705.270235,4.45
2022-11-24,,,,,,,,578719599.0227679,4.45
2022-11-25,,,,,,,,577347796.3826162,4.44
2022-11-26,,,,,,,,618970183.0662673,4.76
2022-11-27,,,,,,,,621288715.0470062,4.77
2022-11-28,,,,,,,,582148929.8847446,4.48
2022-11-29,,,,,,,,608588415.5121852,4.68
2022-11-30,,,,,,,,627815993.1216725,4.82
2022-12-01,,,,,,,,606062421.028358,4.66
2022-12-02,,,,,,,,641429029.0322793,4.93
2022-12-03,,,,,,,,673732226.9027714,5.16
2022-12-04,,,,,,,,680286509.6419257,5.24
2022-12-05,,,,,,,,677569794.731411,5.2
2022-12-06,,,,,,,,658714686.1473311,5.07
2022-12-07,,,,,,,,628174439.0096173,4.83
2022-12-08,,,,,,,,640184895.915265,4.93
2022-12-09,,,,,,,,626090034.3907171,4.81
2022-12-10,,,,,,,,623600862.7464752,4.8
2022-12-11,,,,,,,,608971165.6423572,4.68
2022-12-12,,,,,,,,587298362.5958484,4.52
2022-12-13,,,,,,,,602743323.5035374,4.64
2022-12-14,,,,,,,,611072842.8185304,4.68
2022-12-15,,,,,,,,602088964.7864323,4.63
2022-12-16,,,,,,,,525295385.4100038,4.05
2022-12-17,,,,,,,,532501110.8615467,4.1
2022-12-18,,,,,,,,529529360.190139,4.07
2022-12-19,,,,,,,,495448639.6008284,3.8
2022-12-20,,,,,,,,508745366.8905825,3.91
2022-12-21,,,,,,,,490309221.53408,3.77
2022-12-22,,,,,,,,483024269.4230921,3.72
2022-12-23,,,,,,,,487992038.9169999,3.76
2022-12-24,,,,,,,,482454910.8766175,3.71
2022-12-25,,,,,,,,464866897.09783816,3.58
2022-12-26,,,,,,,,474216966.7327949,3.65
2022-12-27,,,,,,,,466647706.379482,3.59
2022-12-28,,,,,,,,419747469.3192985,3.23
2022-12-29,,,,,,,,417006218.5597131,3.21
2022-12-30,,,,,,,,440973709.8548232,3.4
2022-12-31,,,,,,,,449080640.67450416,3.45
2023-01-01,,,,,,,,458510051.86835474,3.53
2023-01-02,,,,,,,,488442740.7765125,3.75
2023-01-03,,,,,,,,495682515.60651904,3.82
2023-01-04,,,,,,,,496146348.0422096,3.82
2023-01-05,,,,,,,,481200273.0782443,3.7
2023-01-06,,,,,,,,502192623.16889405,3.86
2023-01-07,,,,,,,,497293149.4992384,3.83
2023-01-08,,,,,,,,504571878.54711545,3.88
2023-01-09,,,,,,,,677800889.762005,5.22
2023-01-10,,,,,,,,717896235.9924748,5.53
2023-01-11,,,,,,,,691751314.0990736,5.3
2023-01-12,,,,,,,,847009376.3356981,6.55
2023-01-13,,,,,,,,888747639.2771753,6.84
2023-01-14,,,,,,,,1013306381.0759872,7.74
2023-01-15,,,,,,,,1258592520.8699503,7.96
2023-01-16,,,,,,,,1291615865.7004342,8.15
2023-01-17,,,,,,,,1226232734.9773688,7.68
2023-01-18,,,,,,,,1220680881.809558,7.65
2023-01-19,,,,,,,,1260093871.6975272,7.9
2023-01-20,,,,,,,,1740634019.6862657,10.94
2023-01-21,,,,,,,,1893595346.577045,11.79
2023-01-22,,,,,,,,2149733853.030506,13.35
2023-01-23,,,,,,,,2061128649.076256,12.9
2023-01-24,,,,,,,,1980498762.7413225,12.29
2023-01-25,,,,,,,,2939906026.8029146,18.36
2023-01-26,,,,,,,,2930306339.501127,18.24
2023-01-27,,,,,,,,2844218884.088629,17.71
2023-01-28,,,,,,,,2873029957.520612,17.87
2023-01-29,,,,,,,,2959909717.770721,18.41
2023-01-30,,,,,,,,2776229680.789633,17.24
2023-01-31,,,,,,,,2701971945.1079035,16.77
2023-02-01,,,,,,,,2920830683.384424,18.18
2023-02-02,,,,,,,,2782918046.4970818,17.23
2023-02-03,,,,,,,,2766113177.848958,17.08
2023-02-04,,,,,,,,2675385064.578784,16.52
2023-02-05,,,,,,,,2513783701.84382,15.5
2023-02-06,,,,,,,,2422193132.006708,14.95
2023-02-07,,,,,,,,2613401071.399157,16.12
2023-02-08,,,,,,,,2459636888.4915323,15.11
2023-02-09,,,,,,,,2163558099.358305,13.3
2023-02-10,,,,,,,,2222657163.2144146,13.61
2023-02-11,,,,,,,,2277889067.4260306,13.97
2023-02-12,,,,,,,,2133335741.1798255,13.07
2023-02-13,,,,,,,,2312835305.5399523,13.78
2023-02-14,,,,,,,,2473259649.475226,14.72
2023-02-15,,,,,,,,2682426115.7695165,15.95
2023-02-16,,,,,,,,2480280843.957241,14.75
2023-02-17,,,,,,,,2485343837.5080867,14.72
2023-02-18,,,,,,,,2432729887.871467,14.42
2023-02-19,,,,,,,,2384984970.5397525,14.06
2023-02-20,,,,,,,,2400040067.0644608,14.2
2023-02-21,,,,,,,,2265958271.165724,13.42
2023-02-22,,,,,,,,2336919462.501396,13.76
2023-02-23,,,,,,,,2278628285.195083,13.46
2023-02-24,,,,,,,,2178452622.489228,12.83
2023-02-25,,,,,,,,2074969004.4010355,12.23
2023-02-26,,,,,,,,2151851645.3113,12.65
2023-02-27,,,,,,,,2110535660.0211024,12.4
2023-02-28,,,,,,,,2023930771.580839,11.91
2023-03-01,,,,,,,,2270629976.5594263,13.4
2023-03-02,,,,,,,,2195427107.3721576,12.87
2023-03-03,,,,,,,,2000884780.8827949,11.72
2023-03-04,,,,,,,,1929162273.3796515,11.3
2023-03-05,,,,,,,,1908768878.362193,11.16
2023-03-06,,,,,,,,1934190952.3169973,11.29
2023-03-07,,,,,,,,1900572353.079794,11.09
2023-03-08,,,,,,,,1812692831.517961,10.55
2023-03-09,,,,,,,,1883057315.8950448,11.07
2023-03-10,,,,,,,,1860961558.083409,10.8
2023-03-11,,,,,,,,1790054007.3515792,10.44
2023-03-12,,,,,,,,2050822009.9124615,11.93
2023-03-13,,,,,,,,2185573039.358831,12.34
2023-03-14,,,,,,,,2432296467.5350294,13.7
2023-03-15,,,,,,,,2175114004.676178,12.28
2023-03-16,,,,,,,,2215188830.015187,12.46
2023-03-17,,,,,,,,2393550172.8730645,13.57
2023-03-18,,,,,,,,2284559963.439774,12.83
2023-03-19,,,,,,,,2355177356.603246,13.18
2023-03-20,,,,,,,,2171199388.549233,12.18
2023-03-21,,,,,,,,2197401433.388937,12.33
2023-03-22,,,,,,,,2352924950.658971,13.24
2023-03-23,,,,,,,,2371771721.4019365,13.29
2023-03-24,,,,,,,,2195461987.4674187,12.21
2023-03-25,,,,,,,,2085395899.861913,11.67
2023-03-26,,,,,,,,2133550099.0131156,11.89
2023-03-27,,,,,,,,1992507511.9109173,11.14
2023-03-28,,,,,,,,2017583122.150622,11.26
2023-03-29,,,,,,,,2094054016.8793635,11.65
2023-03-30,,,,,,,,2002006135.963415,11.14
2023-03-31,,,,,,,,2050447139.4573889,11.4
2023-04-01,,,,,,,,2029198457.706946,11.27
2023-04-02,,,,,,,,2210806318.9530272,12.29
2023-04-03,,,,,,,,2051036024.396989,11.35
2023-04-04,,,,,,,,2073853529.9510443,11.49
2023-04-05,,,,,,,,2091902285.7541623,11.56
2023-04-06,,,,,,,,2067360591.158361,11.44
2023-04-07,,,,,,,,2019375073.8432636,11.16
2023-04-08,,,,,,,,2003510695.697237,11.05
2023-04-09,,,,,,,,2010853252.2311463,11.09
2023-04-10,,,,,,,,2074047712.8195963,11.44
2023-04-11,,,,,,,,2139981496.7599816,11.78
2023-04-12,,,,,,,,2072204046.2419555,11.38
2023-04-13,,,,,,,,2323089455.063825,12.39
2023-04-14,,,,,,,,2375659517.930932,12.69
2023-04-15,,,,,,,,2355642350.2219424,12.6
2023-04-16,,,,,,,,2353925535.0539865,12.6
2023-04-17,,,,,,,,2297315789.353157,12.29
2023-04-18,,,,,,,,2378350922.9252806,12.68
2023-04-19,,,1030160178.5394782,,,845512577.8350781,,2131384348.968952,11.36
2023-04-20,0.0,,1030403402.9827708,187664272.206382,,848763908.5761508,,2077611012.972588,11.07
2023-04-21,0.0,,1030566897.9313338,187827766.933557,,857208638.8277152,,1909659125.9662104,10.17
2023-04-22,0.0,,1030731226.7340533,187992095.816856,,857381156.1892648,,1946826439.206555,10.36
2023-04-23,0.0,,1030895597.606884,188156465.826176,,857601929.1979471,,1912879738.588976,10.21
2023-04-24,0.0,,1031060008.2960083,188320876.583446,,857811355.1996655,,1926871876.6802385,10.23
2023-04-25,0.0,,1031224436.6936194,188485306.034487,,858059552.094087,,1958460977.1460164,10.39
2023-04-26,0.0,,1031388901.0693498,188649769.341314,,858227794.670888,,1893575155.5372577,10.04
2023-04-27,0.0,,1031553557.5829045,188814425.897395,,859309736.7667067,,1918496179.740772,10.17
2023-04-28,0.0,,1031718281.3765416,188979150.658945,,859485827.8533882,,1924332451.576812,10.19
2023-04-29,0.0,,1031883032.561882,189143901.757974,,859696438.8518912,,2034667587.2834327,10.76
2023-04-30,0.0,,1032047824.6018076,189308694.221658,,859862205.4354001,,1984603540.1823363,10.47
2023-05-01,0.0,,1032212628.9813552,189473498.453495,,860027817.0038414,,1881867974.7162347,9.94
2023-05-02,0.0,,1032377481.5134826,189638350.233282,,860245850.8224734,,1884460837.4710677,9.94
2023-05-03,0.0,,1032542385.9741555,189803257.302644,,860420316.122712,,1894904060.990424,9.99
2023-05-04,0.0,,1032707321.9057229,189968190.898915,,860595470.0338602,,1835888503.987725,9.67
2023-05-05,0.0,,1032872266.108378,190133134.456797,,860762632.7176495,,1874347219.6865315,9.86
2023-05-06,0.0,,1033037287.1427064,190298156.088078,,860934430.3525808,,1753264600.222214,9.22
2023-05-07,0.0,,1033202348.890476,190463217.889647,,861102575.0062822,,1762041623.0887172,9.25
2023-05-08,0.0,,1033367376.8433616,190628245.907588,,860321870.279364,,1584977631.94022,8.32
2023-05-09,0.0,,1033532454.0550928,190793322.825831,,861493128.7996716,,1594731528.6958628,8.35
2023-05-10,0.0,,1033697516.2781012,190958385.703751,,861659976.7006918,,1646806999.0572174,8.62
2023-05-11,0.0,,1033864294.3373704,191125163.301713,,876205136.5714025,,1548374024.413845,8.1
2023-05-12,0.0,,1034018241.2026922,191265111.295405,,876855962.4500852,,1590347736.4405334,8.31
2023-05-13,0.0,,1034158301.6909504,195962649.55898,,876996958.520357,,1632353634.0741117,8.33
2023-05-14,0.0,,1034368448.8063908,196172796.00768,,877244306.5008628,,1665390992.9887831,8.47
2023-05-15,0.0,,1034536614.2686416,196340961.272118,,877418235.9062263,,1689482710.9767962,8.6
2023-05-16,0.0,,1034704826.9188926,196509174.329652,,877695847.5534078,,1678016542.6307702,8.54
2023-05-17,0.0,,1034873075.3942173,196677422.385663,,877876722.1452432,,1715207731.261392,8.72
2023-05-18,0.0,,1035041334.1607542,196845680.527673,,878047206.9462711,,1684163010.8792725,8.54
2023-05-19,0.0,,1035181405.4039629,197027323.489377,,878194877.6041048,,1663281815.8862624,8.44
2023-05-20,0.0,,1035181405.4039629,197195493.599823,,878194877.6041048,,1665582266.3090382,8.45
2023-05-21,0.0,,1035181405.4039629,197363866.559697,,878194877.6041048,,1613614152.8240852,8.17
2023-05-22,0.0,,1035181405.4039629,197532274.638762,,878194877.6041048,,1601540650.0315216,8.11
2023-05-23,0.0,,1035181405.4039629,197700696.092724,,878194877.6041048,,1683588566.2417903,8.52
2023-05-24,0.0,,1035236838.1633213,197869164.016103,,878250555.0547067,,1602472795.8856864,8.09
2023-05-25,0.0,,1035236838.1633213,198037555.459641,,878250555.0547067,,1580486974.028132,7.98
2023-05-26,0.0,,1035236838.1633213,198206074.297689,,878250555.0547067,,1601175927.6089013,8.07
2023-05-27,0.0,,1036570332.1970788,198374680.25938,,879894818.1861109,,1631669955.360523,8.23
2023-05-28,0.0,,1036682771.5143672,198543330.318719,,880008659.7771776,,1695505719.7636423,8.53
2023-05-29,0.0,,1036682771.5143672,198711989.909315,,880008659.7771776,,1697521730.3372731,8.54
2023-05-30,0.0,,1036682771.5143672,198880658.30662,,880008659.7771776,,1690476322.9299054,8.5
2023-05-31,0.0,,1036682771.5143672,199049117.527893,,880008659.7771776,,1664645775.0810473,8.36
2023-06-01,0.0,,1037413309.3500676,199217655.822356,,880757717.4350302,,1706859405.862245,8.56
2023-06-02,0.0,,1037581892.7304844,199386239.04634,,880932186.208742,,1806177568.9212956,9.05
2023-06-03,0.0,,1037750526.9143472,199554874.432344,,881101371.8370018,,1793783292.152886,8.98
2023-06-04,0.0,,1037919128.2414556,199723476.934884,,881270903.2092445,,1840419235.3434129,9.22
2023-06-05,0.0,,1038087855.0094684,199892203.059736,,881440731.4990044,,1627958589.038387,8.15
2023-06-06,0.0,,1038256783.7679676,200061130.498435,,881615995.0566444,,1648677841.403657,8.23
2023-06-07,0.0,,1038426598.364534,200230944.938777,,899860141.8208866,,1533769038.231032,7.66
2023-06-08,0.0,,1038599082.5764704,200403428.924744,,900070560.5097431,,1541102368.4312816,7.69
2023-06-09,0.0,,1038771609.643497,200575957.310817,,900251113.1591741,,1484262084.100046,7.4
2023-06-10,0.0,,1038939671.4876896,200744018.930669,,859751497.210227,,1200449233.2054007,5.98
2023-06-11,0.0,,1039104457.3705368,200908805.338817,,859931578.7279372,,1275770913.9014878,6.35
2023-06-12,0.0,,1039269244.3835472,201073590.80562,,860150476.368152,,1258720678.4431813,6.26
2023-06-13,0.0,,1039434113.3791374,205781937.754425,,860321350.81606,,1279963652.832523,6.22
2023-06-14,0.0,,1039599023.06556,205946849.268139,,860515498.7674185,,1239800032.5941968,6.02
2023-06-15,0.0,,1039763928.449874,206111753.599125,,860724942.9154787,,1279953989.850566,6.21
2023-06-16,0.0,,1039928874.024911,206276700.277634,,860890872.6914995,,1297480444.746318,6.29
2023-06-17,0.0,,1040066329.2879696,206414153.8491,,861029083.611784,,1440770793.866718,6.98
2023-06-18,0.0,,1040258864.5505508,206606692.175375,,861230309.3205622,,1382198770.653259,6.69
2023-06-19,0.0,,1040423910.033306,206771740.165521,,861358456.3385334,,1430860441.9454052,6.92
2023-06-20,0.0,,1040588951.2890276,206936776.930572,,861507840.0509408,,1489944793.9001184,7.2
2023-06-21,0.0,,1040754098.337362,207101922.327543,,863158381.172772,,1553264417.4565723,7.5
2023-06-22,0.0,,1040919510.6595324,207267335.701074,,863368250.6972445,,1529632937.473926,7.38
2023-06-23,0.0,,1041085015.5797846,207432839.587778,,863546841.4797933,,1584786894.4506238,7.64
2023-06-24,0.0,,1041250542.5510888,207598366.984074,,863717779.3024912,,1525847997.332944,7.35
2023-06-25,0.0,,1041416091.9398532,207763917.262375,,863888887.346913,,1570695214.5035548,7.56
2023-06-26,0.0,,1041581676.9330716,207929502.934693,,864058674.6786119,,1507488896.2765243,7.25
2023-06-27,0.0,,1041747285.6792644,208095111.623165,,864230203.2343682,,1544065728.2438843,7.42
2023-06-28,0.0,,1041912872.7214136,208260700.489568,,864404102.4187177,,1445329261.397602,6.94
2023-06-29,0.0,,1042078456.7794528,208426286.110099,,864586000.5156345,,1498584997.1316118,7.19
2023-06-30,0.0,,1042244153.8179076,208591979.653322,,865042324.823738,,1516463692.0796509,7.27
2023-07-01,0.0,,1042409926.9541576,208757752.722278,,865209133.7653024,,1532281904.9815204,7.34
2023-07-02,0.0,,1042575760.0389644,208923586.916378,,865379966.2645757,,1531409892.097051,7.33
2023-07-03,0.0,,1042741584.608832,209089409.18022,,865461890.7104014,,1568170568.85165,7.5
2023-07-04,0.0,,1042893581.7785676,209241408.392064,,865615637.2987627,,1627898157.290258,7.78
2023-07-05,0.0,,1043073284.1566364,209421109.761746,,865803671.5092138,,1553904634.4321551,7.42
2023-07-06,0.0,,1043239207.0911428,209587031.075692,,865991409.3324844,,1496451401.8804407,7.14
2023-07-07,0.0,,1043404825.8525364,209752659.98865,,865208239.6777351,,1514414205.118053,7.22
2023-07-08,0.0,,1043570259.6950506,209918094.201761,,865382997.3798077,,1482021745.0644326,7.06
2023-07-09,0.0,,1043735773.3878472,210083610.074417,,865552074.8646053,,1487391959.3268723,7.08
2023-07-10,0.0,,1043901398.4353092,210249237.212891,,863276637.3170075,,1488564599.4672685,7.08
2023-07-11,0.0,,1044066492.9577186,210414327.44633,,863380721.9114205,,1481316865.2221632,7.04
2023-07-12,0.0,,1044234527.3382424,210582362.324722,,885530878.0318427,,1469864889.0265596,6.98
2023-07-13,0.0,,1044404123.2191688,215295437.746444,,885716976.2114413,,1627633509.3631165,7.56
2023-07-14,0.0,,1044573603.4959428,215464912.251041,,885890202.5985796,,1583667105.0451512,7.35
2023-07-15,0.0,,1044743155.2535197,215634461.188055,,886062531.5264739,,1604320391.2391293,7.44
2023-07-16,0.0,,1044912465.4142148,215803767.403682,,886256807.9989357,,1596947878.787247,7.4
2023-07-17,0.0,,1045081824.3770852,215973141.625876,,886477517.9123611,,1697548893.1793854,7.86
2023-07-18,0.0,,1045293746.1236162,216185051.911836,,886704650.5710555,,1638682693.4917169,7.58
2023-07-19,0.0,,1045463244.3005384,216354555.093593,,886844400.8596574,,1637803982.058499,7.57
2023-07-20,0.0,,1045463238.8002684,216524137.809366,,886844400.8596574,,1606609102.5454955,7.42
2023-07-21,0.0,,1045802440.8670062,216693754.211255,,887155133.1162496,,1631703969.2107503,7.53
2023-07-22,0.0,,1045972100.0009624,216863405.565922,,887332081.1173904,,1663342320.6906216,7.67
2023-07-23,0.0,,1046141761.2762278,217033073.842325,,887505160.0610389,,1645110699.7248237,7.58
2023-07-24,0.0,,1046311523.25869,217202834.527433,,887680271.5891649,,1531279983.418403,7.05
2023-07-25,0.0,,1046480567.4457934,217371878.435055,,887851790.7889963,,1515081992.6923332,6.97
2023-07-26,0.0,,1046650434.4996208,217541746.829153,,889027965.570825,,1527143062.740654,7.02
2023-07-27,0.0,,1046820479.5119488,217711791.204367,,889200585.0377679,,1537045245.902831,7.06
2023-07-28,0.0,,1046990697.0775186,217882001.088434,,889917006.3083895,,1540425747.6952286,7.07
2023-07-29,0.0,,1047161207.5542188,218052511.286918,,890113209.5831016,,1556894930.5885944,7.14
2023-07-30,0.0,,1047331569.0629116,218222882.285262,,890314651.7134603,,1534106862.465392,7.03
2023-07-31,0.0,,1047501896.9507146,218393199.805616,,890487555.1960851,,1539672058.629593,7.05
2023-08-01,0.0,,1047672277.3242444,218563586.824765,,890665722.7614907,,1538687651.2463455,7.04
2023-08-02,0.0,,1047842709.0384178,218734019.515184,,890723113.4348762,,1500515373.8741622,6.86
2023-08-03,28.487416968941453,974155.189889433,1048012961.3439016,218904275.522479,0.0025240027503375,890900606.1554407,-17.227530684418745,1484170988.0424078,6.78
2023-08-04,28.47083686871464,1198223.2348007015,1048183284.246883,219074590.112552,0.0031700096659611,891074834.7531117,-17.21101066019377,1467799753.7540984,6.7
2023-08-05,28.454544104180638,1249134.1560732715,1048353601.7954528,219244916.52176,0.0032990764635719,891257304.5196965,-17.200509968928014,1473325839.026227,6.72
2023-08-06,28.40922977588956,1292950.1851879477,1048524083.2096162,219415397.561222,0.0033921972078829,890529885.186849,-17.171290859988964,1467889009.684575,6.69
2023-08-07,28.39834848346614,1243712.582542138,1048694368.8564252,219585678.598916,0.0033159339159585,890879640.867824,-17.164271428541035,1462440619.4687805,6.66
2023-08-08,28.38184958683356,1238012.8753068903,1048864892.236966,219756208.648548,0.0032461544062065,891053511.266647,-17.15362585732063,1472366597.9452715,6.7
2023-08-09,27.68165819664906,1271867.0099339073,1048992667.6011784,219925807.805474,0.0031498615796434,890581492.9550543,-16.699305959678277,1625251719.682453,7.39
2023-08-10,28.326450294835265,1274243.3099115838,1049200952.2657452,220092257.966561,0.0031243801461402,890674171.8073102,-17.11786058475534,1578061489.6202424,7.17
2023-08-11,28.306578409703658,1215521.2769565,1048992667.6011784,220262667.207084,0.0030136667425543,890738468.2592235,-17.10502395257064,1563864937.1702964,7.1
2023-08-12,28.29022089393155,1204230.4048700046,1049541612.629598,220432926.57542,0.0029684154627609,890911865.5335895,-17.09445451190187,1584912742.0772698,7.19
2023-08-13,27.70335498016086,1211751.589384662,1048992667.6011784,225146721.404634,0.0030158538610873,891086639.3699763,-16.713458736833232,1587284385.9026697,7.05
2023-08-14,27.69068409028238,1226640.9204325762,1048992667.6011784,225317009.667487,0.0030606332733759,891352735.7786291,-16.705194119878406,1592991258.349133,7.07
2023-08-15,27.676668317319315,1149232.0581631772,1050052585.9824332,225487377.969097,0.0031133763523966,891575208.1442477,-16.696050389049567,1474687451.9178944,6.54
2023-08-16,27.66144620114246,1083634.398121459,1050223000.9222876,225657792.902726,0.0031323382478253,891758292.0596206,-16.68611737922786,1396821738.067874,6.19
2023-08-17,27.649619915445623,995162.9786775528,1050393431.6306504,225828227.060716,0.0031951805261963,892050269.2277771,-16.678398642744053,1282704329.704867,5.68
2023-08-18,27.633452107941668,1058286.020643463,1050563945.639626,225998738.34656,0.0031991475563092,892201800.2192252,-16.667843983370535,1315312657.1769793,5.82
2023-08-19,27.616822692704574,1092080.3409891543,1050734517.6793878,226169309.242971,0.0032233970134624,892337863.5266649,-16.656985187517737,1361539241.6426854,6.02
2023-08-20,27.600960154885595,1114192.5039056498,1050905116.8531344,226339907.889989,0.0032232837525072,892498023.3565117,-16.646624515287634,1371619841.8133333,6.06
2023-08-21,27.58562078802637,1096932.521982293,1051075745.987588,226510538.187117,0.0032419282851537,892674464.5855962,-16.636603103802415,1347737702.2133462,5.95
2023-08-22,27.566486291417725,1055938.4148998077,1051289210.0965548,226724002.476648,0.0032452337147117,892895945.5289049,-16.62409890554809,1324068174.4636242,5.84
2023-08-23,27.551224927512845,1107572.873678947,1051459910.3963708,226894702.016499,0.0032339302984511,893073505.683771,-16.614123070598463,1365906106.139324,6.02
2023-08-24,27.53628456346611,1070342.915220874,1051630657.15384,227065440.328892,0.0032540851972278,893260887.0615339,-16.60435474966966,1316979553.9075737,5.8
2023-08-25,27.52107327347686,1051902.6248944737,1051800355.9679788,227235147.612547,0.0032708389337019,893434690.5320839,-16.594406940172934,1292967989.9153926,5.69
2023-08-26,27.50589040752101,1067331.7612657547,1051970851.2547172,227405642.145809,0.0032662210157381,893611773.4150863,-16.584475352421602,1303034329.4954855,5.73
2023-08-27,27.49063180540812,1049784.1094761628,1052141739.3563644,227576530.837565,0.0032514747765845,893787202.3266793,-16.57449184004416,1294910460.465745,5.69
2023-08-28,27.47607895430001,1054224.1333828329,1052312642.4106152,227747425.429776,0.0032587675269836,893984872.2679929,-16.564967864967194,1307270221.9669144,5.74
2023-08-29,27.46092068040477,1090457.1161241997,1052483555.2823464,227918338.571181,0.0032556660925708,894162191.0483367,-16.555045364307308,1340159830.7985442,5.88
2023-08-30,27.44571225210501,1070025.4549495706,1052654525.7214411,228089317.141682,0.0032604667053362,894337391.8128417,-16.545087660849678,1320637146.2503388,5.79
2023-08-31,27.43942114423017,1019827.1705064016,1052825513.2853051,228260304.859306,0.0032465574072812,894802680.2868456,-16.54096786925381,1259996882.823369,5.52
2023-09-01,27.42083360577223,1023278.1287815056,1052996608.6424764,228431399.925842,0.0032573099332256,894866793.5439492,-16.528793266989073,1258657013.5913894,5.51
2023-09-02,27.405714226241997,1029965.0576442982,1053167750.340338,228602541.50103,0.0032602301039911,895043446.8228185,-16.518887644920966,1275602181.5757475,5.58
2023-09-03,27.39097514305166,1007345.3837055002,1053338917.4623708,228773708.707752,0.0032405078341835,895231890.4666437,-16.50922891471309,1251392186.6314032,5.47
2023-09-04,27.37583791020777,1007089.7973067143,1053510110.2218884,228944901.688474,0.0032213534493317,895406691.4209651,-16.49930694471494,1256907510.2697222,5.49
2023-09-05,27.344195460648,1006667.5393020088,1053681338.2012964,229116130.166277,0.0032154627622058,895040635.648375,-16.478558716194215,1264721038.517849,5.52
2023-09-06,27.32899295386085,1017809.1862633814,1053852479.5339895,229287271.256564,0.0032211483970679,895211211.2272334,-16.46858663325744,1267958610.048799,5.53
2023-09-07,27.31391736725873,1032039.5922512152,1054023647.6173476,229458438.606211,0.0032248754198898,895385306.4827065,-16.45869545181988,1291851009.352968,5.63
2023-09-08,24.855731197237628,1026738.7914255398,1054179265.3671331,229614055.986073,0.0035870448213472,815355399.8765801,-14.813916493764312,1267469589.0431228,5.52
2023-09-09,26.116224534182148,1019107.2130790956,1054339829.6931026,229774620.652877,0.0034108905968096,857303090.9746222,-15.665325509984164,1259164921.177766,5.48
2023-09-10,26.09925994703097,981978.212816082,1054503765.0318192,229938547.543381,0.0034238683366967,857357427.6098756,-15.65397966278528,1191081676.2747135,5.18
2023-09-11,26.08609123397224,933261.062115042,1054667710.317564,230102501.59647,0.0034431610195889,857535853.765096,-15.645170375982945,1150512507.98235,5.0
2023-09-12,26.07590933944765,949646.3043371664,1054831687.7107886,230266478.886146,0.0034334020734025,857812006.1164212,-15.638357877208408,1160543053.586176,5.04
2023-09-13,25.55848518364443,969275.3642397278,1054995616.506298,234973886.565758,0.0034160958259865,857978981.0808829,-15.290705136784576,1219514471.276284,5.19
2023-09-14,25.54568183014854,965307.9931953629,1055159650.6690236,235137920.124736,0.0034014438952804,858147831.044426,-15.282066344667545,1227419943.051122,5.22
2023-09-15,25.53301672152109,966612.5294633746,1055323735.6535816,235302004.505371,0.0033729218958852,858320913.5681766,-15.273519096617116,1240041563.7433052,5.27
2023-09-16,25.52042562571357,978694.6586239868,1055487877.8413608,235466147.044113,0.0033694585602044,858496104.1083063,-15.265020087526205,1252679902.274681,5.32
2023-09-17,25.50620521502872,951012.393603387,1055652042.6126724,235630310.614879,0.0033364113716647,858615933.1077893,-15.255419237817913,1229990221.4096684,5.22
2023-09-18,25.491819654400565,943800.6010746936,1055816234.5083078,235794504.369083,0.0033234053461509,858729641.6885791,-15.245704673890003,1221415532.6318498,5.18
2023-09-19,25.481134326203208,939803.289404848,1055980430.2595564,235958699.210134,0.0033084135501384,858967413.930984,-15.238487433891668,1231704409.8768995,5.22
2023-09-20,25.468515021608734,933612.9721886452,1056144705.908742,236122974.004447,0.0032922937369399,859139736.1963205,-15.229962336222547,1223117005.3430357,5.18
2023-09-21,25.45630196252246,910417.1856574302,1056309041.3820316,236287302.221036,0.0032857741942907,859325374.0027033,-15.22171004867271,1202702368.305073,5.09
2023-09-22,25.90721270698591,913161.9363441915,1056475639.1488856,236453908.393365,0.0032108104534931,875163357.5351706,-15.545181007648443,1215373089.141896,5.14
2023-09-23,25.89466277461388,906295.787797624,1056642895.8572708,236621170.795729,0.0031921814007216,875358184.0607119,-15.536762046562346,1216232817.890047,5.14
2023-09-24,25.881430251636942,943562.3162963355,1056810213.8800104,236788474.780789,0.0031978754408155,875529473.5601383,-15.527883360208929,1254978916.3381815,5.3
2023-09-25,25.96386685856458,985594.0320283186,1056977766.8339068,236956035.539617,0.0031497495440505,878939710.9529768,-15.583165838029323,1315105997.2448742,5.55
2023-09-26,26.23106220041729,917931.5128377972,1057146198.3056476,237124467.861953,0.0031001571532027,888616114.3023635,-15.761852323501646,1259130924.3469703,5.31
2023-09-27,26.21752137388909,919226.4652848152,1057316114.1133645,237294383.129887,0.003103909906905,888793821.8888984,-15.75281511430655,1260033174.4197,5.31
2023-09-28,26.203758509186358,930764.7275629804,1057506825.6045364,237470888.064724,0.003106745948022,888988008.2783881,-15.743627728598977,1265719833.384979,5.33
2023-09-29,26.188978748877645,944177.1905947676,1057676825.5965033,237655086.745285,0.0030984320952942,889175761.5614522,-15.733759283676129,1283337468.424539,5.4
2023-09-30,26.18384558812752,950889.3349612344,1057846894.9267569,237825156.123369,0.0030959481116798,889637661.176216,-15.73033133172722,1303281855.5560622,5.48
2023-10-01,26.167132928014396,970522.2941370708,1058016982.181023,237995240.758422,0.0030971178574706,889705655.1973413,-15.71916859625392,1349433015.1002526,5.67
2023-10-02,26.708760466580166,939396.3542789366,1058187807.08605,238166068.285343,0.003027673696923,908773299.1575328,-16.051813159315586,1298005072.1551194,5.45
2023-10-03,26.701289245080524,936956.5169405704,1058361644.9228362,238339904.007435,0.0030184519220852,909182210.3169956,-16.046862968973276,1277501885.4798515,5.36
2023-10-04,26.688709186252677,928978.9064238728,1058535622.8875488,238499370.187224,0.0030146578053239,909361878.079426,-16.038526508609785,1271201643.097904,5.33
2023-10-05,26.702212669870285,893030.6366139589,1058709778.4414538,238688039.51074,0.0029173957067745,910541712.4573704,-16.030476335896694,1248338446.6411705,5.23
2023-10-06,26.687319251077955,898929.7882670244,1058883926.5470858,238862187.515044,0.002881384791116,910697814.2744316,-16.02060484055592,1273135459.4551845,5.33
2023-10-07,26.673809054357672,876002.198113405,1059058111.807516,239036372.851575,0.0028660878480192,910900553.7810676,-16.011648149685687,1259721684.9278002,5.27
2023-10-08,25.53264007469846,868316.5205461027,1059229650.355385,239207911.866872,0.0029771296316137,872555782.8112997,-15.248142325803949,1246273220.8264031,5.21
2023-10-09,25.34277771715669,826173.0967661128,1059395899.1277822,239374160.19828,0.003001067828438,866669314.379328,-15.119764865234352,1189689576.1854515,4.97
2023-10-10,25.328227173175687,813548.8726314048,1059561627.4170104,239526064.531267,0.0030033769961549,866721380.0898654,-15.109910312734064,1178468237.4938335,4.92
2023-10-11,22.851334813668053,801876.2840603625,1059724677.3361926,239702938.434985,0.0033402104749332,782540582.8665122,-13.398381375232338,1157765192.6409776,4.83
2023-10-12,25.20658762234033,788127.6150404831,1059883363.218284,239847912.586537,0.0029620483308509,863717934.5461273,-15.027438674651572,1158465417.7929738,4.83
2023-10-13,24.72646265254898,797381.0023954348,1060045080.9135976,244553316.659268,0.0029175463930609,863888088.9852896,-14.700343304737371,1195865718.4638205,4.89
2023-10-14,24.71496856060264,797608.2382262719,1060206863.6366616,244715087.680632,0.0029119222798225,864057703.5589262,-14.692481841848338,1211339684.0191283,4.95
2023-10-15,24.652891436999017,790261.1492607002,1060368401.5476948,244890140.808474,0.0029137950296526,862503968.8029523,-14.649998708982558,1209757295.5938616,4.94
2023-10-16,24.63800374903001,809427.8393023327,1060583381.6134572,245105130.244811,0.0029068423185687,862739845.7297809,-14.63980387154008,1242683010.3411918,5.07
2023-10-17,24.69892307852087,801159.5039700122,1060746170.505621,245267940.287676,0.0028929987708487,865447523.5564492,-14.674719738355837,1223887022.0355034,4.99
2023-10-18,24.696487529416355,787773.4606349306,1060908799.8449562,245430544.541608,0.0028951703257266,865935887.7093613,-14.673053180507644,1214881195.4809597,4.95
2023-10-19,24.74391684739505,791281.6493622811,1061039418.4831536,245561168.024663,0.0028950490041272,868060662.5835453,-14.705495635379451,1205705335.0010953,4.91
2023-10-20,24.733872186143486,840822.8591734851,1061202710.5011208,245724449.427548,0.0029904157853037,868285244.7143211,-14.698626976626638,1243365714.1033928,5.06
2023-10-21,24.722293933000355,1000955.0275951744,1061366272.0021776,245888013.584516,0.0031763141425869,868456484.2037002,-14.690708256891972,1359760715.1223736,5.53
2023-10-22,24.71058340415981,1149553.4253824537,1061530226.0487812,246051964.039297,0.0035049786691343,868623896.5778679,-14.68269757412508,1503377500.2801049,6.11
2023-10-23,24.70159791334968,1182689.611890202,1061694189.1561252,246202257.503931,0.0035215578794008,868838419.4560208,-14.676549955732677,1506757815.9240575,6.12
2023-10-24,24.68369135015676,1196878.018489448,1061857453.0373654,246365530.202163,0.0035059808075492,868784350.7698373,-14.664296149853897,1542248219.0655403,6.26
2023-10-25,25.17606204741172,1253696.5890344332,1062023079.2593236,246544822.346506,0.0033320636992511,886759040.1820959,-14.999957771718345,1708555618.8612864,6.93
2023-10-26,25.164751543858227,1174252.3355690518,1062190274.7847412,246712023.164914,0.0032023147745789,886961766.7880802,-14.99227674916358,1613496631.4985375,6.54
2023-10-27,25.577835966402876,1161064.3582835037,1062358075.2108858,246879813.173761,0.0030563218623596,902134550.2999775,-15.271907035835351,1622000372.55161,6.57
2023-10-28,25.565367331383783,1162177.274560876,1062528199.8628885,247049937.623595,0.0029423718532894,902316135.7626246,-15.263493540223594,1689821573.3453898,6.84
2023-10-29,25.552789867584696,1141596.9850634406,1062698362.0108732,247220099.81624,0.0029024294113008,902493409.2179232,-15.255004916883683,1663791271.7632954,6.73
2023-10-30,25.54073166540183,1134778.7765737365,1062882754.2015347,247390286.044522,0.0028551232158921,902688511.170105,-15.246865150043543,1699571265.1258662,6.87
2023-10-31,25.553085226332183,1117261.539500408,1063038750.3881236,247560492.873931,0.0028283133870588,903746482.7782592,-15.25520427618704,1727972240.2600384,6.98
2023-11-01,25.538883581817966,1157843.9812440134,1063209106.8184812,247730848.520452,0.0027730231865676,903865763.537809,-15.239776266887938,1756411716.0100043,7.09
2023-11-02,25.531964657277527,1060588.4114844638,1063379600.4281504,247901338.48869,0.0027404887942491,904242768.422351,-15.23510455165078,1651022914.3346753,6.66
2023-11-03,25.803680505880852,1044910.249070365,1063551543.1572,248073285.457068,0.0026577586254405,914499752.6998186,-15.418183181829992,1664571745.416926,6.71
2023-11-04,25.790214389641893,1100998.5340486737,1063724026.3866732,248245768.514827,0.0027032477559252,914658015.8857024,-15.409128514243143,1745167752.659234,7.03
2023-11-05,25.77552792956316,1077080.5911338846,1063896529.9631742,248418267.903558,0.0026906494502598,914772365.609084,-15.399251072442244,1711601865.8555143,6.89
2023-11-06,25.762865479215,1168196.3367321114,1064069058.799724,248590796.374219,0.0026929335103458,914957980.4042315,-15.39073303511358,1837085985.2054784,7.39
2023-11-07,24.180392582150184,1128007.7425435353,1064239098.6788732,248760838.131723,0.0028103467967305,859344490.5736773,-14.312528424640323,1815954118.3615775,7.3
2023-11-08,23.82980398176572,1131163.4737250034,1064400180.4492255,248921918.461116,0.002815339447779,847433342.4613909,-14.069928906881955,1856957511.7199247,7.46
2023-11-09,24.659179105411184,1064538.5700632513,1064560751.548465,249082495.192837,0.0026819803983805,877493201.9705602,-14.64163380538328,1820793039.8596385,7.31
2023-11-10,24.64810698900195,1084737.476917609,1064724784.2031152,249246527.838651,0.0026138238567518,877676813.8197674,-14.634051678467452,1871841424.068269,7.51
2023-11-11,24.295832413302072,1130653.8042254625,1064889052.1712904,249410795.668032,0.0026577123534041,865703092.8592473,-14.392110716809212,1895522047.077043,7.6
2023-11-12,24.28469651613424,1148279.7641550156,1065052274.2223256,249574016.115664,0.0026400996672829,865872578.664575,-14.384440257947128,1959156026.5079625,7.85
2023-11-13,22.19649400127776,1063120.9035140483,1065215679.2855904,274579815.395052,0.0025998387597336,870712799.2585124,-12.92136532584368,2029144835.7694345,7.39
2023-11-14,21.903672033190976,1013685.8676540066,1065378266.7164738,274742402.299151,0.0025919292664264,859734901.1728277,-12.712195767959855,1958913328.3929467,7.13
2023-11-15,21.896177610597835,1078807.5059239103,1065540391.422235,274904526.614816,0.0025628378209281,859947891.990936,-12.706829137890196,2119513900.2002316,7.71
2023-11-16,21.88912528540364,1012128.472751958,1065716040.30595,275066633.934429,0.002529609150679,860177855.6134975,-12.701778483644288,1991482429.685266,7.24
2023-11-17,21.868691514197725,980657.2733620924,1065864633.1340852,275228765.816442,0.0024825739782244,859881408.183796,-12.687141156673889,1987151689.1947112,7.22
2023-11-18,21.86280252166852,941278.820519471,1066026793.5595604,275390928.722885,0.0024226709348204,860156351.6103632,-12.682921782403875,1947013866.0707967,7.07
2023-11-19,21.854266058512728,862945.9784524385,1066188999.1139826,275553133.811412,0.0021926258943236,860326932.1205283,-12.67680481132698,1995004688.794623,7.24
2023-11-20,21.87313631795508,762336.8329582668,1066351324.8028612,275715459.916122,0.0019048353438052,861577038.217046,-12.690325521454993,2001694238.9910457,7.26
2023-11-21,22.11762141064,634241.9270529225,1066515000.113683,275879132.702125,0.0015815901576121,871724415.3518652,-12.865123504011478,1895289641.6635988,6.87
2023-11-22,22.10885822802857,664670.9105816925,1066679380.2109648,276043516.046787,0.0016100489883393,871898244.6113868,-12.85887024077047,2028919842.9438848,7.35
2023-11-23,22.112869255977515,669104.3574464824,1066830095.0696664,276194225.804649,0.0016577448578018,872532537.1358702,-12.861732555849104,1999646194.8256588,7.24
2023-11-24,22.10497714569029,701158.5752049468,1067008340.3521576,276372475.791335,0.0016890623802082,872784042.5038557,-12.839464962943826,2056211219.8875325,7.44
2023-11-25,22.095706985248643,727540.8307245201,1067172900.997312,276537036.22656,0.0017570568850654,872937486.9859954,-12.8328472679902,2043608697.7142785,7.39
2023-11-26,22.087009906750616,740135.327600933,1067337449.575602,276701587.308186,0.0018141540602476,873113120.3591828,-12.82663776568247,2014387555.603594,7.28
2023-11-27,22.078373055010843,730427.5132610565,1067502026.6028154,276866157.311243,0.0018832507720176,873290786.7226092,-12.820470388231142,1926988454.8862512,6.96
2023-11-28,22.074763710145728,746032.336132768,1067666724.8808694,277030860.216103,0.0018791439167761,873667442.9436446,-12.817892779411878,1947526947.3192043,7.03
2023-11-29,22.0685280601617,741678.877086973,1067831493.0932596,277195628.443626,0.001880897254615,873940130.4549032,-12.81343923914122,1948685267.9586904,7.03
2023-11-30,22.81420528684352,735885.4482648252,1067996637.9750547,277360768.945,0.0018170759383922,904008087.4045924,-13.342800095079989,1935978167.2361,6.98
2023-12-01,22.80276941822127,744077.4042520178,1068209639.0852904,277573774.40109,0.0018108342254877,904248848.9061104,-13.33473024162326,1956895109.5276847,7.05
2023-12-02,22.79362376400376,777021.9258351134,1068380188.8898404,277744323.916266,0.001816113179196,904441550.3020222,-13.328275422833968,2033088451.0670676,7.32
2023-12-03,22.783794600242537,761764.8898642871,1068550750.3673908,277914886.005385,0.0018021655896253,904606708.9223976,-13.32133712468876,2045453560.9996336,7.36
2023-12-04,22.774591921517803,783482.1886838566,1068720494.4308718,278084631.251564,0.0018083866065465,904793619.992252,-13.314840048426923,2166279277.449684,7.79
2023-12-05,22.76324836587188,870471.3864731393,1068891005.7080036,278255142.253586,0.0019589787439682,904897469.8835274,-13.30683017618358,2142564595.3526125,7.7
2023-12-06,22.753752831294207,873663.5214168256,1069061594.4284692,278425729.180284,0.0019918492816075,905074522.5196131,-13.300124083923905,2063134653.2259047,7.41
2023-12-07,22.447897484346136,935830.3295154598,1069231170.2619096,278595305.411349,0.0020396088653325,893452363.8793191,-13.083561601648077,2214832678.0202246,7.95
2023-12-08,22.49978505720249,988784.3299603591,1069399704.4147992,278763841.249082,0.0020438710766684,896059291.5594778,-13.120377037917642,2361129735.379725,8.47
2023-12-09,22.48405696310302,986428.561089858,1069568637.1132326,278932773.557338,0.0020271259141737,895975553.3810987,-13.109220884870831,2301195381.8480387,8.25
2023-12-10,22.424941445943773,1005452.6937685008,1069737483.260424,279101621.404638,0.0020852206748541,894160776.7481552,-13.067263802571327,2352826668.441098,8.43
2023-12-11,22.418857801789525,937988.9498615748,1069906094.5439262,279270231.945207,0.002110698096402,894458233.4005041,-13.062943652539882,2175515106.853163,7.79
2023-12-12,22.5918981199562,1088724.366538349,1070075855.301911,279439994.916679,0.0020752675553593,901910044.4047124,-13.185656622332708,2551287153.58928,9.13
2023-12-13,20.733915804875373,1041892.1657603031,1070245875.5735132,304452403.783515,0.0021147017617048,901825842.0800668,-11.849664878705802,2603068052.3490534,8.55
2023-12-14,20.473287527719528,1013597.666830657,1070414482.36122,304621011.657205,0.0021214148858945,890982922.1633852,-11.663235270712224,2564908918.153666,8.42
2023-12-15,20.48313716862162,1012886.610723512,1070582444.4991678,304788968.628691,0.0021304970996154,891903063.527235,-11.670456907129424,2487077984.010119,8.16
2023-12-16,20.476787165710004,1014342.8462566392,1070750543.0851656,304957072.473492,0.0021459728495499,892118332.8315525,-11.665801297787423,2497598423.5578995,8.19
2023-12-17,20.45973559012029,1024274.8751094986,1070918683.3390368,305125213.971823,0.002178156978941,891866911.5554137,-11.653297225294256,2462360476.752612,8.07
2023-12-18,20.46069704051903,994338.464602624,1071114917.2127926,305307398.388916,0.002190509958627,892441364.1119859,-11.654002359621863,2405822299.304658,7.88
2023-12-19,20.454493310226376,1014345.2546316548,1071282738.34617,305475379.203079,0.0022144608727894,892661648.199852,-11.649452303191964,2468241063.9608784,8.08
2023-12-20,20.44989196747021,1027242.65923212,1071450624.6221716,305643104.732668,0.0022279493022384,892950857.5087658,-11.646077197195549,2475709148.3346105,8.1
2023-12-21,20.71852547074768,1129760.825930029,1071619963.5331378,305812272.408134,0.0022475276017695,905181546.230434,-11.838426644096034,2611636806.365464,8.54
2023-12-22,20.719152989894106,1248738.236965628,1071785436.1747422,305991974.750807,0.0023417467234288,905740883.8723414,-11.8388849232828,2833485686.1924725,9.26
2023-12-23,20.717784642102995,1340829.9203677387,1071953639.5450332,306145954.137016,0.0025438956516313,906136817.5595846,-11.8378856084972,2837972994.850138,9.27
2023-12-24,20.70760964260815,1625085.3019600012,1072120593.3212144,306312869.914094,0.0029745695539792,906185590.0640098,-11.830454018458658,2873214719.794202,9.38
2023-12-25,20.700375831592197,2285989.8399684383,1072290908.8151472,306483203.458028,0.0037622798525385,906372764.2402288,-11.825169844083884,3196619812.067232,10.43
2023-12-26,20.70061125066748,2513075.792056458,1072461314.4753152,306653582.989043,0.0040673779207637,906886946.81105,-11.825341823635316,3299592552.9621024,10.76
2023-12-27,20.69958945140912,2483645.41663653,1072631880.6694074,306824139.175946,0.0041670955526425,907346554.3306558,-11.82459536873236,3105060288.460573,10.12
2023-12-28,20.69251420766859,2397067.736896975,1072802461.664827,306994732.201387,0.0042895983580573,907540726.5529376,-11.81942634492188,2971709007.709426,9.68
2023-12-29,20.685526317144724,2427974.691565169,1072972905.5673112,307165177.537491,0.0043214085994856,907737950.7546208,-11.814320544633826,2970287266.787538,9.67
2023-12-30,20.675913927858897,2454046.4671580764,1073143468.4404472,307335735.668909,0.0044506066751621,907819933.6663138,-11.80729615134134,2901249344.714501,9.44
2023-12-31,20.666248014391385,2512926.1171079064,1073314136.182052,307506397.796075,0.0044951525663589,907899403.7819712,-11.80023151596985,2893635203.261065,9.41
2024-01-01,20.65924242747228,2654784.0664438307,1073485032.9579736,307677287.936274,0.0045944147277098,908096012.5455308,-11.79511055605058,3064465787.845289,9.96
2024-01-02,20.65170190893053,2716559.397343493,1073655974.752046,307848227.975187,0.0046027942536188,908268899.9888352,-11.789597906052265,3146208889.906411,10.22
2024-01-03,20.64267807449,2494243.204888203,1073826879.4264998,308019130.222954,0.0046435834940461,908376034.7228616,-11.782999941906125,2772172172.0065856,9.0
2024-01-04,20.63701109802526,2844828.0648696804,1073997835.7704306,308190083.451483,0.0045313553358188,908630678.7954508,-11.778855909667874,3180521661.2193046,10.32
2024-01-05,20.64122287724096,2498403.114326713,1074168885.6410213,308361122.274029,0.0045187920252972,909320493.2476012,-11.781935851765624,2966433996.276159,9.62
2024-01-06,20.56898614491148,2402126.9353864538,1074339895.6536891,308532172.190497,0.0045348689972093,906640844.7711128,-11.72908159056414,2795301480.0459027,9.06
2024-01-07,20.54321162294703,2323227.4747805013,1074510412.4531884,308702699.900928,0.0045752254637069,906005232.3320976,-11.710207522960214,2596189706.166805,8.41
2024-01-08,20.5331887408699,2350669.198134514,1074680922.5341513,308873209.585889,0.0045973374095522,906063380.2619668,-11.70286582572434,2714995512.259964,8.79
2024-01-09,20.56161396892581,2166464.389391503,1074851349.371629,309043635.327812,0.0045359124752031,907818320.9519,-11.713438252880104,2546519555.101171,8.24
2024-01-10,20.57579977663867,2381244.801518155,1075022155.1615589,309214405.495083,0.0046493444355226,908946625.1903569,-11.723825214367356,2761284641.0710907,8.93
2024-01-11,20.81714113283998,2537694.571902606,1075193570.938714,309385639.642734,0.0045903800275136,920117257.5248123,-11.90016353476847,2929882007.416692,9.47
2024-01-12,20.806109414818355,2488444.583723208,1075366830.385186,309558879.140608,0.0046505342256024,920144599.4698644,-11.886019376228472,2792221089.848284,9.02
2024-01-13,19.02856539215075,2762936.5980957164,1075538781.065231,334573390.251518,0.0047071165289112,909534929.3031168,-10.570146341421973,3349079636.417695,10.01
2024-01-14,19.026607176576658,2742008.333844264,1075710169.8836567,334744777.636114,0.0047647503780137,909907196.9443228,-10.568675049108611,3250371790.846668,9.71
2024-01-15,19.022618399856803,2654547.3875400345,1075881568.709649,334930486.490306,0.0047218865632949,910221132.3125844,-10.565677958372545,3181839621.657907,9.5
2024-01-16,19.024573995290403,2638743.6850946,1076053127.9207551,335102045.796813,0.0047655062846655,910780991.1019708,-10.567147380576058,3149959230.490042,9.4
2024-01-17,19.03079175737081,2610368.836610737,1076224769.1975946,335259364.199573,0.0047205140256186,911506378.5492148,-10.554486868388713,3124617274.34002,9.32
2024-01-18,19.03153396608962,2566265.7110887105,1076324938.940973,335373859.317607,0.0047349035370434,911853230.240248,-10.555044596559505,2927813791.842709,8.73
2024-01-19,19.03153396608962,2566265.7110887105,1076324938.940973,335373859.317607,0.0047349035370434,911853230.240248,-10.555044596559505,2867446497.16554,8.55
2024-01-20,19.03153396608962,2566265.7110887105,1076324938.940973,335373859.317607,0.0047349035370434,911853230.240248,-10.555044596559505,2860739019.9791875,8.53
2024-01-21,19.03153396608962,2566265.7110887105,1076324938.940973,335373859.317607,0.0047349035370434,911853230.240248,-10.555044596559505,2833909111.233779,8.45
2024-01-22,19.03153396608962,2566265.7110887105,1076324938.940973,335373859.317607,0.0047349035370434,911853230.240248,-10.555044596559505,2693052090.320384,8.03
2024-01-23,19.03153396608962,2566265.7110887105,1076324938.940973,335373859.317607,0.0047349035370434,911853230.240248,-10.555044596559505,2924460053.249533,8.72
2024-01-24,18.882185855369045,1743753.634622515,1077428511.6508586,336463149.079179,0.003515334628774,907635996.1695092,-10.442677592143534,2883489187.608564,8.57
2024-01-25,18.877384249644624,1627846.94959718,1077599302.606232,336633938.221488,0.0032970718211012,907865790.8661168,-10.44655426860357,2807527044.76721,8.34
2024-01-26,18.872354297550743,1643071.1518604455,1077784577.345312,336819208.87785,0.0032161916934893,908123408.5572984,-10.442764913672963,2930327117.2372947,8.7
2024-01-27,19.07856707962465,1708509.3483162578,1077956440.584863,336990909.674238,0.0031033594907944,918514205.2882549,-10.597854507500958,3073357096.2290506,9.12
2024-01-28,19.073576796520545,1614725.4374622756,1078129437.571019,337163900.77974,0.0030782213981351,918745341.5052524,-10.594107731531643,2997387077.9318886,8.89
2024-01-29,19.079157589089338,1642905.6224981963,1078302444.5469975,337336913.440357,0.0030069649741446,919485743.7935802,-10.598297849678929,3116993080.188899,9.24
2024-01-30,19.07945310108237,1634142.726226999,1078475607.0354807,337510062.439847,0.0029572022804378,919971948.3474014,-10.598519712263066,3051090964.4562163,9.04
2024-01-31,19.074814642212868,1543375.642421326,1078648870.7944417,337683309.973543,0.0029374879738278,920220408.0693774,-10.595037153080156,2985120460.16612,8.84
2024-02-01,19.073878611188373,1617030.042651172,1078822212.4286492,337856650.966594,0.0029720228928623,920647599.5780736,-10.594334347225953,3108281188.8926644,9.2
2024-02-02,19.122238761859727,1647025.4477876246,1079010258.432183,338059178.389639,0.0029882953080313,923535100.4438784,-10.630630436913158,3177756276.862607,9.4
2024-02-03,19.12820602239448,1657939.6783602268,1079212455.524882,338261378.481361,0.0030021126217041,924375855.1479976,-10.63510704518096,3095091613.104453,9.15
2024-02-04,19.125172166047268,1590697.5658100832,1079386656.7486403,338435582.961928,0.0029892014460633,924705220.906368,-10.63283111774448,2988386197.5538244,8.83
2024-02-05,18.891883961167977,1543318.2840757116,1079560777.497817,338609701.900097,0.0030191840292346,913895638.6882812,-10.457475948753348,2932360018.45484,8.66
2024-02-06,18.627788071892383,1540358.8650613013,1079731180.74955,338780100.469387,0.0030723184083388,901573460.1674747,-10.258131318783814,2916896665.041422,8.61
2024-02-07,18.57598263214765,1581213.1881347515,1079900765.3574388,338949687.60799,0.0030822604447355,899516164.9118562,-10.21892340443773,2979367754.074232,8.79
2024-02-08,18.570978519615096,1566447.650543803,1080069828.5672555,339118750.228186,0.0030701629185934,899722390.9566067,-10.215134327075049,2977462627.003473,8.78
2024-02-09,18.400216607245643,1597266.3234015852,1080238503.510094,339287425.910803,0.0030537074534602,891892759.7631752,-10.085642711236195,3090908450.0474157,9.11
2024-02-10,18.35172614615456,1566828.228254534,1080406195.177503,339455115.328306,0.0029855061851757,889981984.230758,-10.048803462789092,3082252447.181019,9.08
2024-02-11,18.337688992256897,1533444.86597917,1080573858.8783834,339622780.581944,0.002964905687219,889740488.7763685,-10.038133499569234,3063397480.8491344,9.02
2024-02-12,18.11033285574824,1527203.5142498703,1080740412.9545305,339789330.502984,0.0029827774353202,879140137.0521452,-9.407013414582456,3112738064.009596,9.16
2024-02-13,16.890702885333635,,1080906036.3695242,364797348.745748,,880281011.6439443,-8.461772100931263,3354620148.1437883,9.2
2024-02-14,16.899877366303162,,1081071936.898075,364963247.441298,,881159694.0553112,-8.46895616090434,3448006744.5159864,9.45
2024-02-15,16.879979663902066,,1081238019.0413258,365129333.604331,,880522750.6087027,-8.453373873193403,3736346040.490593,10.23
2024-02-16,16.947852770273638,,1081404267.9516826,365295578.013597,,884465781.684022,-8.506504852051721,3577590578.458904,9.79
2024-02-17,16.95719425234337,,1081571069.2278123,365462379.574578,,885357378.206507,-8.513812524314934,3549384939.891965,9.71
2024-02-18,16.959263078587476,,1081738052.076255,365629361.984162,,885869969.8965428,-8.515430771734101,3541026229.883791,9.68
2024-02-19,16.95845667693345,,1081905105.5734696,365796415.924088,,886232576.9879951,-8.514800006674095,3690029705.827641,10.09
2024-02-20,16.95537813620664,,1082072126.1721702,365963436.605368,,886476271.0041381,-8.512391900962601,3534631002.2590523,9.66
2024-02-21,16.953779391567405,,1082239120.7572153,366130431.705646,,886797159.480316,-8.511141275939915,3384302813.4264817,9.24
2024-02-22,16.799680985619528,,1082405114.8241837,366296425.421326,,879135167.8250127,-8.39043643177938,3384242436.5561914,9.24
2024-02-23,16.795747020674153,,1082570653.8399022,366461964.27159,,879326512.5345699,-8.387350798775339,3342136688.3224688,9.14
2024-02-24,16.79159030152002,,1082736269.7787204,366627579.936485,,879506188.0748281,-8.384090221085527,3467107325.1537247,9.46
2024-02-25,16.787863588042303,,1082901949.6451316,366793259.729418,,879708353.6343869,-8.38116674740207,3529650391.0408955,9.64
2024-02-26,16.86215835827429,,1083068039.0699637,366959349.66164,,884001616.2234781,-8.43941314864135,3720536552.667872,10.14
2024-02-27,16.85841510951358,,1083234757.6412442,367126067.719912,,884206908.8243296,-8.436480248576428,3659855001.024015,9.95
2024-02-28,16.8413137589811,,1083400019.6300075,367291329.768119,,883707582.774277,-8.423078654594985,4498909221.939369,12.22
2024-02-29,16.826430434582846,,1083565954.5350013,367457264.677798,,883325504.6565088,-8.411412039234856,4343547209.84958,11.81
2024-03-01,16.823457703306815,,1083732523.9782865,367623837.783876,,883569799.3085344,-8.409081443434063,4358158730.898863,11.88
2024-03-02,16.819174483796683,,1083899151.983583,367790461.756168,,883745216.530409,-8.40572322753289,,
2024-03-03,16.807510810316245,,1084065764.3078208,367957074.017704,,883532428.1038203,-8.396577191207488,,
2024-03-04,16.813311361842786,,1084232421.4600492,368123731.452534,,884237663.0174776,-8.401125905457729,,
2024-03-05,16.809428626815272,,1084399119.451091,368290437.884007,,884433802.4620216,-8.398081167022585,,
2024-03-06,16.101841208133774,,1084564044.9079535,368455359.643688,,847583230.7241107,-7.839809527065533,,
2024-03-07,16.22133277868705,,1084722705.3188252,368614019.607824,,854240820.6417469,-7.934562922494837,,
2024-03-08,16.213791339956,,1084883236.7756274,368774547.071714,,854215516.4434068,-7.928588538172954,,
2024-03-09,16.212697517828516,,1085044169.045825,368935479.932015,,854530642.6570835,-7.927721939691756,,
2024-03-10,16.13400909924411,,1085204424.7232208,369095735.533229,,850752556.8440884,-7.865336924206434,,
2024-03-11,16.131224167291155,,1085351338.2828376,369242649.04354,,850944278.2719088,-7.863127451525731,,
2024-03-12,16.121185466076167,,1085524982.433941,369416294.436391,,850814651.3024826,-7.855162199270637,,
2024-03-13,15.0352213972604,,1085685072.3048148,394418777.037327,,847206633.7898542,-6.985289635346192,,
2024-03-14,15.150407408692235,,1085844614.7274828,394578326.913692,,854042487.0090575,-7.078333105469303,,
2024-03-15,15.154897775345177,,1086005038.2202284,394738742.996725,,854642927.5866146,-7.081956506318232,,
2024-03-16,15.152905918411808,,1086165916.0022807,394899620.554942,,854878866.9258157,-7.080349256829466,,
2024-03-17,15.162122644085308,,1086326860.591171,395060564.388754,,855747468.5412456,-7.0877858593417775,,
2024-03-18,15.171205846767204,,1086487785.9821594,395221491.386023,,856608918.422202,-7.095113563054333,,
2024-03-19,15.21123243367368,,1086648825.2271135,395382539.932132,,859218911.9447957,-7.127390498492414,,
2024-03-20,15.2818433819463,,1086810822.697923,395544529.427899,,863561087.9961624,-7.184275631771609,,
2024-03-21,15.283699517732602,,1086972988.9288893,395706705.135665,,864020084.7018276,-7.185770019861637,,
2024-03-22,15.363567060293654,,1087135492.2605722,395869198.061588,,868891822.098656,-7.250026393447362,,
2024-03-23,15.364470902652846,,1087298976.1924045,396032681.326175,,869301789.1302426,-7.250753058722248,,
2024-03-24,15.36658614088077,,1087462448.1547472,396196152.627217,,869780339.6144332,-7.252453609629617,,
2024-03-25,15.368229915986513,,1087626028.7825038,396359734.994201,,870232535.9581344,-7.253775083556935,,
2024-03-26,15.366378739003686,,1087789821.6776526,396523525.128224,,870487280.4213475,-7.252286871144564,,
2024-03-27,15.403358226760805,,1087953848.5145962,396687552.182959,,872943079.7203802,-7.282006655515216,,
2024-03-28,15.40584407991763,,1088118382.0199192,396852085.108307,,873446085.0868815,-7.284003810150564,,
2024-03-29,15.22372828953378,,1088281581.1895585,397015285.092042,,863475838.036127,-7.137462406066575,,
2024-03-30,15.216847153106292,,1088444317.777489,397178022.107047,,863439326.0627142,-7.131916343958689,,
2024-03-31,15.21445879402403,,1088607055.023119,397340759.120888,,863657529.2221981,-7.129991218124876,,
2024-04-01,15.224707314796088,,1088769861.2105246,397503564.922394,,864593404.5153922,-7.138251427556364,,
2024-04-02,15.217879661355273,,1088932761.449895,397666465.287771,,864559828.9101031,-7.132748567765635,,
2024-04-03,15.241125823834004,,1089095688.4888785,397829392.286509,,866235250.2869562,-7.1514815261632165,,
2024-04-04,15.416121413712128,,1089258909.453709,397992613.55526,,876540671.203518,-7.292259790591271,,
2024-04-05,15.315983743874725,,1089421843.479941,398155546.89602,,871203487.3308444,-7.211754584122387,,
2024-04-06,15.303707964177711,,1089584100.0151956,398317803.20287,,870859964.8654602,-7.2018759073711465,,
2024-04-07,15.29865129254625,,1089746330.2227082,398480033.303116,,870926787.853182,-7.197806045006827,,
2024-04-08,15.295785058729688,,1089909696.9130456,398643399.979871,,871120608.8584806,-7.195498998080263,,
2024-04-09,15.311943053906113,,1090073898.4845848,398807601.817025,,872400028.7566297,-7.208503155670765,,
2024-04-10,15.311264614755112,,1090238352.123339,398972055.282682,,872721104.07448,-7.207957212613525,,
2024-04-11,15.30928698323916,,1090402820.578971,399136524.52394,,872968099.308236,-7.206365766919543,,
2024-04-12,15.310496159109356,,1090567340.07557,399301044.029999,,873396904.9647223,-7.207338825115972,,
2024-04-13,14.244477395818162,,1090823438.9493935,424399533.93851,,863661095.2650776,-6.341487624576714,,
2024-04-14,14.241749852553529,,1090986544.1373973,424562638.543469,,863827578.1937666,-6.339251509978205,,
2024-04-15,14.233575286284978,,1091149414.1028962,424725508.579279,,863662943.1195047,-6.33254913728808,,
2024-04-16,14.225989364986516,,1091325591.472344,424888094.866591,,863533082.3620033,-6.326328539730353,,
2024-04-17,14.238499185314057,,1091488548.9493225,425051034.358891,,864623887.9039819,-6.336586384570286,,
2024-04-18,14.23875049254054,,1091651607.9165988,425214088.504399,,864970833.2479275,-6.336792429302007,,
2024-04-19,14.257679097671208,,1091801172.3605237,425377267.390438,,866453081.6842061,-6.352309232070807,,
2024-04-20,14.24918285069118,,1091964556.8608892,425540652.055147,,866269357.1813078,-6.345345034253191,,
2024-04-21,14.248843891607388,,1092127992.5006585,425704087.620516,,866581446.8213948,-6.345067175021013,,
2024-04-22,14.248473129611147,,1092291505.6244051,425867603.061035,,866891748.3042877,-6.344763243695716,,
2024-04-23,14.250234613353552,,1092454967.1226346,426031065.881518,,867331703.1710196,-6.3462071985155415,,
2024-04-24,14.301101631479373,,1092618660.9327416,426194756.25236,,870762129.9106299,-6.387885617253319,,
2024-04-25,14.367348631868213,,1092783403.8431802,426359498.987589,,875133908.2259717,-6.44211020016181,,
2024-04-26,14.369030088865967,,1092962295.4136353,426524614.80191,,875575279.8529606,-6.443485691134998,,
2024-04-27,14.367042344250978,,1093113727.3751252,426689822.423415,,875793250.2921041,-6.441859641761827,,
2024-04-28,14.359062059707128,,1093278897.5346415,426854992.656512,,875645612.5625612,-6.435330901773884,,
2024-04-29,14.355242536751392,,1093457646.2830715,427019969.054815,,875751030.8071235,-6.4322057944894535,,
2024-04-30,14.355942152537876,,1093608919.0517228,427185014.148466,,876132209.4454134,-6.43277823090771,,
