date,inflationrate,totalsupply,circulatingsupply,stakedtokens,realrewardrate,rewardrate1,marketcap,price
2022-01-01,4.5,1060644044.6672094,,423614520.9014661,5.82875990549383,10.591054101241031,9039063777.0,15.01
2022-01-02,4.5,1060814243.2141644,,424661669.8040259,5.805390959734136,10.56663355292216,8664308965.0,14.4
2022-01-03,4.5,1060899578.0499794,,423389429.25387126,5.83659113396886,10.599237734997455,9529714105.0,15.89
2022-01-04,4.5,1061070978.3991804,,425069111.8999936,5.798143499978514,10.559059957477537,9910727527.0,16.54
2022-01-05,4.5,1061155925.812299,,418043593.62106925,5.9687770088965975,10.737371974296943,10268025330.0,17.06
2022-01-06,4.5,1061324663.0904204,,421744904.11963904,5.880221269099484,10.644831226208954,9563031731.0,15.83
2022-01-07,4.5,1061496196.9072688,,418943062.92088574,5.950004340594828,10.717754535921584,9303755272.0,15.38
2022-01-08,4.5,1061581302.8025054,,405123962.6929416,6.300702650619061,11.084234269896903,8625746999.0,14.3
2022-01-09,4.5,1061757736.4802724,,391115519.3180136,6.682432972799646,11.483142456575626,8366714458.0,13.82
2022-01-10,4.5,1061925959.3957328,,385973580.0285255,6.830588003395066,11.63796446354783,9180178402.0,15.14
2022-01-11,4.5,1062009400.872722,,378692819.0363201,7.04559655971051,11.862648404897474,10951853451.0,18.08
2022-01-12,4.5,1062179481.4785074,,378650500.0388244,7.048683463733241,11.865874219601231,10726739955.0,17.63
2022-01-13,4.5,1062349751.57315,,377515335.3124416,7.084652633699862,11.903462002216347,12021058252.0,19.74
2022-01-14,4.5,1062438457.2156177,,374461452.43304354,7.178508644352832,12.001541533348693,12215978001.0,19.91
2022-01-15,4.5,1062624329.7697164,,372504438.6698684,7.240865366699101,12.06670430820055,11858772402.0,19.31
2022-01-16,4.5,1062717322.2887224,,372504438.6698684,7.785410889389088,12.06670430820055,12566384042.0,20.47
2022-01-17,4.5,1062797779.0377468,,372504438.6698684,8.080777790620308,12.06670430820055,10834381258.0,17.63
2022-01-18,4.5,1062987995.0800236,,372504438.6698684,8.947880131317842,12.06670430820055,10904440815.0,17.73
2022-01-19,4.5,1063169121.1235728,,376113364.0636994,7.135930680134139,11.957047560740168,10079573625.0,16.33
2022-01-20,4.5,1063258816.2510875,,377499986.8967162,7.094863459176737,11.914132314839684,9791417444.0,15.83
2022-01-21,4.5,1063438732.9845388,,376182695.2345623,7.136722980884125,11.957875515023902,7812619443.0,12.81
2022-01-22,4.5,1063526600.7634556,,361010793.243125,7.618611305041312,11.957868393305857,7256066154.0,11.71
2022-01-23,4.5,1063705765.0031544,,377922988.7202436,7.086889615015335,11.905799647691016,6862772477.0,11.1
2022-01-24,4.5,1063794275.3561164,,383278772.0036774,6.928621652849509,11.740409627227733,6601542595.0,10.67
2022-01-25,4.5,1063973524.4870448,,384021896.1360868,6.908770417647214,11.719665086441331,7346198387.0,11.81
2022-01-26,4.5,1064152043.1222388,,382917903.08863467,6.942991558916778,11.755426179068015,7471411371.0,11.74
2022-01-27,4.5,1064240909.6291096,,383105017.629859,6.938436220343469,11.75066585025893,6277389511.0,10.04
2022-01-28,4.5,1064421194.925757,,380479458.6614533,7.01794977837098,11.833757518397668,6706461171.0,10.77
2022-01-29,4.5,1064510844.1220386,,380576116.9979858,7.016027195293373,11.831748419081558,6917602218.0,11.02
2022-01-30,4.5,1064690202.8122326,,381122707.963138,7.001694222068555,11.816770462061635,6529894348.0,10.4
2022-01-31,4.5,1064870468.7206914,,381514561.93387145,6.991992463100982,11.806632123940505,6900043391.0,10.99
2022-02-01,4.5,1064958717.8105346,,381330463.6898817,6.998383769677385,11.813311039312875,7090402051.0,11.28
2022-02-02,4.5,1065138473.6511782,,382770448.79726994,6.957756712022656,11.77085576406366,7107948329.0,11.23
2022-02-03,4.5,1065317538.8248932,,382861692.69636136,6.956965458255371,11.770028903876854,6847975902.0,10.87
2022-02-04,4.5,1065406815.4802744,,383127944.91302216,6.9500814135804445,11.762835077191552,7960757414.0,12.62
2022-02-05,4.5,1065588096.6687124,,383647161.3622692,6.936760167083822,11.748914374602602,8184992396.0,12.95
2022-02-06,4.5,1065675866.3792194,,384583900.3610705,6.910299205721904,11.721262669979383,8257559519.0,13.05
2022-02-07,4.5,1065856857.417064,,383898333.0508051,6.932238094888876,11.74418880915887,8603953471.0,13.59
2022-02-08,4.5,1066037049.9338188,,387531710.430934,6.828751936259314,11.63604577339096,8056483596.0,12.71
2022-02-09,4.5,1066126820.5193794,,387978990.39553833,6.816851620956443,11.623609943899485,8234443370.0,12.97
2022-02-10,4.5,1066306473.511358,,386764354.1337684,6.853663943245159,11.662078820691198,7608961174.0,12.05
2022-02-11,4.5,1066395149.7751808,,387262260.8002292,6.840242463159685,11.64805337400186,6841212498.0,10.81
2022-02-12,4.5,1066573739.4566996,,387977583.3098798,6.821554754927339,11.62852471889905,6744612186.0,10.68
2022-02-13,4.5,1066751621.018154,,388698974.12568176,6.802755021086404,11.60887899703528,6614304696.0,10.42
2022-02-14,4.5,1066841023.6983178,,388843917.1832784,6.7995447858251845,11.605524301187318,6609092829.0,10.42
2022-02-15,4.5,1067021285.3915948,,389398138.02698505,6.785612067311031,11.590964610340007,7157036001.0,11.25
2022-02-16,4.5,1067110647.327712,,389656625.9364623,6.779182352254831,11.590964610340007,7157563546.0,11.24
2022-02-17,4.5,1067297467.0630524,,389892837.8218388,6.774405947174822,11.590964610340007,6773138250.0,10.62
2022-02-18,4.5,1067487434.3181624,,390456026.5862913,6.7603927796198615,11.590964610340007,6560395239.0,10.25
2022-02-19,4.5,1067583545.0759492,,380492357.0121394,7.051208386260655,11.590964610340007,6315374156.0,9.9
2022-02-20,4.5,1067676782.3466228,,388800255.5372707,6.809493130676469,11.590964610340007,5959737204.0,9.36
2022-02-21,4.5,1067858605.8842182,,390542009.37124974,7.935713473118477,11.590964610340007,5625476174.0,8.82
2022-02-22,4.5,1068045216.555406,,388955187.059178,6.808899722724271,11.590964610340007,5564694824.0,8.71
2022-02-23,4.5,1068135189.7988997,,391391792.0356417,6.740633195695245,11.543961689501504,5609909015.0,8.77
2022-02-24,4.5,1068319446.3910612,,390857643.5507939,6.757638114311804,11.561731829455828,5442292623.0,8.49
2022-02-25,4.5,1068410267.8687238,,391212219.5477296,6.7485500875586135,11.55223484149875,5621224675.0,8.77
2022-02-26,4.5,1068591962.2673134,,391194849.23766464,6.750921018297529,11.554712464120923,5930701582.0,9.25
2022-02-27,4.5,1068772132.0358752,,393400163.1464825,6.690790978520766,11.491876572554194,5452526700.0,8.49
2022-02-28,4.5,1068861708.712631,,393539743.95019895,6.687811917360209,11.488763453641392,5916657883.0,9.2
2022-03-01,4.5,1069041839.8044622,,416779817.8756162,6.0765227840702485,10.8499663093534,7367657758.0,11.48
2022-03-02,4.5,1069133501.7903425,,417019333.601818,6.071449166726772,10.844664379229458,7272261423.0,11.3
2022-03-03,4.5,1069315554.8020571,,416633239.8466216,6.082834902571532,10.856562473187246,7146515753.0,11.09
2022-03-04,4.5,1069497956.3809584,,417939552.3689308,6.052129459878608,10.82447528557314,6844425208.0,10.61
2022-03-05,4.5,1069589148.8392708,,419368757.67741495,6.017708500296481,10.788505382809824,6689966327.0,10.39
2022-03-06,4.5,1069772268.8153036,,419375005.8136021,6.019322178518838,10.790191676552178,6806616937.0,10.55
2022-03-07,4.5,1069863562.4425222,,419449673.315454,6.018365115377833,10.789191545569825,6275393381.0,9.75
2022-03-08,4.5,1070046536.3371226,,416014074.24319845,6.105409732194356,10.880153170143092,6224637838.0,9.66
2022-03-09,4.5,1070231776.947852,,418444423.95186967,6.046730312698045,10.818833176769466,7393197235.0,11.4
2022-03-10,4.5,1070324112.4470342,,417346216.98587096,6.074868682576251,10.84823777329219,7193981122.0,11.15
2022-03-11,4.5,1070508194.9426352,,419868269.85999554,6.014286545610803,10.784929440163282,6693976854.0,10.37
2022-03-12,4.5,1070599342.9616396,,419711685.5251239,6.019015941912298,10.78987165929835,6685951602.0,10.34
2022-03-13,4.5,1070783754.5387188,,421325280.8894804,5.981243978300754,10.750399957324277,6526433486.0,10.07
2022-03-14,4.5,1070875550.1592196,,421573015.1552005,5.976080026470987,10.74500362766218,6444990550.0,9.95
2022-03-15,4.5,1071065904.8731848,,417791400.6531842,6.070993952247905,10.844188680099046,6682726614.0,10.22
2022-03-16,4.5,1071156825.931796,,422395148.5131479,5.9587624490919255,10.726906759301068,7010504943.0,10.59
2022-03-17,4.5,1071349954.0116092,,419971242.0119506,6.019869277986634,10.790763395496018,7091247533.0,10.82
2022-03-18,4.5,1071448413.0644356,,424295851.5740936,5.915560556819544,10.681760781876422,7474233641.0,11.4
2022-03-19,4.5,1071640870.3795456,,426328882.8578975,5.868643345945501,10.632732296513042,7420960068.0,11.28
2022-03-20,4.5,1071737542.990794,,426558109.69611216,5.8640928854000185,10.627977065243002,7010940399.0,10.67
2022-03-21,4.5,1071932365.2547802,,426477099.8748922,5.867873876066554,10.63192820048954,7166888354.0,10.89
2022-03-22,4.5,1072026980.5492526,,415567234.21052384,6.1358954560748025,10.912010751598164,7380699555.0,11.19
2022-03-23,4.5,1072218320.5163409,,426686446.4393346,5.86559489928864,10.629546669756614,8094903734.0,12.23
2022-03-24,4.5,1072405223.1485336,,427564011.80569386,5.846486931610628,10.609578843533116,8595165535.0,13.06
2022-03-25,4.5,1072499565.5767344,,427550087.5393975,5.847710771155334,10.61085775585732,8119773246.0,12.26
2022-03-26,4.5,1072682290.2441888,,428784408.3006727,5.820206118520677,10.58211539385409,8398472004.0,12.74
2022-03-27,4.5,1072772112.0041208,,427828524.8391998,5.843681103208631,10.606646752853008,8577206566.0,12.98
2022-03-28,4.5,1072955008.7109222,,427895661.2330353,5.84381877719522,10.606790622168994,8548183033.0,12.92
2022-03-29,4.5,1073047638.0476592,,431310366.61390257,5.764329746472874,10.523724585064144,9298599017.0,13.98
2022-03-30,4.5,1073235210.4131898,,420910310.6368743,6.0149616355677615,10.785634909168303,9222302094.0,13.91
2022-03-31,4.5,1073419107.7988948,,421467057.6467936,5.862401472844492,10.62620953912247,8864975746.0,13.36
2022-04-01,4.5,1073509175.7793512,,425044843.710661,5.777339954413918,10.537320252362546,9512474275.0,14.44
2022-04-02,4.5,1073691673.3768204,,431037400.8023017,5.641318801620909,10.395178147693844,10025919115.0,15.2
2022-04-03,4.5,1073786569.740712,,431213810.55195487,5.631275549660608,10.384682949395312,10804556621.0,16.42
2022-04-04,4.5,1073973122.7054622,,423156461.662432,5.826716284579048,10.588918517385098,11385963720.0,17.15
2022-04-05,4.5,1074155074.6400108,,433432466.89250326,5.595169205650019,10.34695181990426,10804172177.0,16.35
2022-04-06,4.5,1074246133.374311,,433443408.1729378,5.589053240541397,10.340560636365757,10688602807.0,16.09
2022-04-07,4.5,1074428978.755833,,437547430.5167659,5.504551544756753,10.252256364270798,10836244447.0,16.32
2022-04-08,4.5,1074520664.2588074,,437758460.984388,5.500658851016116,10.24818849931185,11637200985.0,17.54
2022-04-09,4.5,1074703195.268522,,438588770.31237495,5.4771263051489605,10.223596988880647,11117700357.0,16.83
2022-04-10,4.5,1074883836.455448,,450405649.29032034,5.228507604583244,9.963790446789483,10962015903.0,16.47
2022-04-11,4.5,1074974356.2112136,,450583771.0253376,5.225541035979653,9.960690382598717,10355579291.0,15.49
2022-04-12,4.5,1075155539.7979963,,450969873.5054295,5.218985494228168,9.953839841468415,10676219057.0,16.02
2022-04-13,4.5,1075245810.628151,,450322571.3100188,5.227018054150623,9.962233866587384,11177829363.0,16.76
2022-04-14,4.5,1075426283.087427,,449842367.571179,5.236716766840299,9.9723690213481,10926298479.0,16.38
2022-04-15,4.5,1075606577.6151383,,449682220.6243805,5.2396349239618,9.975418495540064,10698281797.0,15.9
2022-04-16,4.5,1075695995.1209664,,449961077.2692313,5.234512098962108,9.97006514341538,10771177919.0,16.01
2022-04-17,4.5,1075883153.709332,,450642543.1455603,5.228242802580674,9.963513728696784,10932057901.0,16.24
2022-04-18,4.5,1075978019.7396278,,449795432.67729336,5.240527929361827,9.97635168618309,10970869713.0,16.29
2022-04-19,4.5,1076160326.3756096,,447395148.3001291,5.293372649531269,10.031574418760169,11472368188.0,17.02
2022-04-20,4.5,1076340950.8834877,,450360794.2489615,5.2382671608318,9.97398918306923,11299669806.0,16.72
2022-04-21,4.5,1076430175.372944,,450112961.4009696,5.24431400593437,9.98030813620142,10424917055.0,15.41
2022-04-22,4.5,1076613360.8388789,,449893981.48376274,5.24431400593437,9.99655698452277,10399224826.0,15.37
2022-04-23,4.5,1076703846.5810397,,449527830.9676633,5.24431400593437,9.99229051942588,10621953687.0,15.66
2022-04-24,4.5,1076887235.2211633,,447787796.6528029,5.301088818478927,10.039637815310478,10313663652.0,15.24
2022-04-25,4.5,1077072173.383213,,449410345.7771281,5.268046577757457,10.00510867375652,9720623239.0,14.31
2022-04-26,4.5,1077162202.3511772,,446152273.2965766,5.338769762661055,10.07901440198081,8958899220.0,13.19
2022-04-27,4.5,1077349230.3159213,,451857861.9657868,5.218636430779355,9.953475070164414,8646323388.0,12.73
2022-04-28,4.5,1077442893.558422,,451946477.75228894,5.211136397689264,9.945637535585288,8464686406.0,12.41
2022-04-29,4.5,1077631001.0717895,,450938271.5054605,5.24055652113895,9.976381564590204,7627148629.0,11.31
2022-04-30,4.5,1077722844.506014,,450920371.2238905,5.241749178559685,9.977627891594857,7212370519.0,10.72
2022-05-01,4.5,1077911579.1958027,,449952846.7652474,5.2550501869501165,9.991527445362866,7924709610.0,11.74
2022-05-02,4.5,1078006703.3309858,,449520054.9547665,5.26510022887674,10.002029739176198,8033535078.0,11.89
2022-05-03,4.5,1078198948.5884705,,457284289.89375407,5.118108280932021,9.848423153573956,7842071237.0,11.59
2022-05-04,4.5,1078381539.7521937,,452670196.4664829,5.200405988819767,9.934424258316657,8679528708.0,12.84
2022-05-05,4.5,1078473452.13686,,452511715.3353865,5.2111749774993,9.945677851486757,7612552657.0,11.25
2022-05-06,4.5,1078655852.3550408,,458444218.0092629,5.096015938483878,9.825336655715653,7323760630.0,10.77
2022-05-07,4.5,1078747255.709261,,458807895.462599,5.082951731851715,9.811684559785034,7026903885.0,10.36
2022-05-08,4.5,1078928442.3578382,,459207038.3684089,5.073269052874552,9.801566160253897,7485355565.0,11.05
2022-05-09,4.5,1079113145.0958197,,458182829.0587078,5.09584497780764,9.825158001808962,6830564911.0,10.11
2022-05-10,4.5,1079203738.145898,,457090206.86127615,5.116704268062611,9.846955960125412,6387108373.0,9.43
2022-05-11,4.5,1079392178.4760203,,450364614.0733957,5.268099285077743,10.005163752906231,4287760894.0,6.5
2022-05-12,4.5,1079484206.991539,,450503232.8970735,5.265974636883053,10.002943495542777,4218482071.0,6.19
2022-05-13,4.5,1079668536.1670957,,465838206.2876412,5.265974636883053,10.002943495542777,5130309185.0,7.57
2022-05-14,4.5,1079850194.540457,,475750628.19419056,5.265974636883053,10.002943495542777,4464409544.0,6.54
2022-05-15,4.5,1079939120.7148929,,475538312.4200239,5.265974636883053,10.002943495542777,5017259984.0,7.27
2022-05-16,4.5,1080119231.511959,,477022038.1779087,5.265974636883053,10.002943495542777,4664593674.0,6.77
2022-05-17,4.5,1080209686.1958394,,477366808.9338871,5.265974636883053,10.002943495542777,4552896392.0,6.64
2022-05-18,4.5,1080390629.7041287,,477875158.3006605,5.265974636883053,10.002943495542777,4184166240.0,6.07
2022-05-19,4.5,1080573875.1717472,,477218222.49997175,5.265974636883053,10.002943495542777,4141600071.0,6.01
2022-05-20,4.5,1080662309.7143805,,477576061.2210705,5.265974636883053,10.002943495542777,4007920195.0,5.81
2022-05-21,4.5,1080839697.7417066,,475270036.1629024,4.7413402919197045,9.45470060505608,4097633560.0,5.92
2022-05-22,4.5,1081015854.2621405,,475676952.7531148,4.73920904727696,9.452473454404403,4320404587.0,6.2
2022-05-23,4.5,1081104196.5286436,,475822573.22562885,4.73920904727696,9.452473454404403,4165817198.0,5.99
2022-05-24,4.5,1081287967.5050402,,476399817.6134179,4.73920904727696,9.452473454404403,4111328586.0,5.9
2022-05-25,4.5,1081382836.9408617,,476722954.7790193,4.73920904727696,9.452473454404403,4040483213.0,5.79
2022-05-26,4.5,1081563745.5557935,,461395607.034687,4.73920904727696,9.452473454404403,3746395874.0,5.37
2022-05-27,4.5,1081751410.1679091,,461206450.8365238,4.73920904727696,9.452473454404403,3363712671.0,4.82
2022-05-28,4.5,1081843535.6143146,,471135437.3733496,4.73920904727696,9.452473454404403,3454729857.0,4.94
2022-05-29,4.5,1082029314.263522,,471188739.9949808,4.73920904727696,9.452473454404403,3599487143.0,5.15
2022-05-30,4.5,1082121827.5562315,,471280773.8629226,4.73920904727696,9.452473454404403,3977553016.0,5.68
2022-05-31,4.5,1082313105.3093004,,467602930.0333669,4.73920904727696,9.452473454404403,4138141831.0,5.91
2022-06-01,4.5,1082407101.5376472,,469894116.4955603,4.85620355691414,9.574732716975271,3726575093.0,5.3
2022-06-02,4.5,1082597309.4285138,,470471575.5988456,4.859103362140349,9.577763013436664,3919059529.0,5.6
2022-06-03,4.5,1082788135.6376803,,472654451.21642107,4.806549943296923,9.52284469074527,3775347573.0,5.36
2022-06-04,4.5,1082882276.8083746,,472740659.3651239,4.813984209745503,9.530613499184057,3780875552.0,5.37
2022-06-05,4.5,1083070704.206778,,473291026.02786016,4.804963896134828,9.521187271460905,3836449723.0,5.43
2022-06-06,4.5,1083163023.755692,,473428241.2349185,4.794157403406407,9.509894486559675,3875406031.0,5.5
2022-06-07,4.5,1083351069.2829726,,471986659.58326817,4.835045035649976,9.552622062254214,3753836280.0,5.32
2022-06-08,4.5,1083446677.968222,,465325697.6528041,4.9871032025722295,9.71152284668798,3662997958.0,5.18
2022-06-09,4.5,1083635648.0789795,,470790649.7360983,4.858131286348844,9.57674719423453,3601640602.0,5.08
2022-06-10,4.5,1083726442.1640894,,470844145.82512754,4.846416627654926,9.564505375899394,3241498639.0,4.58
2022-06-11,4.5,1083908009.9732125,,471500704.1171948,4.8491708266080735,9.567383513805432,2949209721.0,4.15
2022-06-12,4.5,1084087706.3377192,,459323044.4773195,5.079117844447234,9.807678147447367,2749381597.0,3.88
2022-06-13,4.5,1084176907.6240742,,465925230.3871993,4.952731414294442,9.675604327937688,2464806970.0,3.46
2022-06-14,4.5,1084355265.312981,,465684177.76144046,4.967349229154028,9.690879944465957,2324934590.0,3.28
2022-06-15,4.5,1084534041.6719112,,467731557.04662544,4.921640641188674,9.643114470042152,2597602495.0,3.63
2022-06-16,4.5,1084533906.0264118,,467731557.04662544,4.928277546367377,9.650050035953898,2481082720.0,3.45
2022-06-17,4.5,1084804719.8671126,,467917914.23267627,4.926904716917857,9.648615429179172,2403541356.0,3.35
2022-06-18,4.5,1084985449.3316157,,464143629.72433656,4.903890913727915,9.624566004845668,2220059796.0,3.1
2022-06-19,4.5,1085076504.347103,,463980050.0177525,4.9079112194425845,9.628767224317498,2342671560.0,3.26
2022-06-20,4.5,1085257441.761991,,463880947.6649626,4.908363624030154,9.629239987111514,2391799048.0,3.33
2022-06-21,4.5,1085438910.9577837,,463670536.7430064,4.914086644886173,9.635220543906048,2515568594.0,3.49
2022-06-22,4.5,1085530500.6647947,,425744967.7659735,5.736283376077567,10.49441612800105,2390839826.0,3.33
2022-06-23,4.5,1085710617.017487,,421827608.2477108,5.831226225890029,10.593631406055072,2523386392.0,3.51
2022-06-24,4.5,1085799556.2261834,,426012102.03760827,5.732473681366068,10.490434997027531,2864034957.0,3.98
2022-06-25,4.5,1085977983.5971453,,425606101.7378578,5.743701149706126,10.502167701442897,3018458824.0,4.18
2022-06-26,4.5,1086153907.0914435,,425924917.7507778,5.737805341996771,10.496006582386611,2848825409.0,3.94
2022-06-27,4.5,1086241846.40548,,426069311.835813,5.735214369164665,10.49329901577707,2704861621.0,3.76
2022-06-28,4.5,1086426179.0272446,,419178694.3368366,5.902011275027297,10.667601782403525,2508934425.0,3.47
2022-06-29,4.5,1086612621.273623,,420777615.1733799,5.864966006963557,10.628889477276925,2546899104.0,3.53
2022-06-30,4.5,1086701489.178002,,421350715.959845,5.851962365847108,10.615300672310228,2336015980.0,3.23
2022-07-01,4.5,1086886149.5360577,,424305708.07320976,5.782931870902774,10.543163805093398,2453883403.0,3.37
2022-07-02,4.5,1086980196.4587808,,420800768.5140585,5.867846847816916,10.631899955968665,2435345165.0,3.35
2022-07-03,4.5,1087158253.852395,,424585028.05314654,5.778818742135528,10.538865585531608,2415507695.0,3.33
2022-07-04,4.5,1087346902.842898,,421223826.5599176,5.861057379525558,10.624804961604204,2534800329.0,3.48
2022-07-05,4.5,1087435863.2517605,,420810131.1092848,5.871885403145094,10.636120246286607,2523573614.0,3.47
2022-07-06,4.5,1087618839.5367937,,424292170.4869442,5.790055278682704,10.550607766223408,2560609504.0,3.54
2022-07-07,4.5,1087715108.5983624,,420151212.6742758,5.88348829810148,10.648245271516044,2695422616.0,3.7
2022-07-08,4.5,1087896677.121879,,420581562.86330336,5.9845543062611695,10.753859250042916,2647657721.0,3.63
2022-07-09,4.5,1088074021.9683747,,424780495.1625531,5.888516223689,10.65349945375501,2793796490.0,3.83
2022-07-10,4.5,1088162298.1365235,,424911419.8911316,5.884428659736107,10.64922794942422,2586236432.0,3.54
2022-07-11,4.5,1088338102.0950408,,425269941.40472746,5.958289315772114,10.72641233498187,2408571751.0,3.29
2022-07-12,4.5,1088513693.5759616,,425906210.0406783,5.863455723764344,10.627311231333746,2369597876.0,3.24
2022-07-13,4.5,1088600484.5608196,,426044622.6608741,5.935610241257372,10.702712702113926,2389508508.0,3.26
2022-07-14,4.5,1088776907.0543947,,426226677.36359537,5.932802181460328,10.699778279626033,2550466073.0,3.48
2022-07-15,4.5,1088955040.7148907,,425868930.9922364,5.955012382619729,10.722987939837616,2618343848.0,3.55
2022-07-16,4.5,1089043510.9526925,,424598015.7303365,5.986562659746508,10.755957979435095,2532307743.0,3.43
2022-07-17,4.5,1089219951.9298322,,424846911.1526013,5.985035096797797,10.754361676153689,2646313896.0,3.58
2022-07-18,4.5,1089396706.7122388,,424438634.0956311,5.989684378664961,10.759220175704876,2907298252.0,3.93
2022-07-19,4.5,1089573271.1337526,,424206842.63940746,5.918111623744626,10.684426646813131,3387496036.0,4.58
2022-07-20,4.5,1089662386.1530154,,424899015.3071109,5.893140530795549,10.658331854681345,3159236281.0,4.26
2022-07-21,4.5,1089844746.726299,,426480104.9232243,5.869448158963553,10.633573326116888,3266511469.0,4.36
2022-07-22,4.5,1089935750.6668935,,426515275.6020475,5.861088744527798,10.62483773803154,3232371799.0,4.35
2022-07-23,4.5,1090115528.0449052,,426386416.5336765,5.864726895879624,10.6286396061942,3112542035.0,4.19
2022-07-24,4.5,1090205407.7187142,,426632526.2923061,5.859697730866076,10.62338412875504,3310221551.0,4.44
2022-07-25,4.5,1090385708.219844,,426817440.0136631,5.8591964320813705,10.622860271525017,2969886576.0,3.99
2022-07-26,4.5,1090476733.226138,,427012187.7057194,5.855408503053661,10.61890188569105,2723353791.0,3.68
2022-07-27,4.5,1090659164.161135,,427693931.03332174,5.840908162470981,10.603749029782158,3038290800.0,4.06
2022-07-28,4.5,1090843067.5227206,,428014439.23441046,5.835471905873346,10.598068141637633,3263029360.0,4.36
2022-07-29,4.5,1090934772.3128664,,424492699.80334,5.922887224614337,10.689417149721985,3280205897.0,4.39
2022-07-30,4.5,1091120440.5787206,,422981492.4269683,5.963402064655599,10.73175515756511,3313908903.0,4.36
2022-07-31,4.5,1091210998.0973969,,426856704.2130265,5.864161906754695,10.628049192558644,3261865631.0,4.35
2022-08-01,4.5,1091392963.015057,,416161447.0382751,6.117251274207436,10.89252758154678,3153891498.0,4.2
2022-08-02,4.5,1091577200.645384,,425877258.82676977,6.102034864937744,10.876626433859933,3310625403.0,4.41
2022-08-03,4.5,1091672471.9956987,,425968414.8671353,5.914658502025727,10.68081813461688,3477027235.0,4.62
2022-08-04,4.5,1091861652.2190237,,422922250.2767507,6.14413760077106,10.920623792805763,3278979934.0,4.36
2022-08-05,4.5,1091956255.6309695,,422411170.9052258,5.984794085542222,10.754109819391612,3862602454.0,5.13
2022-08-06,4.5,1092150207.4209952,,423122576.0064628,5.9644837431739095,10.732885511616727,3744711920.0,4.97
2022-08-07,4.5,1092244542.510952,,423103771.29222775,5.966320153540905,10.734804560450243,3812617814.0,5.05
2022-08-08,4.5,1092437884.3996584,,427722718.30112857,5.877294827121316,10.641773094341785,4148001226.0,5.47
2022-08-09,4.5,1092627533.1397943,,426680233.360194,5.891119840299952,10.65622023311343,4066191776.7022514,5.39
2022-08-10,4.5,1092813218.9045284,,430527324.0814638,5.814897960223076,10.576568368433112,4535409253.559876,6.0
2022-08-11,4.5,1092904972.4275355,,430745638.28320426,5.809001630406341,10.570406703774616,4402487009.652591,5.81
2022-08-12,4.5,1093090179.3053937,,430507277.16489184,5.812864496378989,10.57444339871602,4536916262.602658,6.0
2022-08-13,4.5,1093181301.9064703,,430610089.616334,5.80960376277897,10.571035932104028,4494642422.729916,5.93
2022-08-14,4.5,1093181301.9064703,,430610089.616334,5.80960376277897,10.571035932104028,4281236762.700146,5.58
2022-08-15,4.5,1093181301.9064703,,430610089.616334,5.80960376277897,10.571035932104028,4145148234.397271,5.43
2022-08-16,4.5,1093181301.9064703,,430610089.616334,5.80960376277897,10.571035932104028,4043883573.278952,5.3
2022-08-17,4.5,1093181301.9064703,,430610089.616334,5.80960376277897,10.571035932104028,3809374107.812738,5.0
2022-08-18,4.5,1093181301.9064703,,430610089.616334,5.80960376277897,10.571035932104028,3916424377.592213,5.1
2022-08-19,4.5,1093181301.9064703,,430610089.616334,5.80960376277897,10.571035932104028,3264558714.2652826,4.23
2022-08-20,4.5,1093181301.9064703,,430610089.616334,5.80960376277897,10.571035932104028,3170012593.8953404,4.14
2022-08-21,4.5,1093181301.9064703,,430610089.616334,5.80960376277897,10.571035932104028,3235530724.366489,4.19
2022-08-22,4.5,1093181301.9064703,,430610089.616334,5.80960376277897,10.571035932104028,3081555820.391515,4.02
2022-08-23,4.5,1094646796.4589548,,427329959.7730842,5.919339966887338,10.685710265397258,3273969631.9227366,4.27
2022-08-24,4.5,1094831721.1106794,,426383757.6841058,5.866351846752482,10.630337679856334,3345308121.875004,4.35
2022-08-25,4.5,1094922053.1915443,,426462870.128544,5.86530390928981,10.62924258520784,3315943059.1346483,4.31
2022-08-26,4.5,1095105287.4557395,,426010451.519662,5.877809964106384,10.642311412491178,3129481793.26849,4.06
2022-08-27,4.5,1095285361.8963656,,431388467.4274775,5.7525018606611855,10.511364444390932,2996248720.0734973,3.89
2022-08-28,4.5,1095376408.7835991,,432278062.2508194,5.73263621114628,10.490604840647851,2986434888.3632264,3.88
2022-08-29,4.5,1095559400.6898618,,431914120.375726,5.742773697129167,10.501198513499975,3080143904.6767764,3.99
2022-08-30,4.5,1095743850.394169,,432948851.4359207,5.720444806698288,10.47786482299971,3254793414.824011,4.22
2022-08-31,4.5,1095837447.348921,,432381343.2120181,5.734462571450227,10.492513387165474,3414409974.326154,4.41
2022-09-01,4.5,1096023038.2385595,,432515978.48416805,5.80899710253997,10.570401972154269,3354578669.684806,4.34
2022-09-02,4.5,1096115814.0630662,,459235598.5254857,5.1497251402564,9.88146277156793,3224024907.260836,4.17
2022-09-03,4.5,1096301538.0117598,,459692024.7065924,5.141936982019368,9.873324146210232,3224718702.512019,4.16
2022-09-04,4.5,1096482833.683194,,464530570.9149069,4.839967211721952,9.557765736249417,3274141089.932809,4.21
2022-09-05,4.5,1096574016.337402,,464268830.88934,5.051121279107651,9.778421736667491,3243051536.0066376,4.18
2022-09-06,4.5,1096757058.6881208,,465024693.1731829,5.037471039629193,9.764157236412512,3203305186.9127088,4.13
2022-09-07,4.5,1096850475.026554,,465847621.2860543,5.021759686422977,9.747738872311997,3418272521.9661384,4.39
2022-09-08,4.5,1097038320.011273,,466283959.7536099,5.014626765337127,9.740284969777283,3591764727.4324126,4.6
2022-09-09,4.5,1097224970.3507197,,464280506.6183973,5.056440574960641,9.783980400833848,3723543310.955879,4.79
2022-09-10,4.5,1097319423.462725,,467176033.52258456,5.060437326159994,9.788157005837204,3767033765.2729993,4.82
2022-09-11,4.5,1097507274.2260506,,464958324.0634828,5.045197061609263,9.772230929381656,3790857319.445238,4.88
2022-09-12,4.5,1097601152.0666614,,465147972.4544322,4.837143212547201,9.554814657111816,3967734434.947221,5.08
2022-09-13,4.5,1097788912.4390285,,466710634.618101,5.012476970372082,9.73803843403883,3505640213.378448,4.43
2022-09-14,4.5,1097879815.7138717,,460710121.98191,5.134629904208765,9.86568824989816,3553016862.7222686,4.52
2022-09-15,4.5,1098074972.637276,,454467515.4401769,5.266011504678159,10.002982022388672,3330269800.652821,4.23
2022-09-16,4.5,1098165271.4353929,,447789843.65489066,5.409556429968565,10.152986469317153,3325067474.74184,4.22
2022-09-17,4.5,1098357845.3411255,,466238393.82841057,5.026749975815625,9.752953724727332,3420060966.841407,4.34
2022-09-18,4.5,1098454529.083181,,443952737.2095165,5.58351426435808,10.334772406254174,3118987377.158234,3.94
2022-09-19,4.5,1098646420.024511,,450739760.856122,5.350199431906177,10.09095840634195,3163499080.3026724,4.02
2022-09-20,4.5,1098742614.2741742,,450407919.27181727,4.745382263175801,9.458924465018711,3019858742.564149,3.84
2022-09-21,4.5,1098932086.6513617,,450854921.57691073,5.350243108176866,10.091004048044825,2825620010.475108,3.59
2022-09-22,4.5,1099122811.288966,,467087464.5404995,5.016272775878639,9.74200505079317,3009870880.4265475,3.84
2022-09-23,4.5,1099215474.7329276,,474253374.3900061,4.876185134433109,9.595613465482591,2976757524.026717,3.79
2022-09-24,4.5,1099401076.341817,,476298163.6659497,4.838308058659591,9.556031921299248,2941947811.547652,3.73
2022-09-25,4.5,1099493087.9053712,,476395327.0432702,4.837208154999839,9.554882521974836,2865681118.5784526,3.63
2022-09-26,4.5,1099674233.0708594,,476837954.00118,4.830225739017413,9.547585897273178,2856438736.9474373,3.63
2022-09-27,4.5,1099854867.5134037,,477218908.0659941,5.0725474151247285,9.80081204880535,2847619614.1695743,3.63
2022-09-28,4.5,1100032644.239712,,477341941.8292681,4.912050306648097,9.633092570447236,2821905724.0163484,3.58
2022-09-29,4.5,1100216730.6925955,,480118399.60437685,4.86027605700694,9.578988479572246,2810516950.9065814,3.57
2022-09-30,4.5,1100309702.8853204,,459498067.3952208,5.270427987939419,10.007597247396676,2828283661.5442724,3.54
2022-10-01,4.5,1100486969.4408565,,482348266.64126587,4.820357996345592,9.537274106181131,2845064059.8546724,3.56
2022-10-02,4.5,1100582940.1362069,,482968689.1627232,4.813498780308323,9.530106225422182,2825550410.390429,3.54
2022-10-03,4.5,1100766951.4799488,,475609261.876134,4.960818648019627,9.684055487180498,2839815871.890257,3.55
2022-10-04,4.5,1100943707.3732502,,465049817.8278164,5.172758330409399,9.905532455277813,2896680443.232632,3.62
2022-10-05,4.5,1101030169.4543376,,464625538.94583696,5.178254527516413,9.911275981254644,2942200404.6106358,3.68
2022-10-06,4.5,1101216187.0528913,,459740947.7673498,5.290354608412295,10.02842056579082,2886711823.5554943,3.61
2022-10-07,4.5,1101397210.7198665,,464435434.3286243,5.197689589191157,9.931585620704752,2850767318.799072,3.55
2022-10-08,4.5,1101491714.8768206,,470093687.56174576,5.079491657333857,9.808068781913873,2795787542.060411,3.48
2022-10-09,4.5,1101673171.3715713,,466792776.12078935,5.079491657333857,9.871020975544653,2823287185.2980924,3.51
2022-10-10,4.504081363,1101764400.6620357,,470725417.045856,5.079491657333857,9.775128870654653,2652643350.2175565,3.32
2022-10-11,4.520944514503261,1101946688.4434752,,470857426.7695476,5.079491657333857,9.777740902000003,2566334397.501557,3.19
2022-10-12,4.533402274771316,1102129919.3516226,,471812579.3255156,5.079491657333857,9.763926978267788,2573369866.359021,3.2
2022-10-13,4.553683176,1102220170.879721,,471444622.5074718,5.079491657333857,9.767452412952036,2573369866.359021,3.2
2022-10-14,4.573166293015436,1102402903.908636,,471930246.8043913,5.079491657333857,9.747738397680138,2573369866.359021,3.2
2022-10-15,4.579750934509372,1102579113.885168,,471855573.6642102,5.079491657333857,9.75210935654514,2573369866.359021,3.2
2022-10-16,4.614587029061481,1102665009.9379313,,472290227.51155335,5.079491657333857,9.747120712428098,2573369866.359021,3.2
2022-10-17,4.610760332494423,1102842843.604482,,473588334.01685977,5.079491657333857,9.724937297530015,2573369866.359021,3.2
2022-10-18,4.62723390896338,1103022398.0631175,,467721420.2264578,5.079491657333857,9.85382667783594,2403164221.9643683,2.95
2022-10-19,4.625568671876882,1103113274.0533538,,474319598.56163,5.079491657333857,9.710561816225438,2359183434.43126,2.89
2022-10-20,4.642766711185613,1103296381.61606,,472358441.2134705,5.079491657333857,9.755444027911087,2325021546.1660604,2.86
2022-10-21,4.656529569106455,1103477579.068785,,472420772.1577945,5.079491657333857,9.752599692058896,2362341950.928114,2.91
2022-10-22,4.67656178750748,1103568361.0573952,,472679392.0730336,5.079491657333857,9.751039040024722,2364117290.3811746,2.9
2022-10-23,4.695374034509519,1103747553.37047,,473089296.2724187,5.079491657333857,9.744172291786422,2431046886.264228,2.99
2022-10-24,4.699819460202599,1103837861.021266,,473226839.8111775,5.079491657333857,9.739166438353084,2392755869.788008,2.93
2022-10-25,4.7256124432994175,1104018803.1203835,,472615845.7014547,5.079491657333857,9.75633073673736,2450907395.946258,3.01
2022-10-26,4.732801062460784,1104199953.4933686,,472403021.5488948,5.079491657333857,9.759350774858149,2496351095.6289983,3.06
2022-10-27,4.725794977300454,1104382136.5677643,,473120443.6734663,5.079491657333857,9.746159824331537,2429340498.9997544,2.98
2022-10-28,4.757282521373293,1104471728.406997,,474574838.20518166,5.079491657333857,9.708187718732102,2471667000.891703,3.03
2022-10-29,4.747108526009897,1104649610.0834236,,476361269.0382618,5.079491657333857,9.679483077047893,2508090662.4682336,3.07
2022-10-30,4.758658054523898,1104741877.888764,,459047788.6732873,5.079491657333857,10.048430523741168,2530223580.898881,3.1
2022-10-31,4.766966096191613,1104922981.639636,,475806312.70358986,5.079491657333857,9.69667026043457,2541971965.174572,3.11
2022-11-01,4.784000607809224,1105106700.881672,,475720794.8741535,5.079491657333857,9.69504807759005,2472429866.4278026,3.03
2022-11-02,4.807352619471612,1105196764.8916695,,476689546.4564456,5.079491657333857,9.67343313225643,2372305189.7171,2.9
2022-11-03,4.812611633223425,1105380268.2155411,,476395263.3997688,5.079491657333857,9.678060728113918,2471947399.4849253,3.03
2022-11-04,4.812955979378674,1105562881.0856247,,472313445.27056646,5.079491657333857,9.779052465476,2690201603.2195625,3.3
2022-11-05,4.837747451027257,1105653268.6476228,,472155043.1495577,5.079491657333857,9.78726940203238,2729804643.556795,3.32
2022-11-06,4.848065466361254,1105840481.7676086,,462220067.361058,5.079491657333857,10.001464879105889,2544543180.017402,3.1
2022-11-07,4.846923664187168,1105930361.716807,,463352522.89611953,5.079491657333857,9.97482034733578,2495028179.8601527,3.05
2022-11-08,4.824029702569626,1106114656.800896,,464644853.7977401,5.079491657333857,9.948734681865188,2165391533.3774934,2.63
2022-11-09,4.822363969621166,1106295979.559028,,462768823.9767989,5.079491657333857,9.993719763806274,1657437866.3902118,2.01
2022-11-10,4.8071759808561625,1106387095.8450468,,462797962.1053451,5.079491657333857,9.993913597982578,1900236550.801444,2.32
2022-11-11,4.81880707134853,1106568796.474537,,460462108.6596293,5.079491657333857,10.046260798815696,1743262800.7311046,2.14
2022-11-12,4.813424797387614,1106748839.766893,,480953430.8384121,5.079491657333857,9.619798490844074,1635924985.6814463,1.99
2022-11-13,4.808352626155988,1106837304.8759515,,481031808.1642616,5.079491657333857,9.618999889300031,1598966956.2380178,1.95
2022-11-14,4.814986000639089,1107014296.2809558,,480829637.96558887,5.079491657333857,9.6216783291453,1628695312.2871728,1.97
2022-11-15,4.790409959635282,1107190726.0056145,,468333169.38250136,5.079491657333857,9.880114466572705,1638396873.2215185,1.98
2022-11-16,4.806030455055288,1107368636.9179628,,467784208.8764797,5.079491657333857,9.898310826969864,1591075160.6242397,1.93
2022-11-17,4.815812058752516,1107455487.4175544,,468651820.6152026,5.079491657333857,9.877834305065578,1514766077.7437415,1.83
2022-11-18,4.829887681696501,1107634189.2963994,,468463713.3464201,5.079491657333857,9.882419083710742,1480201039.0624158,1.79
2022-11-19,4.824433915891416,1107811179.4109125,,468980678.7384524,5.079491657333857,9.87418352497976,1447209618.381949,1.75
2022-11-20,4.830051838851021,1107898570.701352,,469044601.8020797,5.079491657333857,9.784665167780627,1296366033.2741015,1.57
2022-11-21,4.828527714863408,1108074993.1143568,,468137055.23882496,5.079491657333857,9.889491762780684,1295171971.508903,1.56
2022-11-22,4.820949439342755,1108251874.5938375,,468671648.65294063,5.079491657333857,9.879788102696088,1348486841.592949,1.63
2022-11-23,4.828243008043551,1108429935.6122231,,468476020.537646,5.079491657333857,9.88550177698542,1401205973.0721765,1.68
2022-11-24,4.837285225598977,1108518160.448794,,469647268.2950537,5.079491657333857,9.866564669154387,1364625343.8226058,1.64
2022-11-25,4.836265721134794,1108695762.164667,,469137948.1005161,5.079491657333857,9.878858809428513,1366678689.8868244,1.65
2022-11-26,4.862056301887803,1108871936.576404,,469807397.6188453,5.079491657333857,9.863478922593218,1333578323.5835392,1.61
2022-11-27,4.84249486509804,1108960336.3145325,,470429831.05483496,5.079491657333857,9.85011994416829,1348128163.3931289,1.62
2022-11-28,4.879704166510511,1109136409.1028242,,470370005.9585922,5.079491657333857,9.862684742201717,1322539569.8430862,1.59
2022-11-29,4.8651764201774,1109319142.484449,,470711749.3129148,5.079491657333857,9.854307373313514,1341145899.637307,1.61
2022-11-30,4.882743416562074,1109407246.6464114,,477276813.73783386,5.079491657333857,9.627141285378045,1442846764.831622,1.73
2022-12-01,4.877688007125027,1109585140.651727,,478616889.3366879,5.079491657333857,9.692856813721246,1447970286.831426,1.74
2022-12-02,4.872185025580706,1109763114.558899,,478634483.14145327,5.079491657333857,9.697864495100257,1463441391.034576,1.76
2022-12-03,4.873413759160507,1109942346.5000637,,479150501.6070972,5.079491657333857,9.688984997689044,1401402498.061104,1.67
2022-12-04,4.90224629659858,1110028984.570018,,479287566.7452698,5.079491657333857,9.683165193948447,1447665215.624,1.74
2022-12-05,4.891609179493848,1110205319.3862283,,481680650.7863048,5.079491657333857,9.642226779505322,1435103330.8352182,1.72
2022-12-06,4.884557984372517,1110385014.2288764,,482262119.67801446,5.079491657333857,9.637676128235428,1481314259.4814825,1.78
2022-12-07,4.895437480266315,1110474323.332799,,482356395.5430445,5.079491657333857,9.55477927203184,1416770195.802499,1.69
2022-12-08,4.950663116376269,1110653840.0711465,,482541378.3048198,5.079491657333857,9.636215153470976,1423541590.895255,1.71
2022-12-09,4.953090334854219,1110831605.2412348,,482440734.138054,5.079491657333857,9.636164967919855,1420322880.199536,1.7
2022-12-10,4.981840917612204,1110919565.0956995,,481917057.50720096,5.079491657333857,9.565504408097937,1422634197.1197858,1.71
2022-12-11,4.966783457431887,1111095272.5495174,,481374763.59019727,5.079491657333857,9.662480390639308,1368038324.8027933,1.64
2022-12-12,4.961880571987403,1111271373.647251,836388782.697116,476629260.4486048,5.079491657333857,9.763793339270444,1362979365.7033706,1.63
2022-12-13,4.966688116399355,1111448845.1071265,836841676.7688067,465352400.9704727,5.033666800709824,10.007405528202964,1430427666.1093423,1.71
2022-12-14,4.957301705623955,1111536208.9898045,841522893.4907235,465577248.0444176,4.744769237451618,9.926164994467952,1404246230.1705308,1.66
2022-12-15,4.960576111261006,1111714233.967767,841814010.181464,466114908.0806502,4.782570901669225,9.99679912573522,1340228364.910896,1.59
2022-12-16,4.967134283792372,1111891667.636855,842195719.2883554,471416011.9865554,4.674768422860631,9.88658394230784,1151611916.0258718,1.37
2022-12-17,4.955714130412481,1111978510.1477344,842625537.325354,470635450.6847721,4.618272744358354,9.824802309049964,1175842037.1577127,1.4
2022-12-18,4.9590458848538015,1112153477.4188468,843003450.1364158,480633662.5274983,4.492456549551038,9.69938886513282,1156166120.2655733,1.37
2022-12-19,4.959417913,1112328470.9648476,843293326.918527,480182845.0656293,4.528140745878062,9.710022690379589,1064310475.0446378,1.25
2022-12-20,4.958529307,1112511866.083458,843736972.287932,478716867.7785165,4.467378669256017,9.659574946454429,1133761784.4301672,1.35
2022-12-21,4.954854387,1112608688.288297,844123352.3342391,469803060.3391949,4.713005970885997,9.92705521022196,1102124892.4288344,1.3
2022-12-22,4.9618826,1112784438.569694,844123352.3342391,475750711.2189019,4.496241409687585,9.727301183292674,1113445977.8682835,1.32
2022-12-23,4.96360185,1112880460.71618,844123352.3342391,477097648.5160484,4.522622945878418,9.696833359094182,1135128485.1863053,1.34
2022-12-24,4.945567609549341,1113063113.332433,844123352.3342391,471800873.5345044,4.700104773309244,9.878119242142262,1133969680.901147,1.34
2022-12-25,4.915962170692975,1113245805.3986716,844123352.3342391,477044343.44914335,4.6253788285445685,9.76872287270003,1128407168.1080573,1.34
2022-12-26,4.94054051850329,1113341276.4346678,844123352.3342391,472996828.480618,4.61251766261328,9.780941485161105,1152444631.4857209,1.37
2022-12-27,4.945247415122672,1113517166.8394506,844123352.3342391,476882288.31208193,4.598581760973386,9.771240421762894,1146106445.568517,1.36
2022-12-28,4.939275622260016,1113692071.2696936,844123352.3342391,475580659.1948919,4.628413758412919,9.796299493139554,1111240541.2103715,1.32
2022-12-29,4.9095064186584105,1113865756.2194724,844123352.3342391,484043872.10803527,4.500034687733034,9.630470598227545,1094523520.6659396,1.3
2022-12-30,4.944659451478133,1113951999.4293754,844123352.3342391,484376910.1971045,4.392194161327501,9.554032656530978,1076579756.3879013,1.27
2022-12-31,4.948310497843273,1114124910.0975542,844123352.3342391,484036715.8313279,4.463666424223844,9.632852996325695,1060685915.2917576,1.26
2023-01-01,4.92332745832907,1114297372.842348,844123352.3342391,484741727.37222487,4.472871969393322,9.616413561567432,1076715799.219123,1.28
2023-01-02,4.936871080176873,1114469693.354463,844123352.3342391,484603662.4446008,4.4649431247427485,9.622242690791367,1107147747.758622,1.31
2023-01-03,4.931947628422123,1114555063.4520316,844123352.3342391,484881579.76789,4.399083105104751,9.54799120840142,1127484406.0514476,1.34
2023-01-04,4.940703517475252,1114728792.5424187,844123352.3342391,484806256.6116077,4.45798223093079,9.61894143329804,1308102917.4322522,1.55
2023-01-05,4.9269277081253,1114905905.768741,844123352.3342391,488372177.90411234,4.40620615972338,9.550224460009217,1291637889.1141095,1.53
2023-01-06,4.926867668672897,1115080180.816471,844123352.3342391,483995600.6902155,4.490005332079083,9.638089621779876,1346567902.906741,1.59
2023-01-07,4.945697053196396,1115166134.511032,844123352.3342391,485877465.7208427,4.439308541142517,9.604560346040492,1317978693.234174,1.57
2023-01-08,4.949619694761882,1115338559.7389784,844123352.3342391,484992808.56464505,4.454244300477384,9.624332148388506,1384878029.2640877,1.63
2023-01-09,4.938347217687263,1115512405.5290265,844123352.3342391,484797308.8244972,4.470593355838348,9.62971399612778,1388033829.0919948,1.64
2023-01-10,4.94119373580205,1115687771.1853137,845486474.8363612,485298818.35960656,4.459717867494795,9.621274903199922,1389043916.9918787,1.64
2023-01-11,4.949611213050064,1115775012.542825,845776179.5748702,485467050.24631184,4.451779043124859,9.62173601087364,1540357291.4763913,1.83
2023-01-12,4.962000466617156,1115949741.612146,846144708.4610084,485575644.1898476,4.438835138480823,9.62109062538177,1561096814.690521,1.84
2023-01-13,4.935049896069374,1116126811.0534227,846156830.4764222,487248009.61552334,4.441711984266838,9.595962582999451,1651906639.8900464,1.95
2023-01-14,4.934357954313045,1116302507.2373018,850847527.8725127,487481543.83799946,4.439458615749059,9.592875349396769,1922252894.776328,2.26
2023-01-15,4.934821750187552,1116388809.795416,851236842.310689,487923001.5155453,4.431431958055021,9.584936976353433,1904578064.877694,2.24
2023-01-16,4.926666186068906,1116563691.6668231,851536773.1458029,487045805.0512259,4.457435029062418,9.603704159474123,1866823907.684036,2.19
2023-01-17,4.919175734679253,1116737485.5101206,851925273.0459722,487462276.7800319,4.458495645542371,9.596992616148889,1837663525.474057,2.16
2023-01-18,4.93429416457937,1116911791.5231652,850807104.5216672,485988305.74289685,4.472615969594873,9.627602162966,1682030882.8921072,1.98
2023-01-19,4.943970244448032,1116997698.2307158,851189000.2026995,486460429.65150297,4.4350348319887045,9.59827187886118,1783550198.3260837,2.1
2023-01-20,4.933726615424557,1117171815.0736256,848051611.7705389,489630142.23577857,4.386783656923354,9.53694218519064,2015827770.9467912,2.39
2023-01-21,4.93217503453263,1117259393.2407496,848445596.6089325,489925903.5995804,4.375508117477067,9.523490871013848,1970704557.2868817,2.33
2023-01-22,4.929780254171823,1117432698.2991314,848840181.9291449,487436064.65222514,4.425666092271241,9.573621959575435,2037587937.1683428,2.41
2023-01-23,4.9138326889050505,1117606669.3407588,849234174.1075495,487110744.3842046,4.449055434825078,9.581507264034066,2167942494.5124044,2.55
2023-01-24,4.921214453962585,1117781165.950305,849540081.3527821,489003189.9899553,4.415333536202382,9.55383602233921,1997599120.4564445,2.35
2023-01-25,4.905502102214518,1117956104.859102,849934447.8003311,488080458.71196985,4.453329767309522,9.577290054877954,2167483805.256094,2.56
2023-01-26,4.913520943066188,1118130658.0228074,850329268.4041904,488606602.4146153,4.436939829914999,9.568470740755316,2142637199.799516,2.52
2023-01-27,4.923386227156017,1118217722.8488507,850614704.6701407,488336042.5231772,4.432883377678598,9.574517574517158,2184855181.4097624,2.56
2023-01-28,4.937972437203299,1118396573.2101169,850744439.4960531,489613837.950088,4.3972204033529305,9.552326372076893,2097031309.088159,2.47
2023-01-29,4.913597533881895,1118577847.3318405,851143727.3935937,489542825.8896416,4.411086420435084,9.541426987888888,2187434052.304079,2.58
2023-01-30,4.9138996172268765,1118666818.1544402,851545428.9268241,484797592.01921177,4.497640296606464,9.632549443152518,1953168418.590252,2.3
2023-01-31,4.92679217651332,1118844617.101752,851854808.4565765,488634062.9470896,4.41237371266896,9.556554372056604,1985123768.5912504,2.34
2023-02-01,4.919199724759222,1119021437.4459715,852251512.7721125,489683096.7086902,4.328576853933441,9.460707919377338,2061902033.8780408,2.42
2023-02-02,4.920871810741453,1119109255.796096,852798785.6671654,490242371.97434455,4.317334323350086,9.450656621784749,2085796133.360304,2.45
2023-02-03,4.914880918049442,1119295457.7311318,853199805.7592832,485658251.58454025,4.46995180181613,9.60452552801903,2141680088.8818665,2.51
2023-02-04,4.9153771295942255,1119485710.7160928,853513687.4311924,487389090.0188884,4.438498181493045,9.572044235597838,2139606399.5706024,2.5
2023-02-05,4.931011803434589,1119579536.2326822,853924383.1216979,490269998.6446269,4.310530698762749,9.454095279743994,2045123590.8383052,2.4
2023-02-06,4.899662375499301,1119768719.3957329,854238650.4258337,490963495.4319517,4.330494446548872,9.442336429118829,1971544260.925069,2.31
2023-02-07,4.8973619008057545,1119862296.5956986,854648293.6271336,491715501.56768966,4.392826312402964,9.505320815400916,2128075319.6347504,2.49
2023-02-08,4.899049460359255,1120046454.094959,854962322.27104,492234863.862384,4.379124715001059,9.492709661079047,2274356522.506895,2.66
2023-02-09,4.899044814925246,1120224103.520519,851941286.6732756,490614385.7023224,4.40881746686288,9.523852225297995,1924893300.513975,2.26
2023-02-10,4.896985525312783,1120400901.8077223,852348003.0376333,494064255.6158157,4.35230308625385,9.462420263718233,1920782621.5151,2.25
2023-02-11,4.895735800120138,1120488311.4124503,852573235.0207534,494230414.4792502,4.356080087266312,9.465078059700671,1950324806.446134,2.29
2023-02-12,4.907567982367551,1120663022.1780963,852889939.5310341,494502668.6572794,4.33925808275446,9.459778105463563,1909217304.4659257,2.23
2023-02-13,4.906484541427844,1120836763.5957828,857593938.4084502,495147378.2543402,4.329990758586333,9.448925627229448,1874637242.8827507,2.19
2023-02-14,4.894293569825047,1120922489.267738,857996986.4205453,495107260.2606718,4.345144910459386,9.452102628236632,1931183725.686775,2.25
2023-02-15,4.894949656070569,1121110799.846912,858312010.637602,495093439.2336823,4.343052694976057,9.451447228865394,2137293752.111586,2.51
2023-02-16,4.887968478632168,1121289848.0217054,858729597.7050904,490749613.13403815,4.432811425276939,9.537454329093851,1990643252.828478,2.32
2023-02-17,4.893575815135987,1121375919.0065784,859137943.2043035,490123384.7913424,4.438185410049256,9.548947193042308,2119407593.3291776,2.46
2023-02-18,4.871916775379677,1121550258.943953,859453322.0278482,490100575.3724867,4.461594307547911,9.550876244446414,2218792390.8881755,2.58
2023-02-19,4.864956818987568,1121734775.3832655,859856961.1943071,524388547.0008909,3.8792225524647774,8.93290187354219,2212676350.7531214,2.57
2023-02-20,4.890215334443642,1121831439.3003817,860270777.2443209,520206606.84269565,3.92341085363288,9.005489427274105,2316564722.106469,2.69
2023-02-21,4.896944190952412,1122008842.042993,860596734.4307431,524918366.1379752,3.839834193615865,8.924812922054754,2196883995.420877,2.56
2023-02-22,4.920577628290265,1122187077.2877507,861003436.7382238,525128007.4991452,3.815495956034965,8.923818024746204,2158633724.304767,2.51
2023-02-23,4.913526460184549,1122275653.8216434,861410967.6520165,524842153.5772092,3.8292650933051897,8.930943507079904,2122629879.253929,2.47
2023-02-24,4.923427621177343,1122454721.8284416,861820788.8867962,522792619.65136737,3.8527069707772874,8.965819831116915,1994966843.1912897,2.31
2023-02-25,4.89344980937673,1122631790.0241988,862137179.1302426,525789447.07336986,3.835407018949133,8.916540545783452,1969122681.677313,2.29
2023-02-26,4.901838647395722,1122807933.4590476,862543511.5831968,525703491.6966618,3.82942980814116,8.91898092584725,2046881049.7771437,2.37
2023-02-27,4.897322167848085,1122895229.6182828,862948956.5360022,522793487.177024,3.884382952360244,8.971935867618368,2025284146.5005512,2.35
2023-02-28,4.9131736480268,1123071279.7220418,863354563.5879116,523182532.50118285,3.864249164020905,8.967280083668467,1923260703.669011,2.23
2023-03-01,4.905158413972109,1123249698.8350315,863670853.993936,524725080.7613818,3.849891169076214,8.943892843657029,2001850535.405697,2.32
2023-03-02,4.897975096929209,1123425918.64205,864078561.532089,525575315.5516387,3.844469383610893,8.930745633558448,1948441844.782474,2.26
2023-03-03,4.902596464037407,1123513354.6424356,864484046.3997172,525667101.6503692,3.838079421221785,8.928841431250973,1815397376.7166717,2.1
2023-03-04,4.904649320658312,1123691176.8759718,864800779.2892857,524440063.0470097,3.855998874462374,8.94977141772159,1772939432.5996614,2.05
2023-03-05,4.891722274630472,1123870405.452653,865207871.0645677,524263759.42880267,3.8704684383695342,8.951523279732248,1753322775.4479797,2.03
2023-03-06,4.90790497520628,1123959750.491499,865616374.5108109,523812743.171339,3.862471598436112,8.95994300938796,1778451556.6890538,2.06
2023-03-07,4.903366102738253,1124139531.912261,866021029.7203089,523366835.7923614,3.901606179098516,8.996282316685027,1729240957.2038236,2.0
2023-03-08,4.8990788368952565,1124320305.4746103,866021029.7203089,523746945.2455964,3.898147310230193,8.988199457031945,1596420542.691891,1.84
2023-03-09,4.886797440651663,1124500791.01004,866021029.7203089,523503831.4583415,3.916059473042188,8.994226807796865,1547285168.350462,1.79
2023-03-10,4.911660851795554,1124589469.743687,866021029.7203089,523851983.232792,3.887493046053137,8.99009437190796,1563282882.5266292,1.8
2023-03-11,4.889029677012309,1124767481.5136943,866021029.7203089,524478566.0677758,3.901023575507701,8.980775452833816,1548177111.2895558,1.8
2023-03-12,4.8971891879894205,1124946187.5643773,866021029.7203089,517612050.7400416,4.006402818354937,9.099793131992133,1686433766.0431132,1.95
2023-03-13,4.884792936589158,1125034883.7579863,866021029.7203089,523331487.46960926,3.9275914313668494,9.004239076773498,1769187192.939364,2.03
2023-03-14,4.895373769218746,1125213176.1847885,866021029.7203089,523747074.8414441,3.910189233593409,8.996981380880293,1837365999.725012,2.12
2023-03-15,4.888875608742588,1125390299.388538,866021029.7203089,525052388.6926861,3.898112724411207,8.977562215338823,1671733116.0420425,1.93
2023-03-16,4.895871077681375,1125571143.7618546,866021029.7203089,520843534.3031463,3.961730489100601,9.05156278397353,1716055660.0549574,1.98
2023-03-17,4.910080443894597,1125662225.9474435,866021029.7203089,518802647.5467839,3.983360497266797,9.08902714594753,1873626284.3710303,2.17
2023-03-18,4.9093075187759485,1125840121.8083797,866021029.7203089,521882912.7234102,3.9343526835944553,9.036809674481267,1812261326.153667,2.09
2023-03-19,4.888421206792808,1126016376.9048505,866021029.7203089,523195953.6246814,3.934772164518652,9.015541608240756,1877601831.074773,2.16
2023-03-20,4.892074859696339,1126103546.919241,866021029.7203089,522711216.4298511,3.943690718258863,9.02869388012732,1741442272.8973613,2.01
2023-03-21,4.905703419973326,1126280372.9304683,866021029.7203089,520652312.7870722,3.9655779925254153,9.065820907699765,1801998757.130345,2.08
2023-03-22,4.885188305472586,1126458913.36542,866021029.7203089,517088337.6927061,4.046867716857827,9.129753130772285,1700383376.3044596,1.97
2023-03-23,4.866723157811401,1126640055.0801418,866021029.7203089,514698473.3208858,4.107019217495678,9.173619630660705,1778866014.8091486,2.06
2023-03-24,4.890681147736199,1126730594.71447,866021029.7203089,504189298.59916383,4.266254416557902,9.36558446475918,1710133237.7043345,1.98
2023-03-25,4.894885732956542,1126905916.3260317,866021029.7203089,515781613.9514429,4.063256640852919,9.157034143415972,1676765261.251449,1.94
2023-03-26,4.902213898721745,1126905883.314187,866021029.7203089,515781613.9514429,4.055986826506608,9.15703387516768,1704952291.7922895,1.96
2023-03-27,4.864874766768756,1127182183.947482,866021029.7203089,504523662.9041565,4.291543722273117,9.365196716691576,1600378059.2179103,1.85
2023-03-28,4.824435044072132,1127374068.1896148,866021029.7203089,504418104.7597927,4.3351687068668765,9.368751149252724,1634139170.74972,1.89
2023-03-29,4.834507293599061,1127470557.8330336,866021029.7203089,500159231.9412071,4.402012169997671,9.449335063020389,1735164490.819173,2.0
2023-03-30,4.832295679192359,1127653782.9574037,866021029.7203089,521628807.9343656,4.033205267632378,9.060397350705504,1667792939.9505963,1.93
2023-03-31,4.807770943501471,1127844947.8165958,866021029.7203089,506668450.8470453,4.313302308971867,9.32844694758946,1730503895.1705103,2.0
2023-04-01,4.835345592493962,1127931199.2284515,866021029.7203089,511337813.8320357,4.205284009735077,9.243969617245638,1722625966.0293777,1.99
2023-04-02,4.821954410149201,1128112474.6016128,866021029.7203089,513579847.5983986,4.181509325700317,9.205094209190928,1664302737.1190746,1.92
2023-04-03,4.821398666674347,1128294434.838184,866021029.7203089,511281857.9586139,4.222954391622591,9.24795852502888,1694009152.4003687,1.95
2023-04-04,4.84636239806703,1128380400.0636134,866021029.7203089,511594994.83277136,4.193411878020403,9.243002212539915,1726159177.5975,1.99
2023-04-05,4.843508803966192,1128554063.19063,866021029.7203089,511995748.1695138,4.188206512304782,9.23457146742274,1758988382.3151162,2.03
2023-04-06,4.837512667961909,1128728658.2626646,866021029.7203089,524090214.2800598,3.992223328572675,9.0228603057876,1722846518.41469,1.99
2023-04-07,4.846902907212788,1128902327.560053,866021029.7203089,523662709.50936943,3.991260332221991,9.031615752511684,1750578255.3070676,2.02
2023-04-08,4.860497497885833,1129075763.1966548,866021029.7203089,523654112.8504058,3.979243082056083,9.03315159038004,1709900678.8656971,1.97
2023-04-09,4.86091242620826,1129161863.872393,866021029.7203089,523481256.3938445,3.982333301916752,9.03682346245089,1741620965.652276,2.01
2023-04-10,4.866615242157791,1129334902.6074126,866021029.7203089,523955836.58080906,3.969296548735146,9.029082181740122,1788890747.9200234,2.06
2023-04-11,4.873874511916756,1129510357.4842477,883221518.8638201,523660037.5375966,3.96830144289444,9.035585987392476,1812297904.9037237,2.05
2023-04-12,4.872957673083091,1129683851.7916117,883626613.9886509,524161272.73752576,3.9622935933520953,9.0283321561225,1968892288.1438725,2.23
2023-04-13,4.874837264002684,1129769900.5682113,884029720.2034105,524766202.1635608,3.951161596559438,9.018611558432172,1947268808.6991467,2.2
2023-04-14,4.892318993578557,1129945097.5640082,884433040.0326543,525168824.8546689,3.928656575226541,9.013177980627376,1968347836.44846,2.22
2023-04-15,4.888229215060831,1130120317.0939393,889050163.4551603,525491243.1473019,3.92876828480817,9.00904469895902,2063872292.544395,2.32
2023-04-16,4.86226640967402,1130294030.9872856,889454972.8816149,525372508.97960526,3.957762494630668,9.012465860655784,2066166592.584007,2.33
2023-04-17,4.883876837736743,1130380806.7693477,889858275.0763586,525348521.6769623,3.93787708776121,9.014074992485671,2034093205.3128407,2.29
2023-04-18,4.8918929930627,1130556024.7966254,890174647.2148404,525176148.6995496,3.934086980057483,9.018431298438609,2087943503.756328,2.34
2023-04-19,4.896286541641792,1130731950.9670448,890404277.1658323,525380621.4270237,3.929784997176,9.01848507274997,1914064271.066477,2.15
2023-04-20,4.881469067240072,1130906882.9505396,890810042.3169798,525167174.7015989,3.9492936796234224,9.023546296208783,1829539145.6442835,2.05
2023-04-21,4.895193157455469,1130993738.1491828,891311124.3363035,525434326.47905713,3.9492936796234224,9.019651033539748,1715272695.5463612,1.93
2023-04-22,4.895193157455469,1131167101.933071,891714810.6582053,525640565.1136893,3.9492936796234224,9.017494142458318,1740122584.458638,1.95
2023-04-23,4.895193157455469,1131342099.851906,892030999.5807487,525738078.3172362,3.9492936796234224,9.017216387925778,1704317249.7934146,1.92
2023-04-24,4.895193157455469,1131519316.7615302,892435341.3128343,525718125.0506263,3.9492936796234224,9.018971168267498,1682671978.0341575,1.88
2023-04-25,4.90931331886211,1131607226.4194908,893146754.8009856,525492572.72193575,3.92170137137835,9.023543297991528,1754730930.4381106,1.97
2023-04-26,4.958458283504138,1131781377.118139,893548489.2082174,526046110.0672637,3.865317001532631,9.015435416082967,1686909766.2204516,1.89
2023-04-27,4.980984138182548,1131959049.6787658,893861600.2424715,525172433.98947966,3.858667374436431,9.031851122484872,1718607425.341028,1.92
2023-04-28,4.980984138182548,1132133527.4935062,894265671.1306353,525846863.1159146,3.8485148631840937,9.021657614379128,1714784031.5070758,1.92
2023-04-29,4.984372426511966,1132220831.8436852,894666536.4286604,525608631.458748,3.851537666743954,9.027885074713833,1733561972.9720304,1.94
2023-04-30,5.008169773280408,1132395639.1454723,895068002.3178779,526393320.7880816,3.817155008977591,9.016494385616872,1738621360.6167576,1.94
2023-05-01,4.995817128292503,1132573199.1965537,895381394.7441679,526432188.5115576,3.830081372423022,9.017242361946591,1644573788.48659,1.84
2023-05-02,5.003246315464356,1132749363.9215314,895785370.2528548,526619575.80701965,3.821014734837025,9.01543582923547,1644733190.062879,1.84
2023-05-03,5.012352331021559,1132838455.437106,896187922.877481,527103047.2159301,3.8057544938894017,9.00886464899838,1705949834.890646,1.9
2023-05-04,4.996906721395427,1133015873.052251,896593381.7877712,526457276.52823454,3.83289496521082,9.021327872746896,1652283810.224702,1.84
2023-05-05,4.99239158282353,1133195251.1372423,896847056.562423,526464791.2495831,3.838621508474605,9.022652108383683,1675818952.5320303,1.87
2023-05-06,4.995329908671943,1133371063.4712698,897253153.0983641,527077035.8722912,3.8270653026401646,9.01356974899931,1590325347.4925325,1.77
2023-05-07,5.004729366928077,1133459801.207102,897655692.9594985,526863771.1446061,3.8219182503174576,9.017924282299177,1568069660.391536,1.75
2023-05-08,5.007147744975885,1133635603.30365,898060120.5243138,526795242.7999921,3.8219765083743473,9.020496263902798,1476674327.892535,1.65
2023-05-09,4.986386547525006,1133724098.81963,898373682.317835,527209896.2692208,3.836419936378333,9.014105211517483,1457577818.777815,1.62
2023-05-10,4.986386547525006,1133724098.81963,898373682.317835,527209896.2692208,3.836419936378333,9.014105211517483,1495737936.1924384,1.66
2023-05-11,4.986386547525006,1133724098.81963,898373682.317835,527209896.2692208,3.836419936378333,9.014105211517483,1437683829.2662077,1.6
2023-05-12,4.986386547525006,1133724098.81963,898373682.317835,527209896.2692208,3.836419936378333,9.014105211517483,1483636884.3439765,1.65
2023-05-13,4.986386547525006,1133724098.81963,898373682.317835,527209896.2692208,3.836419936378333,9.014105211517483,1496643393.0300756,1.66
2023-05-14,4.986386547525006,1133724098.81963,898373682.317835,527209896.2692208,3.836419936378333,9.014105211517483,1490503105.0128472,1.65
2023-05-15,4.986386547525006,1133724098.81963,898373682.317835,527209896.2692208,3.836419936378333,9.014105211517483,1503522976.5112164,1.66
2023-05-16,,,898373682.317835,,,,,
2023-05-17,,,898373682.317835,,,,,
2023-05-18,,,898373682.317835,,,,,
2023-05-19,,,898373682.317835,,,,,
2023-05-20,,,898373682.317835,,,,,
2023-05-21,,,898373682.317835,,,,,
2023-05-22,,,898373682.317835,,,,,
2023-05-23,,,898373682.317835,,,,,
2023-05-24,,,898373682.317835,,,,,
2023-05-25,,,898373682.317835,,,,,
2023-05-26,,,898373682.317835,,,,,
2023-05-27,,,898373682.317835,,,,,
2023-05-28,,,898373682.317835,,,,,
2023-05-29,,,898373682.317835,,,,,
2023-05-30,,,898373682.317835,,,,,
2023-05-31,,,898373682.317835,,,,,
2023-06-01,,,898373682.317835,,,,,
2023-06-02,,,911834488.3793144,,,,,
2023-06-03,,,912147996.0598809,,,,,
2023-06-04,,,912549715.789102,,,,,
2023-06-05,,,912952840.7013602,,,,,
2023-06-06,,,913354722.4819545,,,,,
2023-06-07,,,913669037.67633,,,,,
2023-06-08,,,914073521.8572898,,,,,
2023-06-09,,,914477065.046018,,,,,
2023-06-10,,,914879725.974142,,,,,
2023-06-11,,,915192595.0617096,,,,,
2023-06-12,,,915596442.6857834,,,,,
2023-06-13,,,916000353.9715532,,,,,
2023-06-14,,,916298612.480886,,,,,
2023-06-15,,,921014702.617816,,,,,
2023-06-16,,,921363702.8126888,,,,,
2023-06-17,,,921935694.2700754,,,,,
2023-06-18,,,922339167.2101806,,,,,
2023-06-19,,,922740485.6841768,,,,,
2023-06-20,,,923056950.8033104,,,,,
2023-06-21,,,923460340.1522822,,,,,
2023-06-22,,,923862912.2021774,,,,,
2023-06-23,,,924344576.7514324,,,,,
2023-06-24,,,924657271.676262,,,,,
2023-06-25,,,925057777.0880666,,,,,
2023-06-26,,,925458869.4349308,,,,,
2023-06-27,,,925858054.4758044,,,,,
2023-06-28,,,926257313.9550889,,,,,
2023-06-29,,,926570499.9711156,,,,,
2023-06-30,,,926534410.3352816,,,,,
2023-07-01,,,926937881.034576,,,,,
2023-07-02,,,927341457.5458156,,,,,
2023-07-03,,,927847677.7244408,,,,,
2023-07-04,,,928251156.713365,,,,,
2023-07-05,,,928655049.1050828,,,,,
2023-07-06,,,928655049.1050828,,,,,
2023-07-07,,,929369483.7838068,,,,,
2023-07-08,,,929770980.2786236,,,,,
2023-07-09,,,930171918.4287477,,,,,
2023-07-10,,,930574976.942684,,,,,
2023-07-11,,,930574976.942684,,,,,
2023-07-12,,,930574976.942684,,,,,
2023-07-13,,,930574976.942684,,,,,
2023-07-14,,,930574976.942684,,,,,
2023-07-15,,,930574976.942684,,,,,
2023-07-16,,,930574976.942684,,,,,
2023-07-17,,,930574976.942684,,,,,
2023-07-18,,,930574976.942684,,,,,
2023-07-19,,,930574976.942684,,,,,
2023-07-20,,,930574976.942684,,,,,
2023-07-21,,,930574976.942684,,,,,
2023-07-22,,,930574976.942684,,,,,
2023-07-23,,,930574976.942684,,,,,
2023-07-24,,,930574976.942684,,,,,
2023-07-25,,,930574976.942684,,,,,
2023-07-26,,,930574976.942684,,,,,
2023-07-27,,,930574976.942684,,,,,
2023-07-28,,,930574976.942684,,,,,
2023-07-29,,,930574976.942684,,,,,
2023-07-30,,,930574976.942684,,,,,
2023-07-31,,,930574976.942684,,,,,
2023-08-01,,,930574976.942684,,,,,
2023-08-02,,,930574976.942684,,,,,
2023-08-03,,,930574976.942684,,,,,
2023-08-04,,,930574976.942684,,,,,
2023-08-05,,,930574976.942684,,,,,
2023-08-06,,,930574976.942684,,,,,
2023-08-07,,,930574976.942684,,,,,
2023-08-08,,,930574976.942684,,,,,
2023-08-09,,,930574976.942684,,,,,
2023-08-10,,,930574976.942684,,,,,
2023-08-11,,,941671517.686093,,,,,
2023-08-12,,,941671517.686093,,,,,
2023-08-13,,,941671517.686093,,,,,
2023-08-14,,,941671517.686093,,,,,
2023-08-15,,,941671517.686093,,,,,
2023-08-16,,,941671517.686093,,,,,
2023-08-17,,,941671517.686093,,,,,
2023-08-18,,,941671517.686093,,,,,
2023-08-19,,,941671517.686093,,,,,
2023-08-20,,,941671517.686093,,,,,
2023-08-21,,,941671517.686093,,,,,
2023-08-22,,,941671517.686093,,,,,
2023-08-23,,,941671517.686093,,,,,
2023-08-24,,,941671517.686093,,,,,
2023-08-25,,,941671517.686093,,,,,
2023-08-26,,,941671517.686093,,,,,
2023-08-27,,,941671517.686093,,,,,
2023-08-28,,,941671517.686093,,,,,
2023-08-29,,,941671517.686093,,,,,
2023-08-30,,,941671517.686093,,,,,
2023-08-31,,,941671517.686093,,,,,
2023-09-01,,,941671517.686093,,,,,
2023-09-02,,,941671517.686093,,,,,
2023-09-03,,,941671517.686093,,,,,
2023-09-04,,,941671517.686093,,,,,
2023-09-05,,,941671517.686093,,,,,
2023-09-06,,,941671517.686093,,,,,
2023-09-07,,,941671517.686093,,,,,
2023-09-08,,,941671517.686093,,,,,
2023-09-09,,,941671517.686093,,,,,
2023-09-10,,,941671517.686093,,,,,
2023-09-11,,,941671517.686093,,,,,
2023-09-12,,,941671517.686093,,,,,
2023-09-13,,,941671517.686093,,,,,
2023-09-14,,,941671517.686093,,,,,
2023-09-15,,,941671517.686093,,,,,
2023-09-16,,,941671517.686093,,,,,
2023-09-17,,,941671517.686093,,,,,
2023-09-18,,,941671517.686093,,,,,
2023-09-19,,,941671517.686093,,,,,
2023-09-20,,,941671517.686093,,,,,
2023-09-21,,,941671517.686093,,,,,
2023-09-22,,,941671517.686093,,,,,
2023-09-23,,,941671517.686093,,,,,
2023-09-24,,,941671517.686093,,,,,
2023-09-25,,,941671517.686093,,,,,
2023-09-26,,,941671517.686093,,,,,
2023-09-27,,,941671517.686093,,,,,
2023-09-28,,,941671517.686093,,,,,
2023-09-29,,,945855871.4509504,,,,,
2023-09-30,,,971954583.7411456,,,,,
2023-10-01,,,975417563.5571482,,,,,
2023-10-02,,,975822146.1997756,,,,,
2023-10-03,,,976158397.3915868,,,,,
2023-10-04,,,976564896.2026032,,,,,
2023-10-05,,,976969915.6241074,,,,,
2023-10-06,,,977372817.7417651,,,,,
2023-10-07,,,977685835.1809424,,,,,
2023-10-08,,,978086801.7768942,,,,,
2023-10-09,,,978086801.7768942,,,,,
2023-10-10,,,978890134.3180832,,,,,
2023-10-11,,,979205364.0137278,,,,,
2023-10-12,,,979205364.0137278,,,,,
2023-10-13,,,980008351.3106052,,,,,
2023-10-14,,,980008351.3106052,,,,,
2023-10-15,,,984690774.3275852,,,,,
2023-10-16,,,985261964.2920544,,,,,
2023-10-17,,,985261964.2920544,,,,,
2023-10-18,,,985928694.6877228,,,,,
2023-10-19,,,985928694.6877228,,,,,
2023-10-20,,,986506769.545054,,,,,
2023-10-21,,,986506769.545054,,,,,
2023-10-22,,,987179551.3734185,,,,,
2023-10-23,,,987422875.296108,,,,,
2023-10-24,,,987755628.8785594,,,,,
2023-10-25,,,988100480.6666172,,,,,
2023-10-26,,,988318041.1154498,,,,,
2023-10-27,,,988318041.1154498,,,,,
2023-10-28,,,988618307.9604762,,,,,
2023-10-29,,,989205460.6181084,,,,,
2023-10-30,,,989539528.3649924,,,,,
2023-10-31,,,989873081.7114989,,,,,
2023-11-01,,,990207384.1681676,,,,,
2023-11-02,,,990207384.1681676,,,,,
2023-11-03,,,990450493.3515832,,,,,
2023-11-04,,,991110938.3054254,,,,,
2023-11-05,,,991439498.976851,,,,,
2023-11-06,,,991680040.5258846,,,,,
2023-11-07,,,992008348.0860142,,,,,
2023-11-08,,,992340208.2997484,,,,,
2023-11-09,,,992674873.957544,,,,,
2023-11-10,,,992918846.0500551,,,,,
2023-11-11,,,993244290.4591452,,,,,
2023-11-12,,,993568488.1905984,,,,,
2023-11-13,,,993892521.9353844,,,,,
2023-11-14,,,998518134.5579276,,,,,
2023-11-15,,,998758172.869773,,,,,
2023-11-16,,,999109800.7850764,,,,,
2023-11-17,,,999432711.397579,,,,,
2023-11-18,,,999680117.6432916,,,,,
2023-11-19,,,1000013914.1534312,,,,,
2023-11-20,,,1000344919.0719324,,,,,
2023-11-21,,,1000676805.9370664,,,,,
2023-11-22,,,1000915616.6257936,,,,,
2023-11-23,,,1001257133.4802792,,,,,
2023-11-24,,,1001580233.6760322,,,,,
2023-11-25,,,1001920691.2484032,,,,,
2023-11-26,,,1002159850.471344,,,,,
2023-11-27,,,1002491129.5057888,,,,,
2023-11-28,,,1002821297.0617154,,,,,
2023-11-29,,,1002821297.0617154,,,,,
2023-11-30,,,1003354101.3999088,,,,,
2023-12-01,,,1003373422.4098164,,,,,
2023-12-02,,,1003373422.4098164,,,,,
2023-12-03,,,1003653961.9094172,,,,,
2023-12-04,,,1003653961.9094172,,,,,
2023-12-05,,,1003653961.9094172,,,,,
2023-12-06,,,1003653961.9094172,,,,,
2023-12-07,,,1003653961.9094172,,,,,
2023-12-08,,,1003653961.9094172,,,,,
2023-12-09,,,1003804576.8127908,,,,,
2023-12-10,,,1004082457.0221092,,,,,
2023-12-11,,,1004328039.814288,,,,,
2023-12-12,,,1004666471.6828347,,,,,
2023-12-13,,,1004666471.6828347,,,,,
2023-12-14,,,1004666471.6828347,,,,,
2023-12-15,,,1004666471.6828347,,,,,
2023-12-16,,,1004666471.6828347,,,,,
2023-12-17,,,1005003473.2466632,,,,,
2023-12-18,,,1005003473.2466632,,,,,
2023-12-19,,,1005003473.2466632,,,,,
2023-12-20,,,1005003473.2466632,,,,,
2023-12-21,,,1005003473.2466632,,,,,
2023-12-22,,,1005003473.2466632,,,,,
2023-12-23,,,1005570807.3611465,,,,,
2023-12-24,,,1006541430.0194632,,,,,
2023-12-25,,,1006863358.6231488,,,,,
2023-12-26,,,1012037855.7939566,,,,,
2023-12-27,,,1012676456.2588284,,,,,
2023-12-28,,,1012676456.2588284,,,,,
2023-12-29,,,1012996712.5359188,,,,,
2023-12-30,,,1013317644.5593914,,,,,
2023-12-31,,,1013317644.5593914,,,,,
2024-01-01,,,1013645174.2509685,,,,,
2024-01-02,,,1013883365.9132264,,,,,
2024-01-03,,,1013883365.9132264,,,,,
2024-01-04,,,1013883365.9132264,,,,,
2024-01-05,,,1013883365.9132264,,,,,
2024-01-06,,,1013883365.9132264,,,,,
2024-01-07,,,1013883365.9132264,,,,,
2024-01-08,,,1013883365.9132264,,,,,
2024-01-09,,,1013883365.9132264,,,,,
2024-01-10,,,1013883365.9132264,,,,,
2024-01-11,,,1013883365.9132264,,,,,
2024-01-12,,,1014215429.4387364,,,,,
2024-01-13,,,1014551771.2125636,,,,,
2024-01-14,,,1014880170.8840634,,,,,
2024-01-15,,,1015120816.0913818,,,,,
2024-01-16,,,1015781093.2167376,,,,,
2024-01-17,,,1026502912.5976864,,,,,
2024-01-18,,,1027136171.8021986,,,,,
2024-01-19,,,1027448903.0560614,,,,,
2024-01-20,,,1027763661.9685432,,,,,
2024-01-21,,,1028075415.678764,,,,,
2024-01-22,,,1028075415.678764,,,,,
2024-01-23,,,1028385322.943144,,,,,
2024-01-24,,,1028385322.94314,,,,,
2024-01-25,,,1028620840.45732,,,,,
2024-01-26,,,1028620840.45732,,,,,
2024-01-27,,,1028620840.45732,,,,,
2024-01-28,,,1028620840.45732,,,,,
2024-01-29,,,901377649.791203,,,,,
2024-01-30,,,1030816683.3357,,,,,
2024-01-31,,,1031037152.32197,,,,,
2024-02-01,,,1031341927.97558,,,,,
2024-02-02,,,1031649673.488,,,,,
2024-02-03,,,1031959830.98836,,,,,
2024-02-04,,,1032271854.09316,,,,,
2024-02-05,,,1032271854.09316,,,,,
2024-02-06,,,1032271854.09316,,,,,
2024-02-07,,,1032271854.09316,,,,,
2024-02-08,,,1033454918.70584,,,,,
2024-02-09,,,1033765100.4012,,,,,
2024-02-10,,,1033988475.39009,,,,,
2024-02-11,,,1034306223.26687,,,,,
2024-02-12,,,1034628436.6419,,,,,
2024-02-13,,,1039156880.1147,,,,,
2024-02-14,,,1039156880.1147,,,,,
2024-02-15,,,1039156880.1147,,,,,
2024-02-16,,,1039156880.1147,,,,,
2024-02-17,,,1039156880.1147,,,,,
2024-02-18,,,1039156880.1147,,,,,
2024-02-19,,,1039156880.1147,,,,,
2024-02-20,,,1039156880.1147,,,,,
2024-02-21,,,1039156880.1147,,,,,
2024-02-22,,,1039156880.1147,,,,,
2024-02-23,,,1039156880.1147,,,,,
2024-02-24,,,1039156880.1147,,,,,
2024-02-25,,,1039156880.1147,,,,,
2024-02-26,,,1039156880.1147,,,,,
2024-02-27,,,1039156880.1147,,,,,
2024-02-28,,,1039156880.1147,,,,,
2024-02-29,,,1039156880.1147,,,,,
2024-03-01,,,1039156880.1147,,,,,
2024-03-02,,,1039156880.1147,,,,,
2024-03-03,,,1039156880.1147,,,,,
2024-03-04,,,1039156880.1147,,,,,
2024-03-05,,,1039156880.1147,,,,,
2024-03-06,,,1039156880.1147,,,,,
2024-03-07,,,1039156880.1147,,,,,
2024-03-08,,,1039156880.1147,,,,,
2024-03-09,,,1039156880.1147,,,,,
2024-03-10,,,1039156880.1147,,,,,
2024-03-11,,,1039156880.1147,,,,,
2024-03-12,,,1039156880.1147,,,,,
2024-03-13,,,1039156880.1147,,,,,
2024-03-14,,,1039156880.1147,,,,,
2024-03-15,,,1039156880.1147,,,,,
2024-03-16,,,1039156880.1147,,,,,
2024-03-17,,,1039156880.1147,,,,,
2024-03-18,,,1039156880.1147,,,,,
2024-03-19,,,1039156880.1147,,,,,
2024-03-20,,,1039156880.1147,,,,,
2024-03-21,,,1039156880.1147,,,,,
2024-03-22,,,1039156880.1147,,,,,
2024-03-23,,,1039156880.1147,,,,,
2024-03-24,,,1039156880.1147,,,,,
2024-03-25,,,1039156880.1147,,,,,
2024-03-26,,,1039156880.1147,,,,,
2024-03-27,,,1039156880.1147,,,,,
2024-03-28,,,1039156880.1147,,,,,
2024-03-29,,,1039156880.1147,,,,,
2024-03-30,,,1039156880.1147,,,,,
2024-03-31,,,1039156880.1147,,,,,
2024-04-01,,,1039156880.1147,,,,,
2024-04-02,,,1039156880.1147,,,,,
2024-04-03,,,1039156880.1147,,,,,
2024-04-04,,,1039156880.1147,,,,,
2024-04-05,,,1059042661.6857,,,,,
2024-04-06,,,1059376281.55158,,,,,
2024-04-07,,,1059699429.42897,,,,,
2024-04-08,,,1059922521.67501,,,,,
2024-04-09,,,1060240960.44088,,,,,
2024-04-10,,,1060560050.83108,,,,,
2024-04-11,,,1060786577.46778,,,,,
2024-04-12,,,1061109813.61522,,,,,
2024-04-13,,,1065728011.89191,,,,,
2024-04-14,,,1065959022.93909,,,,,
2024-04-15,,,1066295976.81538,,,,,
2024-04-16,,,1066616157.50087,,,,,
2024-04-17,,,1066865956.71287,,,,,
2024-04-18,,,1066538745.1388,,,,,
2024-04-19,,,1063890016.32319,,,,,
2024-04-20,,,1064237108.7101,,,,,
2024-04-21,,,1064579556.20455,,,,,
2024-04-22,,,1064824186.90715,,,,,
2024-04-23,,,1065164766.23427,,,,,
2024-04-24,,,1065507990.62748,,,,,
