date,ETH,BNB,ADA,SUI,TRX,APT,SOL,AVAX,NEAR,TIA,DOT,ATOM
2022-01-01,3747.09,524.75,1.36,,0.076022,,176.59,113.06,15.01,,28.29,36.26
2022-01-02,3827.5,531.88,1.37,,0.077771,,176.32,113.51,14.4,,29.91,35.08
2022-01-03,3735.16,512.98,1.33,,0.07699,,169.32,108.5,15.89,,29.99,38.58
2022-01-04,3819.82,510.94,1.32,,0.076634,,169.05,105.19,16.54,,29.35,42.25
2022-01-05,3842.21,513.68,1.32,,0.07772,,169.38,101.75,17.06,,30.36,38.59
2022-01-06,3432.43,475.81,1.27,,0.071272,,151.55,95.32,15.83,,26.93,39.51
2022-01-07,3213.6,450.55,1.22,,0.0684,,138.87,87.67,15.38,,25.34,40.3
2022-01-08,3122.16,434.86,1.2,,0.066532,,146.95,84.63,14.3,,24.26,36.82
2022-01-09,3198.7,442.86,1.19,,0.066767,,142.62,90.74,13.82,,25.03,35.67
2022-01-10,3086.86,424.62,1.14,,0.063489,,135.65,84.56,15.14,,23.7,37.41
2022-01-11,3239.6,461.17,1.19,,0.064965,,141.1,89.28,18.08,,25.58,39.19
2022-01-12,3372.9,487.09,1.3,,0.067951,,151.96,94.6,17.63,,27.37,41.34
2022-01-13,3283.52,480.1,1.25,,0.066967,,149.54,91.99,19.74,,26.28,39.07
2022-01-14,3325.14,489.48,1.29,,0.068303,,147.84,90.45,19.91,,27.36,39.37
2022-01-15,3336.39,495.04,1.31,,0.068678,,148.06,93.1,19.31,,27.89,39.97
2022-01-16,3350.1,501.33,1.41,,0.069886,,147.57,92.88,20.47,,27.71,42.58
2022-01-17,3168.06,470.73,1.53,,0.070198,,138.3,86.09,17.63,,25.37,38.81
2022-01-18,3160.77,469.05,1.48,,0.068803,,140.39,86.17,17.73,,25.19,38.89
2022-01-19,3118.47,467.12,1.34,,0.069012,,135.75,83.38,16.33,,24.14,36.62
2022-01-20,3082.52,449.51,1.29,,0.06914,,132.21,81.57,15.83,,23.56,38.98
2022-01-21,2605.3,390.8,1.14,,0.060733,,113.52,66.46,12.81,,20.13,33.61
2022-01-22,2434.84,362.0,1.09,,0.05719,,95.76,60.28,11.71,,18.51,29.72
2022-01-23,2431.78,368.48,1.07,,0.056374,,95.94,61.68,11.1,,18.07,32.85
2022-01-24,2440.26,370.94,1.08,,0.054959,,92.77,62.71,10.67,,18.06,35.59
2022-01-25,2425.92,380.17,1.03,,0.05563,,93.37,67.39,11.81,,18.45,35.66
2022-01-26,2546.73,386.52,1.11,,0.056642,,96.83,68.49,11.74,,18.74,33.47
2022-01-27,2327.01,374.16,1.03,,0.055362,,86.45,62.49,10.04,,17.64,29.23
2022-01-28,2544.06,384.3,1.05,,0.057675,,92.16,67.03,10.77,,18.37,29.51
2022-01-29,2608.52,387.58,1.06,,0.059826,,95.7,72.07,11.02,,18.77,28.95
2022-01-30,2569.01,375.75,1.04,,0.058588,,92.56,67.83,10.4,,18.02,26.85
2022-01-31,2683.27,379.2,1.05,,0.058904,,99.69,69.7,10.99,,19.47,28.25
2022-02-01,2800.22,387.24,1.08,,0.060336,,111.23,72.45,11.28,,19.82,29.27
2022-02-02,2665.96,369.49,1.04,,0.05936,,99.58,68.84,11.23,,18.89,26.5
2022-02-03,2658.64,370.74,1.06,,0.059592,,100.7,68.55,10.87,,18.77,29.78
2022-02-04,2947.83,394.88,1.11,,0.06382,,110.26,75.93,12.62,,20.09,30.74
2022-02-05,3035.07,414.21,1.13,,0.065191,,114.51,77.41,12.95,,21.45,30.94
2022-02-06,3003.36,413.01,1.13,,0.065755,,113.1,76.25,13.05,,21.24,30.56
2022-02-07,3152.2,434.42,1.19,,0.068647,,117.66,83.33,13.59,,22.39,31.7
2022-02-08,3118.11,410.25,1.18,,0.06802,,113.33,85.94,12.71,,21.69,30.51
2022-02-09,3242.33,425.44,1.21,,0.069762,,114.79,90.19,12.97,,22.1,30.88
2022-02-10,3125.45,418.23,1.17,,0.069474,,108.31,92.47,12.05,,20.91,29.5
2022-02-11,2925.24,398.69,1.092,,0.064166,,97.11,82.12,10.81,,18.97,27.52
2022-02-12,2888.78,400.1,1.055,,0.06323,,95.77,81.1,10.68,,18.8,27.07
2022-02-13,2885.22,399.45,1.045,,0.064419,,93.38,78.72,10.42,,18.75,26.49
2022-02-14,2929.73,402.26,1.046,,0.064669,,96.27,81.72,10.42,,18.68,27.11
2022-02-15,3107.57,428.16,1.093,,0.06634,,101.49,90.04,11.25,,19.81,28.65
2022-02-16,3137.53,427.51,1.086,,0.066442,,102.31,95.27,11.24,,19.89,28.58
2022-02-17,2893.75,404.85,1.026,,0.062799,,94.04,89.26,10.62,,18.2,28.59
2022-02-18,2775.67,397.4,0.9968,,0.06301,,90.07,83.84,10.25,,17.76,26.88
2022-02-19,2744.1,398.29,0.989074,,0.063183,,90.17,83.72,9.9,,17.67,26.53
2022-02-20,2616.53,381.41,0.940756,,0.062182,,92.17,77.64,9.36,,16.94,26.39
2022-02-21,2603.38,363.51,0.892751,,0.060844,,85.53,72.42,8.82,,16.35,24.83
2022-02-22,2616.31,372.5,0.88103,,0.062665,,85.65,72.76,8.71,,16.34,24.47
2022-02-23,2627.18,369.92,0.891945,,0.061932,,86.58,76.06,8.77,,16.21,26.12
2022-02-24,2628.4,361.8,0.863933,,0.06083,,89.61,76.14,8.49,,16.13,24.77
2022-02-25,2706.34,369.05,0.880569,,0.058347,,91.45,78.1,8.77,,16.61,27.35
2022-02-26,2823.91,376.2,0.903966,,0.059619,,91.62,84.2,9.25,,18.34,29.98
2022-02-27,2618.93,363.0,0.851991,,0.058241,,85.4,75.01,8.49,,17.49,27.32
2022-02-28,2839.47,388.21,0.936431,,0.060288,,98.55,82.21,9.2,,18.16,29.93
2022-03-01,2952.79,405.77,0.958435,,0.061685,,97.31,85.82,11.48,,18.78,30.52
2022-03-02,2970.06,410.2,0.946831,,0.061815,,101.39,84.07,11.3,,18.78,32.35
2022-03-03,2827.72,402.05,0.902297,,0.05972,,95.82,79.26,11.09,,18.02,33.91
2022-03-04,2612.24,378.51,0.842799,,0.058123,,88.88,76.8,10.61,,16.78,30.85
2022-03-05,2658.12,384.0,0.864002,,0.060295,,89.33,76.82,10.39,,17.3,31.06
2022-03-06,2639.49,381.89,0.845196,,0.059847,,86.03,74.04,10.55,,17.57,28.71
2022-03-07,2502.28,383.26,0.80387,,0.058724,,81.88,72.13,9.75,,16.34,28.72
2022-03-08,2564.82,380.2,0.794399,,0.060286,,81.89,72.86,9.66,,16.88,27.71
2022-03-09,2715.95,392.32,0.845044,,0.060628,,87.32,77.02,11.4,,17.71,30.21
2022-03-10,2602.38,370.19,0.807547,,0.059745,,82.75,73.73,11.15,,16.97,28.06
2022-03-11,2572.17,372.78,0.794911,,0.060449,,81.23,71.64,10.37,,17.85,27.67
2022-03-12,2590.12,375.32,0.795757,,0.059747,,81.98,71.4,10.34,,18.24,27.48
2022-03-13,2566.07,371.06,0.803429,,0.059879,,80.01,69.79,10.07,,17.92,26.79
2022-03-14,2578.93,366.0,0.796378,,0.059957,,80.91,67.56,9.95,,17.59,26.76
2022-03-15,2637.65,373.64,0.806952,,0.060658,,84.28,71.03,10.22,,17.98,27.26
2022-03-16,2765.35,384.7,0.829005,,0.060822,,86.06,73.64,10.59,,19.07,28.69
2022-03-17,2817.96,390.27,0.838734,,0.060847,,88.65,78.96,10.82,,18.8,28.39
2022-03-18,2954.32,396.85,0.853018,,0.061375,,90.02,86.05,11.4,,19.02,28.65
2022-03-19,2933.6,399.01,0.898425,,0.061767,,92.24,90.43,11.28,,19.49,28.62
2022-03-20,2868.14,391.9,0.880661,,0.061357,,88.94,86.38,10.67,,18.7,27.79
2022-03-21,2916.87,397.31,0.906321,,0.061727,,89.09,87.51,10.89,,18.84,27.96
2022-03-22,3008.81,405.93,0.97855,,0.063211,,91.98,85.99,11.19,,20.05,28.14
2022-03-23,3001.04,405.45,1.068,,0.063717,,93.77,85.07,12.23,,20.91,27.88
2022-03-24,3101.63,413.24,1.15,,0.065562,,102.29,87.38,13.06,,21.18,29.16
2022-03-25,3106.05,411.52,1.1,,0.064499,,98.33,83.32,12.26,,20.63,28.24
2022-03-26,3136.26,414.92,1.15,,0.065121,,102.07,86.04,12.74,,20.81,28.65
2022-03-27,3269.78,427.22,1.17,,0.068757,,105.07,87.93,12.98,,21.92,29.35
2022-03-28,3374.75,434.51,1.2,,0.070239,,110.12,92.46,12.92,,22.56,30.57
2022-03-29,3376.2,432.92,1.18,,0.068808,,110.99,91.45,13.98,,22.1,29.82
2022-03-30,3383.34,442.26,1.19,,0.071864,,120.03,96.37,13.91,,22.47,30.19
2022-03-31,3286.45,429.77,1.16,,0.074713,,124.27,95.75,13.36,,21.51,28.89
2022-04-01,3450.84,445.04,1.17,,0.074622,,136.71,97.81,14.44,,22.11,29.56
2022-04-02,3481.97,442.52,1.17,,0.073931,,136.91,98.24,15.2,,23.27,32.0
2022-04-03,3537.04,450.11,1.19,,0.073144,,137.8,98.6,16.42,,23.34,32.41
2022-04-04,3511.72,445.95,1.2,,0.070612,,131.04,94.82,17.15,,22.51,31.08
2022-04-05,3453.02,450.31,1.19,,0.069991,,129.45,92.37,16.35,,22.25,29.71
2022-04-06,3230.41,426.56,1.095,,0.064285,,117.62,85.21,16.09,,20.23,27.54
2022-04-07,3220.5,435.5,1.087,,0.064137,,117.55,87.1,16.32,,20.35,27.47
2022-04-08,3223.58,425.93,1.044,,0.063239,,111.92,85.17,17.54,,19.75,27.34
2022-04-09,3245.97,423.24,1.036,,0.063582,,110.7,83.64,16.83,,19.58,27.06
2022-04-10,3276.52,424.81,1.058,,0.063496,,113.23,83.75,16.47,,19.88,26.9
2022-04-11,2974.92,393.09,0.923038,,0.058073,,98.9,73.02,15.49,,17.15,23.56
2022-04-12,3008.33,412.83,0.94685,,0.059694,,102.52,75.59,16.02,,17.56,24.57
2022-04-13,3109.61,422.86,0.970405,,0.061452,,104.43,79.74,16.76,,18.2,24.86
2022-04-14,3024.41,416.33,0.939929,,0.060208,,100.95,77.41,16.38,,17.87,24.07
2022-04-15,3035.02,417.4,0.954374,,0.062036,,100.99,77.08,15.9,,18.32,24.13
2022-04-16,3074.44,418.49,0.952732,,0.062161,,102.83,78.18,16.01,,18.61,24.31
2022-04-17,3057.44,414.52,0.941825,,0.061522,,102.66,77.41,16.24,,18.24,24.04
2022-04-18,3045.73,416.89,0.934311,,0.06136,,101.88,77.69,16.29,,18.23,23.87
2022-04-19,3098.88,420.89,0.948484,,0.06322,,107.36,79.51,17.02,,18.9,24.52
2022-04-20,3084.2,419.55,0.942241,,0.062586,,107.17,78.58,16.72,,19.14,24.35
2022-04-21,3004.65,406.26,0.90792,,0.072343,,101.78,75.31,15.41,,18.47,23.38
2022-04-22,2951.19,407.77,0.906742,,0.067669,,100.57,74.17,15.37,,18.36,23.02
2022-04-23,2968.32,406.26,0.900127,,0.068546,,102.1,73.73,15.66,,19.07,23.32
2022-04-24,2948.64,402.06,0.890838,,0.066222,,100.29,72.43,15.24,,18.39,22.49
2022-04-25,3008.16,403.16,0.896262,,0.064707,,100.11,72.08,14.31,,18.04,22.03
2022-04-26,2843.43,387.64,0.839336,,0.062737,,97.38,69.56,13.19,,16.93,20.61
2022-04-27,2887.89,391.08,0.843477,,0.063132,,98.71,69.82,12.73,,17.01,21.67
2022-04-28,2934.71,405.9,0.845941,,0.063471,,97.97,67.27,12.41,,17.01,20.71
2022-04-29,2811.92,393.12,0.805596,,0.063217,,93.88,63.14,11.31,,16.06,19.48
2022-04-30,2792.88,387.39,0.773043,,0.064052,,88.64,57.6,10.72,,15.29,18.32
2022-05-01,2819.24,389.77,0.78537,,0.070289,,89.28,58.94,11.74,,15.25,18.08
2022-05-02,2869.91,389.79,0.786145,,0.067517,,88.15,60.97,11.89,,15.12,18.02
2022-05-03,2789.65,382.9,0.770321,,0.070208,,86.24,59.43,11.59,,14.73,17.64
2022-05-04,2938.7,402.46,0.89104,,0.083118,,92.15,66.71,12.84,,16.21,19.75
2022-05-05,2746.57,378.19,0.796167,,0.074,,84.75,59.36,11.25,,14.54,17.99
2022-05-06,2694.96,381.48,0.784535,,0.08524,,81.93,56.79,10.77,,14.33,17.77
2022-05-07,2636.47,366.71,0.767689,,0.083164,,79.31,55.28,10.36,,13.79,16.47
2022-05-08,2543.76,358.05,0.751558,,0.086963,,75.97,52.33,11.05,,13.43,16.01
2022-05-09,2295.43,308.35,0.633663,,0.075746,,66.39,44.54,10.11,,11.22,13.73
2022-05-10,2305.15,314.4,0.624525,,0.076301,,65.39,43.85,9.43,,11.14,13.46
2022-05-11,2096.85,270.58,0.521965,,0.074004,,47.33,30.33,6.5,,8.93,10.41
2022-05-12,1915.59,266.04,0.46101,,0.066855,,43.06,28.87,6.19,,8.33,9.22
2022-05-13,2071.51,297.69,0.574662,,0.072081,,50.39,34.35,7.57,,10.13,10.98
2022-05-14,2034.5,290.36,0.531107,,0.072147,,51.12,33.06,6.54,,11.23,10.69
2022-05-15,2148.53,310.36,0.595453,,0.072291,,57.48,36.74,7.27,,11.71,12.24
2022-05-16,2048.75,300.85,0.571325,,0.070184,,55.18,33.87,6.77,,10.93,11.37
2022-05-17,2093.25,305.89,0.580179,,0.072762,,56.74,34.31,6.64,,11.14,11.56
2022-05-18,1956.8,293.72,0.525096,,0.071557,,50.82,30.57,6.07,,9.82,10.33
2022-05-19,2004.57,304.78,0.528632,,0.073779,,52.26,30.04,6.01,,10.04,10.68
2022-05-20,1968.06,303.46,0.520535,,0.07161,,50.03,29.16,5.81,,9.74,11.2
2022-05-21,1971.64,311.98,0.525192,,0.073946,,49.78,29.37,5.92,,9.91,10.89
2022-05-22,2028.56,318.31,0.540583,,0.078085,,52.29,31.38,6.2,,10.1,11.45
2022-05-23,1989.63,323.63,0.520086,,0.079806,,49.99,29.63,5.99,,10.18,11.37
2022-05-24,1983.64,328.83,0.520396,,0.081083,,49.67,29.05,5.9,,10.19,11.06
2022-05-25,1967.39,328.98,0.517577,,0.085056,,48.68,27.69,5.79,,9.99,10.81
2022-05-26,1836.64,312.9,0.485103,,0.082021,,44.53,24.42,5.37,,9.38,9.73
2022-05-27,1743.34,302.62,0.459737,,0.079401,,41.64,22.82,4.82,,9.28,9.42
2022-05-28,1783.77,307.96,0.464529,,0.081081,,43.93,24.85,4.94,,9.61,9.38
2022-05-29,1802.23,304.1,0.475634,,0.080322,,44.62,25.79,5.15,,9.84,9.51
2022-05-30,1986.25,320.65,0.559585,,0.083666,,47.22,27.59,5.68,,10.52,10.46
2022-05-31,1948.86,319.92,0.611558,,0.082039,,45.73,26.36,5.91,,10.49,10.21
2022-06-01,1798.61,298.89,0.544234,,0.08435,,40.46,23.75,5.3,,9.4,9.27
2022-06-02,1844.36,307.61,0.587819,,0.084505,,41.0,24.69,5.6,,9.99,9.67
2022-06-03,1793.34,299.63,0.575262,,0.082159,,38.72,23.39,5.36,,9.49,9.34
2022-06-04,1805.02,301.23,0.56823,,0.08071,,38.84,24.06,5.37,,9.51,9.26
2022-06-05,1817.58,300.93,0.574038,,0.082025,,39.83,24.92,5.43,,9.48,9.35
2022-06-06,1875.03,297.71,0.616489,,0.082024,,42.93,26.13,5.5,,9.56,9.47
2022-06-07,1843.65,292.54,0.624039,,0.082542,,40.52,25.28,5.32,,9.36,9.21
2022-06-08,1807.51,290.01,0.652903,,0.081346,,39.23,24.38,5.18,,9.1,8.91
2022-06-09,1794.9,289.7,0.633899,,0.081197,,39.95,24.4,5.08,,9.25,8.8
2022-06-10,1681.46,286.96,0.584832,,0.07934,,37.87,22.61,4.58,,8.77,8.26
2022-06-11,1544.15,272.07,0.565343,,0.076243,,34.4,20.4,4.15,,8.17,7.64
2022-06-12,1472.08,261.26,0.514043,,0.07648,,31.96,18.2,3.88,,7.7,7.36
2022-06-13,1227.58,224.99,0.471204,,0.063515,,28.06,16.03,3.46,,7.05,6.37
2022-06-14,1169.79,216.56,0.468849,,0.054742,,28.39,15.74,3.28,,7.15,6.2
2022-06-15,1236.2,229.18,0.536775,,0.063051,,34.1,17.98,3.63,,8.28,7.23
2022-06-16,1163.39,222.49,0.503051,,0.060667,,32.53,16.88,3.45,,7.84,6.86
2022-06-17,1087.17,216.54,0.491141,,0.060395,,31.44,16.21,3.35,,7.38,6.48
2022-06-18,951.14,194.64,0.450403,,0.061138,,29.72,14.61,3.1,,7.06,6.09
2022-06-19,1130.34,213.29,0.479083,,0.061493,,34.33,16.08,3.26,,7.45,6.74
2022-06-20,1098.22,213.67,0.483918,,0.060695,,34.29,16.68,3.33,,7.68,6.66
2022-06-21,1127.69,220.88,0.479729,,0.06508,,36.19,16.98,3.49,,7.78,6.84
2022-06-22,1060.78,215.79,0.46403,,0.063456,,34.97,16.44,3.33,,7.54,7.25
2022-06-23,1132.65,227.54,0.474596,,0.063094,,37.52,18.04,3.51,,7.68,8.06
2022-06-24,1232.49,241.22,0.505843,,0.066557,,42.3,20.73,3.98,,8.22,8.3
2022-06-25,1247.37,239.56,0.499653,,0.064979,,42.15,21.39,4.18,,8.13,8.57
2022-06-26,1235.19,238.36,0.502852,,0.065606,,40.61,20.54,3.94,,8.09,8.42
2022-06-27,1203.11,234.2,0.490322,,0.067691,,38.75,19.48,3.76,,7.81,8.01
2022-06-28,1163.34,232.34,0.476921,,0.067132,,35.95,18.67,3.47,,7.47,7.45
2022-06-29,1115.81,221.79,0.470681,,0.065333,,34.34,17.85,3.53,,7.14,7.41
2022-06-30,1020.6,211.95,0.442991,,0.063235,,31.85,16.27,3.23,,6.77,7.15
2022-07-01,1066.77,217.79,0.449874,,0.065089,,32.92,16.32,3.37,,6.8,8.13
2022-07-02,1073.5,219.38,0.459915,,0.065163,,33.74,16.56,3.35,,6.88,8.15
2022-07-03,1077.13,219.44,0.458449,,0.065928,,33.42,16.6,3.33,,6.88,8.19
2022-07-04,1134.13,228.38,0.463132,,0.067102,,35.97,17.69,3.48,,7.08,8.77
2022-07-05,1150.94,232.35,0.459943,,0.068567,,36.09,18.36,3.47,,6.91,9.08
2022-07-06,1184.41,239.5,0.464568,,0.067801,,36.8,19.24,3.54,,6.97,9.0
2022-07-07,1236.52,242.47,0.476358,,0.068522,,38.48,20.22,3.7,,7.27,9.37
2022-07-08,1236.15,242.77,0.470659,,0.069379,,38.6,20.06,3.63,,7.11,9.11
2022-07-09,1223.14,243.84,0.482746,,0.070135,,38.43,20.12,3.83,,7.3,9.13
2022-07-10,1165.75,233.58,0.46333,,0.067356,,36.87,19.08,3.54,,6.84,8.66
2022-07-11,1115.59,227.94,0.441147,,0.065192,,34.32,17.76,3.29,,6.66,8.56
2022-07-12,1045.7,222.56,0.424192,,0.064914,,33.09,17.15,3.24,,6.38,7.76
2022-07-13,1088.56,226.28,0.425739,,0.065687,,34.09,18.17,3.26,,6.36,7.92
2022-07-14,1182.76,237.5,0.437714,,0.066861,,36.57,19.51,3.48,,6.67,8.85
2022-07-15,1258.1,237.42,0.43917,,0.067072,,37.9,19.68,3.55,,6.88,9.25
2022-07-16,1258.1,237.42,0.43917,,0.067072,,37.9,19.68,3.43,,6.75,9.25
2022-07-17,1359.55,249.79,0.448641,,0.067766,,39.19,21.06,3.58,,7.01,9.03
2022-07-18,1489.12,257.96,0.478937,,0.068091,,40.38,22.77,3.93,,7.36,9.27
2022-07-19,1579.01,271.9,0.522094,,0.069568,,46.0,25.23,4.58,,7.93,10.68
2022-07-20,1543.49,261.87,0.499474,,0.068039,,43.18,24.27,4.26,,7.59,9.88
2022-07-21,1580.56,264.89,0.496923,,0.068124,,43.12,24.95,4.36,,7.5,11.04
2022-07-22,1541.57,264.23,0.484897,,0.067248,,40.93,23.97,4.35,,7.35,10.62
2022-07-23,1511.87,254.66,0.48159,,0.066502,,39.4,23.17,4.19,,7.16,9.94
2022-07-24,1620.28,263.9,0.522294,,0.067584,,41.56,24.14,4.44,,7.49,10.14
2022-07-25,1521.4,256.0,0.492836,,0.064953,,38.62,21.87,3.99,,7.07,9.36
2022-07-26,1388.12,245.33,0.460889,,0.065239,,35.6,20.12,3.68,,6.68,8.99
2022-07-27,1613.88,269.5,0.506638,,0.068242,,39.56,23.13,4.06,,7.31,10.04
2022-07-28,1738.95,277.33,0.516322,,0.070035,,43.37,24.32,4.36,,7.9,10.91
2022-07-29,1716.56,296.13,0.523466,,0.069153,,41.95,24.55,4.39,,8.21,10.8
2022-07-30,1686.78,287.76,0.525366,,0.069708,,44.33,24.21,4.36,,8.28,10.62
2022-07-31,1704.07,286.91,0.527791,,0.069903,,43.18,24.37,4.35,,8.98,10.66
2022-08-01,1620.78,281.18,0.508937,,0.070876,,41.1,23.29,4.2,,8.15,10.17
2022-08-02,1655.29,285.18,0.502449,,0.068677,,41.27,23.21,4.41,,8.01,10.11
2022-08-03,1638.93,302.59,0.511541,,0.068534,,39.58,23.83,4.62,,8.29,10.36
2022-08-04,1591.54,310.08,0.500201,,0.06903,,38.44,23.16,4.36,,8.02,10.27
2022-08-05,1702.18,316.04,0.514803,,0.069577,,40.29,24.53,5.13,,8.65,10.84
2022-08-06,1716.13,318.91,0.518742,,0.069973,,40.69,26.71,4.97,,8.62,10.75
2022-08-07,1716.65,323.46,0.534598,,0.070051,,41.15,28.22,5.05,,8.81,11.49
2022-08-08,1772.02,324.28,0.53563,,0.070539,,42.35,28.35,5.47,,9.23,11.78
2022-08-09,1699.21,324.57,0.508955,,0.068892,,40.58,27.68,5.39,,8.92,11.52
2022-08-10,1860.01,329.31,0.537193,,0.070385,,42.43,29.14,6.0,,9.6,11.99
2022-08-11,1892.82,325.59,0.533909,,0.070515,,43.15,29.06,5.81,,9.26,11.9
2022-08-12,1924.25,324.32,0.537211,,0.070165,,44.46,29.1,6.0,,9.37,11.89
2022-08-13,1990.11,326.23,0.564363,,0.070166,,46.71,29.25,5.93,,9.4,11.99
2022-08-14,1938.58,319.4,0.569535,,0.070584,,45.15,28.27,5.58,,8.96,11.64
2022-08-15,1904.1,318.78,0.553569,,0.069071,,43.9,27.67,5.43,,8.8,11.43
2022-08-16,1878.72,316.79,0.562071,,0.069812,,43.24,27.3,5.3,,8.87,11.44
2022-08-17,1839.26,306.49,0.5394,,0.068358,,40.64,25.72,5.0,,8.43,11.74
2022-08-18,1869.25,303.45,0.530782,,0.068398,,41.04,25.39,5.1,,8.41,11.85
2022-08-19,1649.39,280.42,0.454233,,0.064324,,36.38,22.37,4.23,,7.34,10.78
2022-08-20,1579.56,283.5,0.451552,,0.065666,,35.23,22.26,4.14,,7.25,10.3
2022-08-21,1600.81,299.66,0.463451,,0.066114,,36.47,22.83,4.19,,7.39,10.57
2022-08-22,1574.21,298.05,0.45523,,0.064893,,34.68,22.06,4.02,,7.26,10.73
2022-08-23,1652.98,298.64,0.462541,,0.066137,,35.53,23.41,4.27,,7.64,12.13
2022-08-24,1676.53,298.87,0.464744,,0.065657,,35.85,23.28,4.35,,7.7,13.24
2022-08-25,1700.32,302.11,0.469927,,0.065523,,35.6,23.12,4.31,,7.6,13.01
2022-08-26,1559.17,284.45,0.445646,,0.062312,,32.82,21.42,4.06,,7.11,11.85
2022-08-27,1469.43,276.16,0.447645,,0.062626,,31.23,19.98,3.89,,7.02,11.14
2022-08-28,1476.76,281.35,0.44149,,0.062432,,31.6,19.29,3.88,,7.03,10.95
2022-08-29,1545.18,283.95,0.448942,,0.063248,,32.03,19.24,3.99,,7.23,11.28
2022-08-30,1540.21,282.45,0.452312,,0.064733,,31.65,19.48,4.22,,7.03,11.89
2022-08-31,1602.01,287.37,0.458828,,0.064656,,32.68,19.84,4.41,,7.23,12.13
2022-09-01,1588.71,276.81,0.457979,,0.063123,,31.58,19.21,4.34,,7.16,12.6
2022-09-02,1585.2,276.75,0.458072,,0.062792,,31.26,18.94,4.17,,7.37,12.53
2022-09-03,1555.45,277.45,0.483829,,0.063099,,31.11,18.81,4.16,,7.27,12.6
2022-09-04,1568.45,277.49,0.499348,,0.063316,,31.86,18.91,4.21,,7.33,12.89
2022-09-05,1595.45,275.13,0.496654,,0.062888,,32.02,18.88,4.18,,7.3,12.56
2022-09-06,1583.69,265.01,0.46483,,0.06102,,31.07,18.42,4.13,,6.92,11.96
2022-09-07,1647.54,279.02,0.479554,,0.061806,,32.66,19.11,4.39,,7.24,13.01
2022-09-08,1637.62,280.63,0.477774,,0.06117,,33.5,19.02,4.6,,7.4,13.87
2022-09-09,1718.35,290.58,0.493724,,0.063232,,34.69,20.31,4.79,,7.77,16.23
2022-09-10,1758.79,295.51,0.512702,,0.064247,,35.07,20.48,4.82,,7.75,16.23
2022-09-11,1748.48,292.75,0.506476,,0.063927,,34.83,20.53,4.88,,7.66,15.58
2022-09-12,1714.99,292.85,0.506932,,0.063653,,37.39,21.29,5.08,,7.68,15.49
2022-09-13,1588.69,277.43,0.467156,,0.060774,,33.57,18.99,4.43,,7.08,14.16
2022-09-14,1621.38,279.03,0.481691,,0.061409,,34.07,19.12,4.52,,7.2,13.99
2022-09-15,1485.04,271.55,0.467234,,0.061542,,33.27,18.35,4.23,,6.95,15.4
2022-09-16,1439.43,273.78,0.466031,,0.061224,,32.24,18.04,4.22,,6.86,16.49
2022-09-17,1455.6,278.23,0.484663,,0.062009,,33.37,18.43,4.34,,7.07,16.59
2022-09-18,1333.03,265.09,0.446224,,0.060941,,31.05,16.8,3.94,,6.45,14.72
2022-09-19,1377.72,269.24,0.453732,,0.060309,,32.76,17.27,4.02,,6.38,15.63
2022-09-20,1320.64,265.71,0.440415,,0.059526,,31.58,16.67,3.84,,6.23,13.93
2022-09-21,1238.97,263.31,0.435014,,0.059213,,30.43,16.4,3.59,,6.04,13.12
2022-09-22,1316.01,273.99,0.460326,,0.060125,,32.35,17.64,3.84,,6.43,14.46
2022-09-23,1327.63,275.58,0.464005,,0.060464,,33.79,18.0,3.79,,6.43,14.4
2022-09-24,1322.86,276.09,0.456821,,0.059926,,33.29,17.67,3.73,,6.32,13.75
2022-09-25,1283.15,272.64,0.443806,,0.059654,,32.16,17.25,3.63,,6.15,13.76
2022-09-26,1320.08,274.26,0.444593,,0.05934,,33.5,17.36,3.63,,6.51,13.83
2022-09-27,1324.8,272.68,0.442308,,0.059326,,32.65,17.18,3.63,,6.37,13.47
2022-09-28,1342.66,282.37,0.439446,,0.059945,,33.31,17.28,3.58,,6.42,13.09
2022-09-29,1335.78,283.53,0.436991,,0.061285,,33.95,17.26,3.57,,6.41,12.76
2022-09-30,1325.65,281.78,0.432206,,0.06114,,33.3,17.17,3.54,,6.28,12.8
2022-10-01,1314.31,282.83,0.430115,,0.060511,,32.6,16.99,3.56,,6.29,12.68
2022-10-02,1297.94,285.73,0.425335,,0.061327,,32.45,16.74,3.54,,6.27,12.47
2022-10-03,1319.39,285.91,0.427928,,0.061411,,33.0,17.05,3.55,,6.37,12.84
2022-10-04,1360.07,295.45,0.435551,,0.062237,,34.13,17.45,3.62,,6.51,13.02
2022-10-05,1348.41,292.83,0.429668,,0.062503,,33.76,17.26,3.68,,6.4,12.94
2022-10-06,1353.16,282.17,0.428337,,0.062937,,33.45,17.07,3.61,,6.33,12.97
2022-10-07,1334.0,282.9,0.424414,,0.062404,,33.03,16.91,3.55,,6.33,12.98
2022-10-08,1308.23,276.93,0.421034,,0.061924,,32.46,16.7,3.48,,6.28,13.0
2022-10-09,1319.93,277.74,0.423786,,0.062444,,32.82,16.95,3.51,,6.45,13.14
2022-10-10,1295.18,272.76,0.406524,,0.063507,,32.18,16.32,3.32,,6.3,12.52
2022-10-11,1280.68,270.82,0.392794,,0.061794,,31.32,15.99,3.19,,6.19,12.25
2022-10-12,1294.88,271.3,0.394202,,0.063688,,31.25,15.99,3.2,,6.2,12.13
2022-10-13,1294.88,271.3,0.394202,,0.063688,,31.25,15.99,3.2,,6.2,12.13
2022-10-14,1294.88,271.3,0.394202,,0.063688,,31.25,15.99,3.2,,6.2,12.13
2022-10-15,1294.88,271.3,0.394202,,0.063688,,31.25,15.99,3.2,,6.2,12.13
2022-10-16,1294.88,271.3,0.394202,,0.063688,,31.25,15.99,3.2,,6.2,12.13
2022-10-17,1294.88,271.3,0.394202,,0.063688,,31.25,15.99,3.2,,6.2,12.13
2022-10-18,1309.83,272.75,0.360821,,0.06195,,30.14,15.84,2.95,,6.14,12.56
2022-10-19,1292.33,272.7,0.354546,,0.062184,7.21,29.43,15.45,2.89,,6.2,11.94
2022-10-20,1282.56,268.84,0.341047,,0.062416,7.34,28.25,15.26,2.86,,5.88,11.38
2022-10-21,1299.95,269.72,0.348895,,0.061585,7.4,28.13,15.64,2.91,,5.84,11.59
2022-10-22,1315.64,270.38,0.351766,,0.061804,9.03,28.0,15.71,2.9,,5.85,11.77
2022-10-23,1355.55,276.21,0.359116,,0.061894,9.58,29.07,16.19,2.99,,5.95,11.96
2022-10-24,1344.64,272.9,0.358358,,0.06165,9.58,28.33,15.75,2.93,,5.92,11.66
2022-10-25,1461.36,285.79,0.403338,,0.062412,8.78,30.94,16.68,3.01,,6.45,12.01
2022-10-26,1569.41,290.28,0.403074,,0.063424,9.18,31.28,17.02,3.06,,6.47,12.3
2022-10-27,1515.71,287.09,0.389029,,0.063022,8.72,30.66,16.94,2.98,,6.34,12.7
2022-10-28,1554.85,297.68,0.404156,,0.063533,8.17,32.12,18.34,3.03,,6.52,13.51
2022-10-29,1618.93,303.66,0.417641,,0.063761,7.93,32.83,18.28,3.07,,6.62,13.44
2022-10-30,1589.85,313.27,0.405307,,0.0631,7.8,32.89,18.23,3.1,,6.65,13.93
2022-10-31,1572.31,327.81,0.406034,,0.063326,7.95,32.64,19.29,3.11,,6.63,14.31
2022-11-01,1580.47,324.9,0.400826,,0.062858,8.19,32.24,18.67,3.03,,6.47,14.11
2022-11-02,1520.77,320.14,0.386216,,0.061565,7.36,30.79,17.9,2.9,,6.24,13.31
2022-11-03,1530.88,329.39,0.389067,,0.061737,7.23,30.82,18.03,3.03,,6.42,13.46
2022-11-04,1644.19,352.95,0.421503,,0.063685,7.67,33.79,19.38,3.3,,7.08,15.03
2022-11-05,1627.34,348.85,0.4272,,0.063625,7.64,36.7,19.61,3.32,,7.02,15.39
2022-11-06,1572.95,340.89,0.404067,,0.062799,7.27,32.77,18.3,3.1,,6.82,14.48
2022-11-07,1570.05,337.0,0.404281,,0.062358,6.99,29.54,18.05,3.05,,7.12,14.28
2022-11-08,1333.46,330.98,0.372963,,0.059248,5.38,24.22,16.0,2.63,,6.31,12.2
2022-11-09,1095.18,264.27,0.315975,,0.054074,3.85,14.02,12.83,2.01,,5.39,9.72
2022-11-10,1299.73,303.19,0.369197,,0.057736,5.14,17.77,15.38,2.32,,5.95,12.17
2022-11-11,1293.31,290.86,0.356757,,0.056198,5.06,16.62,14.11,2.14,,5.77,11.73
2022-11-12,1255.25,281.65,0.339904,,0.054983,4.51,14.7,13.06,1.99,,5.77,10.93
2022-11-13,1222.87,276.44,0.33007,,0.050919,4.21,13.2,13.04,1.95,,5.75,10.19
2022-11-14,1243.09,278.92,0.332966,,0.050228,4.19,14.12,13.14,1.97,,5.87,10.34
2022-11-15,1252.23,276.94,0.337701,,0.050753,4.33,14.36,13.49,1.98,,5.92,10.56
2022-11-16,1217.53,272.25,0.3336,,0.050359,4.5,14.36,13.11,1.93,,5.72,10.18
2022-11-17,1201.84,268.09,0.325648,,0.050161,4.68,13.66,12.91,1.83,,5.68,9.94
2022-11-18,1213.2,274.03,0.327149,,0.050757,4.7,13.3,12.98,1.79,,5.64,10.01
2022-11-19,1219.39,272.32,0.329139,,0.052264,4.63,12.89,12.89,1.75,,5.61,10.0
2022-11-20,1144.44,264.45,0.313514,,0.050245,4.09,12.34,12.23,1.57,,5.3,9.39
2022-11-21,1110.29,254.38,0.305561,,0.0515,4.08,11.92,11.86,1.56,,5.2,9.05
2022-11-22,1137.55,266.89,0.312865,,0.050685,4.32,12.46,12.3,1.63,,5.28,9.56
2022-11-23,1184.59,297.95,0.319399,,0.05148,4.45,14.42,13.01,1.68,,5.44,9.93
2022-11-24,1204.21,300.69,0.317269,,0.053006,4.45,14.59,12.94,1.64,,5.39,10.18
2022-11-25,1199.73,300.81,0.316012,,0.053076,4.44,14.08,12.84,1.65,,5.27,10.03
2022-11-26,1205.65,311.35,0.314306,,0.052891,4.76,14.17,12.75,1.61,,5.3,10.11
2022-11-27,1197.08,307.77,0.31356,,0.053341,4.77,14.11,12.9,1.62,,5.3,9.95
2022-11-28,1170.12,293.62,0.307044,,0.053109,4.48,13.34,12.46,1.59,,5.13,9.88
2022-11-29,1217.24,296.36,0.310129,,0.053403,4.68,13.38,12.49,1.61,,5.31,10.2
2022-11-30,1298.94,301.71,0.320475,,0.054829,4.82,14.15,13.2,1.73,,5.49,10.54
2022-12-01,1276.31,292.08,0.315338,,0.054263,4.66,13.49,12.89,1.74,,5.4,10.27
2022-12-02,1293.95,292.77,0.319961,,0.054496,4.93,13.77,13.58,1.76,,5.63,10.35
2022-12-03,1243.04,291.19,0.320734,,0.053765,5.16,13.33,13.46,1.67,,5.51,10.04
2022-12-04,1282.55,292.58,0.323592,,0.053325,5.24,13.78,13.95,1.74,,5.61,10.28
2022-12-05,1259.84,288.51,0.320309,,0.053431,5.2,13.87,13.61,1.72,,5.49,10.27
2022-12-06,1272.75,290.38,0.319099,,0.053751,5.07,14.3,13.66,1.78,,5.5,10.17
2022-12-07,1233.63,284.46,0.310979,,0.053197,4.83,13.54,13.28,1.69,,5.3,9.62
2022-12-08,1281.21,290.01,0.314953,,0.054346,4.93,13.69,13.41,1.71,,5.43,9.82
2022-12-09,1263.95,286.36,0.312311,,0.054723,4.81,13.61,13.47,1.7,,5.29,9.77
2022-12-10,1264.79,287.91,0.312942,,0.054831,4.8,13.58,13.47,1.71,,5.29,9.94
2022-12-11,1264.16,284.49,0.308167,,0.054042,4.68,13.43,12.98,1.64,,5.17,9.55
2022-12-12,1275.33,276.95,0.307182,,0.053516,4.52,13.33,13.0,1.63,,5.19,9.62
2022-12-13,1321.03,272.09,0.31235,,0.054507,4.64,13.81,13.74,1.71,,5.28,9.75
2022-12-14,1307.92,268.28,0.308353,,0.055663,4.68,14.15,13.72,1.66,,5.22,9.64
2022-12-15,1263.75,257.56,0.299827,,0.055712,4.63,14.02,13.17,1.59,,5.23,9.41
2022-12-16,1165.97,227.86,0.263425,,0.053078,4.05,12.28,11.82,1.37,,4.65,8.58
2022-12-17,1189.5,243.0,0.267501,,0.054994,4.1,12.53,11.97,1.4,,4.72,8.81
2022-12-18,1186.78,252.14,0.267338,,0.053908,4.07,12.45,11.95,1.37,,4.67,8.88
2022-12-19,1166.99,241.12,0.252834,,0.053697,3.8,11.94,11.37,1.25,,4.47,8.64
2022-12-20,1217.89,251.68,0.259473,,0.055038,3.91,12.28,11.97,1.35,,4.61,8.96
2022-12-21,1213.34,245.84,0.253286,,0.054955,3.77,12.12,11.69,1.3,,4.48,8.84
2022-12-22,1217.85,245.95,0.256678,,0.055606,3.72,11.79,11.85,1.32,,4.53,8.99
2022-12-23,1220.64,246.22,0.25979,,0.054285,3.76,11.8,11.78,1.34,,4.47,8.91
2022-12-24,1221.36,244.59,0.259726,,0.054853,3.71,11.47,11.69,1.34,,4.45,8.97
2022-12-25,1219.26,243.31,0.259639,,0.054909,3.58,11.4,11.69,1.34,,4.49,9.03
2022-12-26,1225.86,243.69,0.265327,,0.054608,3.65,11.3,11.72,1.37,,4.57,9.18
2022-12-27,1211.84,246.44,0.260492,,0.054159,3.59,11.08,11.65,1.36,,4.48,9.22
2022-12-28,1188.45,243.97,0.248406,,0.054113,3.23,9.77,11.2,1.32,,4.28,9.13
2022-12-29,1201.55,246.39,0.244252,,0.054053,3.21,9.6,10.99,1.3,,4.31,9.34
2022-12-30,1199.15,245.85,0.245712,,0.05445,3.4,9.89,10.87,1.27,,4.32,9.37
2022-12-31,1196.61,246.62,0.246399,,0.054536,3.45,9.96,10.89,1.26,,4.31,9.35
2023-01-01,1200.64,244.05,0.249942,,0.054875,3.53,9.97,10.86,1.28,,4.37,9.47
2023-01-02,1214.13,245.54,0.253943,,0.055173,3.75,11.27,11.15,1.31,,4.49,9.8
2023-01-03,1214.79,246.21,0.253146,,0.054835,3.82,13.35,11.38,1.34,,4.53,10.16
2023-01-04,1256.31,258.96,0.267939,,0.054795,3.82,13.45,12.08,1.55,,4.63,10.2
2023-01-05,1250.64,256.43,0.269297,,0.053661,3.7,13.44,11.74,1.53,,4.62,10.08
2023-01-06,1270.03,259.81,0.279158,,0.05253,3.86,13.52,11.79,1.59,,4.69,10.27
2023-01-07,1264.47,261.32,0.277436,,0.052095,3.83,13.09,11.75,1.57,,4.67,10.19
2023-01-08,1284.58,273.3,0.29368,,0.053735,3.88,13.93,12.02,1.63,,4.78,10.5
2023-01-09,1321.68,272.43,0.317162,,0.054704,5.22,16.29,12.21,1.64,,4.89,11.12
2023-01-10,1336.03,277.1,0.322161,,0.054853,5.53,16.2,12.73,1.64,,4.91,11.33
2023-01-11,1389.77,285.47,0.323388,,0.056623,5.3,16.47,15.92,1.83,,5.13,11.86
2023-01-12,1417.07,287.39,0.329991,,0.057179,6.55,16.63,15.41,1.84,,5.22,12.3
2023-01-13,1450.71,293.69,0.345377,,0.060039,6.84,18.28,15.95,1.95,,5.39,12.41
2023-01-14,1554.25,305.81,0.352986,,0.061966,7.74,24.3,17.01,2.26,,6.03,12.92
2023-01-15,1551.17,301.55,0.350404,,0.062379,7.96,22.84,16.77,2.24,,5.92,12.78
2023-01-16,1577.68,298.88,0.350115,,0.062483,8.15,23.59,16.73,2.19,,5.81,12.33
2023-01-17,1569.54,300.28,0.346789,,0.061875,7.68,22.97,17.16,2.16,,5.97,12.2
2023-01-18,1518.32,287.77,0.328081,,0.059178,7.65,20.84,15.83,1.98,,5.65,11.58
2023-01-19,1550.51,294.75,0.339567,,0.060205,7.9,21.41,16.2,2.1,,5.8,12.01
2023-01-20,1661.33,304.95,0.363621,,0.062963,10.94,25.57,17.52,2.39,,6.25,13.19
2023-01-21,1625.91,299.18,0.369369,,0.061793,11.79,24.67,16.89,2.33,,6.25,13.11
2023-01-22,1630.8,303.1,0.377546,,0.061866,13.35,24.26,17.39,2.41,,6.21,13.33
2023-01-23,1633.06,306.08,0.376447,,0.062984,12.9,24.42,18.05,2.55,,6.59,13.12
2023-01-24,1554.93,300.46,0.359095,,0.060222,12.29,22.8,17.0,2.35,,6.19,12.45
2023-01-25,1614.68,307.09,0.374291,,0.062079,18.36,24.66,17.84,2.56,,6.42,13.63
2023-01-26,1603.38,304.98,0.380703,,0.061872,18.24,24.36,18.12,2.52,,6.47,13.1
2023-01-27,1598.47,308.33,0.38962,,0.063435,17.71,24.41,21.43,2.56,,6.57,13.56
2023-01-28,1571.45,306.18,0.382504,,0.063152,17.87,23.94,20.58,2.47,,6.39,13.2
2023-01-29,1646.52,317.31,0.396643,,0.063901,18.41,26.17,21.11,2.58,,6.62,13.85
2023-01-30,1568.32,307.06,0.373051,,0.062353,17.24,23.96,19.74,2.3,,6.2,13.04
2023-01-31,1587.24,312.51,0.392327,,0.062308,16.77,23.97,19.86,2.34,,6.27,13.39
2023-02-01,1642.81,317.65,0.398013,,0.063325,18.18,24.98,20.97,2.42,,6.47,14.86
2023-02-02,1648.79,325.31,0.399522,,0.063907,17.23,24.32,21.26,2.45,,6.56,14.38
2023-02-03,1665.44,332.31,0.404935,,0.064189,17.08,24.71,21.37,2.51,,7.01,15.0
2023-02-04,1667.27,330.85,0.400122,,0.063932,16.52,24.37,21.04,2.5,,6.9,14.71
2023-02-05,1632.71,327.66,0.393184,,0.064205,15.5,23.54,20.12,2.4,,6.64,14.77
2023-02-06,1617.55,324.97,0.383363,,0.06332,14.95,22.74,19.62,2.31,,6.5,14.14
2023-02-07,1674.53,333.73,0.399478,,0.065865,16.12,23.91,20.9,2.49,,6.95,15.0
2023-02-08,1651.4,328.32,0.394603,,0.066965,15.11,23.21,20.1,2.66,,6.76,15.17
2023-02-09,1546.38,305.75,0.362532,,0.062619,13.3,20.44,17.86,2.26,,6.23,13.5
2023-02-10,1515.63,305.92,0.358966,,0.063346,13.61,20.17,17.81,2.25,,6.19,13.71
2023-02-11,1542.0,311.0,0.370145,,0.063941,13.97,20.85,18.05,2.29,,6.29,13.76
2023-02-12,1514.8,313.09,0.364304,,0.063913,13.07,21.44,17.73,2.23,,6.16,13.53
2023-02-13,1508.09,293.32,0.36016,,0.065748,13.78,20.78,17.63,2.19,,6.12,13.14
2023-02-14,1558.42,296.4,0.387325,,0.066892,14.72,21.84,18.17,2.25,,6.23,13.42
2023-02-15,1674.61,317.25,0.412936,,0.070845,15.95,23.88,19.88,2.51,,6.61,14.26
2023-02-16,1646.14,306.6,0.389172,,0.06723,14.75,22.32,18.67,2.32,,6.37,13.48
2023-02-17,1697.08,313.67,0.405032,,0.070522,14.72,23.19,19.51,2.46,,7.3,14.19
2023-02-18,1691.85,316.21,0.406814,,0.070184,14.42,23.45,19.6,2.58,,7.25,14.29
2023-02-19,1680.23,311.31,0.399192,,0.070388,14.06,24.83,19.81,2.57,,7.44,14.14
2023-02-20,1700.6,314.94,0.403151,,0.071858,14.2,26.03,20.8,2.69,,7.53,14.39
2023-02-21,1656.71,311.08,0.39243,,0.069495,13.42,24.91,20.9,2.56,,7.25,13.84
2023-02-22,1643.39,312.66,0.388825,,0.069423,13.76,24.18,20.27,2.51,,7.17,13.58
2023-02-23,1652.11,308.52,0.383719,,0.069712,13.46,23.93,19.72,2.47,,7.09,13.74
2023-02-24,1608.12,301.83,0.366004,,0.067964,12.83,23.06,18.37,2.31,,6.62,13.08
2023-02-25,1593.58,302.14,0.362536,,0.067935,12.23,22.36,17.94,2.29,,6.53,12.81
2023-02-26,1640.66,308.58,0.36913,,0.069623,12.65,23.23,18.44,2.37,,6.68,12.96
2023-02-27,1633.98,304.82,0.365408,,0.069493,12.4,22.69,17.93,2.35,,6.58,12.78
2023-02-28,1606.51,301.56,0.35275,,0.069107,11.91,21.92,17.09,2.23,,6.35,12.28
2023-03-01,1663.93,303.17,0.361084,,0.069969,13.4,22.51,17.76,2.32,,6.53,12.77
2023-03-02,1647.55,299.96,0.350397,,0.069731,12.87,21.97,17.44,2.26,,6.32,12.44
2023-03-03,1570.67,290.21,0.34376,,0.067313,11.72,21.41,16.67,2.1,,6.03,12.0
2023-03-04,1568.47,289.46,0.337264,,0.06692,11.3,20.96,16.12,2.05,,5.91,11.84
2023-03-05,1563.08,288.04,0.337702,,0.067306,11.16,20.98,16.15,2.03,,5.98,12.03
2023-03-06,1567.02,287.95,0.331348,,0.067503,11.29,20.65,16.52,2.06,,5.92,12.0
2023-03-07,1560.38,288.66,0.330507,,0.066415,11.09,20.22,16.14,2.0,,5.85,11.74
2023-03-08,1535.29,287.01,0.318386,,0.065357,10.55,18.43,15.15,1.84,,5.6,10.98
2023-03-09,1439.45,277.2,0.310148,,0.058536,11.07,17.32,14.4,1.79,,5.38,11.01
2023-03-10,1431.4,277.41,0.316254,,0.057547,10.8,18.22,14.86,1.8,,5.56,11.16
2023-03-11,1472.75,275.85,0.305714,,0.05903,10.44,18.1,14.53,1.8,,5.47,11.04
2023-03-12,1585.16,289.27,0.330331,,0.064235,11.93,20.29,16.27,1.95,,5.9,11.73
2023-03-13,1678.93,308.72,0.34389,,0.067166,12.34,20.38,16.47,2.03,,6.1,12.0
2023-03-14,1708.3,309.71,0.345096,,0.067237,13.7,20.98,17.2,2.12,,6.25,13.08
2023-03-15,1658.07,307.73,0.325558,,0.065659,12.28,19.34,15.63,1.93,,5.89,12.48
2023-03-16,1679.79,331.53,0.326807,,0.065783,12.46,19.83,15.96,1.98,,6.13,12.92
2023-03-17,1793.3,339.76,0.350209,,0.068023,13.57,21.66,17.69,2.17,,6.64,13.22
2023-03-18,1769.25,333.03,0.338974,,0.066312,12.83,21.28,17.04,2.09,,6.35,12.29
2023-03-19,1803.71,338.47,0.348681,,0.06717,13.18,22.03,17.71,2.16,,6.51,12.45
2023-03-20,1744.0,335.34,0.33463,,0.06567,12.18,22.33,16.76,2.01,,6.12,11.61
2023-03-21,1811.41,336.69,0.373104,,0.067523,12.33,22.74,17.55,2.08,,6.41,11.98
2023-03-22,1747.64,323.85,0.363063,,0.060232,13.24,21.6,16.86,1.97,,6.1,11.4
2023-03-23,1824.99,330.94,0.373895,,0.065655,13.29,22.3,17.64,2.06,,6.35,11.74
2023-03-24,1760.37,324.08,0.362435,,0.063968,12.21,20.78,17.0,1.98,,6.06,11.2
2023-03-25,1753.98,324.61,0.354807,,0.064225,11.67,20.6,16.97,1.94,,5.94,11.17
2023-03-26,1776.87,329.14,0.357011,,0.06436,11.89,20.99,17.14,1.96,,6.06,11.34
2023-03-27,1719.16,311.53,0.346919,,0.063805,11.14,19.96,16.55,1.85,,5.88,10.86
2023-03-28,1776.51,313.62,0.369414,,0.064331,11.26,20.5,16.76,1.89,,6.07,11.25
2023-03-29,1794.97,314.03,0.38254,,0.06449,11.65,21.13,17.31,2.0,,6.19,11.45
2023-03-30,1793.6,317.26,0.377093,,0.065024,11.14,20.57,17.25,1.93,,6.12,11.15
2023-03-31,1823.95,317.24,0.399445,,0.065687,11.4,21.21,17.72,2.0,,6.34,11.19
2023-04-01,1824.2,315.31,0.394211,,0.066567,11.27,21.1,17.8,1.99,,6.35,11.4
2023-04-02,1797.13,314.09,0.382131,,0.065531,12.29,20.56,17.29,1.92,,6.27,11.13
2023-04-03,1812.42,309.2,0.388213,,0.065943,11.35,20.46,17.12,1.95,,6.43,11.2
2023-04-04,1871.36,310.99,0.390068,,0.065825,11.49,20.92,17.65,1.99,,6.44,11.27
2023-04-05,1911.75,314.28,0.392672,,0.066199,11.56,20.98,18.0,2.03,,6.41,11.54
2023-04-06,1872.22,312.37,0.383843,,0.066145,11.44,20.61,18.0,1.99,,6.28,11.33
2023-04-07,1866.67,310.83,0.384301,,0.066193,11.16,20.48,17.63,2.02,,6.19,11.06
2023-04-08,1850.94,310.62,0.386325,,0.066235,11.05,20.04,17.47,1.97,,6.14,10.96
2023-04-09,1860.69,313.13,0.390014,,0.066754,11.09,20.32,17.57,2.01,,6.22,
2023-04-10,1909.9,318.17,0.397175,,0.067363,11.44,20.88,17.94,2.06,,6.29,
2023-04-11,1892.94,322.73,0.40165,,0.066468,11.78,23.01,18.17,2.05,,6.43,
2023-04-12,1920.64,320.31,0.405452,,0.065168,11.38,23.84,18.26,2.23,,6.41,
2023-04-13,2012.77,325.0,0.426233,,0.065397,12.39,24.43,18.86,2.2,,6.65,
2023-04-14,2101.35,329.0,0.43888,,0.06625,12.69,24.77,19.26,2.22,,6.73,
2023-04-15,2093.82,333.41,0.454358,,0.066101,12.6,24.09,19.1,2.32,,6.8,
2023-04-16,2118.28,347.8,0.451624,,0.066568,12.6,25.29,20.21,2.33,,6.82,
2023-04-17,2077.47,340.03,0.434613,,0.065876,12.29,24.58,20.53,2.29,,6.7,
2023-04-18,2103.22,343.01,0.443664,,0.066777,12.68,24.83,21.21,2.34,,6.92,
2023-04-19,1936.25,322.26,0.415154,,0.065865,11.36,22.67,18.95,2.15,,6.31,
2023-04-20,1945.46,318.71,0.404656,,0.065526,11.07,22.2,18.45,2.05,,6.11,
2023-04-21,1850.05,321.6,0.382939,,0.064968,10.17,21.25,16.95,1.93,,5.85,
2023-04-22,1877.53,332.42,0.396914,,0.066236,10.36,21.85,17.26,1.95,,5.96,
2023-04-23,1863.27,330.67,0.38899,,0.066754,10.21,21.5,16.88,1.92,,5.92,
2023-04-24,1842.39,331.16,0.384152,,0.066176,10.23,21.39,16.93,1.88,,5.89,
2023-04-25,1870.99,339.1,0.395003,,0.065987,10.39,21.94,17.67,1.97,,6.01,
2023-04-26,1867.59,330.31,0.401419,,0.065234,10.04,21.27,17.17,1.89,,5.85,
2023-04-27,1909.8,331.85,0.410163,,0.065871,10.17,22.32,17.73,1.92,,5.97,
2023-04-28,1894.74,324.58,0.405356,,0.066743,10.19,23.39,17.57,1.92,,5.95,
2023-04-29,1905.34,321.78,0.402639,,0.068012,10.76,23.13,17.47,1.94,,6.04,
2023-04-30,1885.44,337.37,0.398257,,0.067494,10.47,23.01,17.2,1.94,,5.91,
2023-05-01,1832.79,328.99,0.387313,,0.068575,9.94,22.01,16.67,1.84,,5.67,
2023-05-02,1870.77,322.23,0.391574,,0.069319,9.94,22.26,16.86,1.84,,5.72,
2023-05-03,1903.65,326.02,0.393784,1.4,0.069242,9.99,22.22,17.21,1.9,,5.78,
2023-05-04,1877.6,323.85,0.387706,1.33,0.069529,9.67,21.74,16.92,1.84,,5.67,
2023-05-05,1993.63,326.83,0.394535,1.31,0.071084,9.86,22.82,17.38,1.87,,5.85,
2023-05-06,1900.16,322.67,0.380235,1.34,0.070434,9.22,21.99,16.63,1.77,,5.65,
2023-05-07,1895.26,322.29,0.378099,1.28,0.069525,9.25,22.0,16.49,1.75,,5.65,
2023-05-08,1849.15,313.93,0.366121,1.14,0.068381,8.32,20.65,15.42,1.65,,5.37,
2023-05-09,1846.1,312.14,0.363568,1.18,0.069083,8.35,20.66,15.32,1.62,,5.32,
2023-05-10,1842.94,314.6,0.370609,1.18,0.069559,8.62,20.98,15.56,1.66,,5.48,
2023-05-11,1797.92,307.8,0.360629,1.079,0.068093,8.1,20.25,14.98,1.6,,5.29,
2023-05-12,1808.7,308.39,0.370555,1.13,0.069271,8.31,20.93,15.19,1.65,,5.35,
2023-05-13,1797.03,311.55,0.365087,1.1,0.0696,8.33,20.9,14.97,1.66,,5.35,
2023-05-14,1798.89,311.85,0.370785,1.16,0.069466,8.47,20.94,15.02,1.65,,5.35,
2023-05-15,1820.37,314.0,0.368134,1.21,0.070487,8.6,21.04,15.12,1.66,,5.33,
2023-05-16,,,,1.17,,8.54,,,,,,
2023-05-17,,,,1.21,,8.72,,,,,,
2023-05-18,,,,1.14,,8.54,,,,,,
2023-05-19,,,,1.14,,8.44,,,,,,
2023-05-20,,,,1.13,,8.45,,,,,,
2023-05-21,,,,1.08,,8.17,,,,,,
2023-05-22,,,,1.059,,8.11,,,,,,
2023-05-23,,,,1.057,,8.52,,,,,,
2023-05-24,,,,0.985082,,8.09,,,,,,
2023-05-25,,,,0.986484,,7.98,,,,,,
2023-05-26,,,,0.994492,,8.07,,,,,,
2023-05-27,,,,1.003,,8.23,,,,,,
2023-05-28,,,,1.064,,8.53,,,,,,
2023-05-29,,,,1.043,,8.54,,,,,,
2023-05-30,,,,1.005,,8.5,,,,,,
2023-05-31,,,,0.981312,,8.36,,,,,,
2023-06-01,,,,0.946029,,8.56,,,,,,
2023-06-02,,,,0.949085,,9.05,,,,,,
2023-06-03,,,,0.934997,,8.98,,,,,,
2023-06-04,,,,0.963668,,9.22,,,,,,
2023-06-05,,,,0.828302,,8.15,,,,,,
2023-06-06,,,,0.839275,,8.23,,,,,,
2023-06-07,,,,0.75734,,7.66,,,,,,
2023-06-08,,,,0.744265,,7.69,,,,,,
2023-06-09,,,,0.747476,,7.4,,,,,,
2023-06-10,,,,0.616209,,5.98,,,,,,
2023-06-11,,,,0.613136,,6.35,,,,,,
2023-06-12,,,,0.67085,,6.26,,,,,,
2023-06-13,,,,0.704115,,6.22,,,,,,
2023-06-14,,,,0.657807,,6.02,,,,,,
2023-06-15,,,,0.656664,,6.21,,,,,,
2023-06-16,,,,0.702285,,6.29,,,,,,
2023-06-17,,,,0.754845,,6.98,,,,,,
2023-06-18,,,,0.721404,,6.69,,,,,,
2023-06-19,,,,0.782705,,6.92,,,,,,
2023-06-20,,,,0.817714,,7.2,,,,,,
2023-06-21,,,,0.83405,,7.5,,,,,,
2023-06-22,,,,0.80996,,7.38,,,,,,
2023-06-23,,,,0.797258,,7.64,,,,,,
2023-06-24,,,,0.75551,,7.35,,,,,,
2023-06-25,,,,0.745109,,7.56,,,,,,
2023-06-26,,,,0.721941,,7.25,,,,,,
2023-06-27,,,,0.719652,,7.42,,,,,,
2023-06-28,,,,0.664883,,6.94,,,,,,
2023-06-29,,,,0.680891,,7.19,,,,,,
2023-06-30,,,,0.690453,,7.27,,,,,,
2023-07-01,,,,0.685061,,7.34,,,,,,
2023-07-02,,,,0.686878,,7.33,,,,,,
2023-07-03,,,,0.697416,,7.5,,,,,,
2023-07-04,,,,0.688599,,7.78,,,,,,
2023-07-05,,,,0.66325,,7.42,,,,,,
2023-07-06,,,,0.65268,,7.14,,,,,,
2023-07-07,,,,0.65992,,7.22,,,,,,
2023-07-08,,,,0.651687,,7.06,,,,,,
2023-07-09,,,,0.658144,,7.08,,,,,,
2023-07-10,,,,0.654223,,7.08,,,,,,
2023-07-11,,,,0.65512,,7.04,,,,,,
2023-07-12,,,,0.656573,,6.98,,,,,,
2023-07-13,,,,0.697093,,7.56,,,,,,
2023-07-14,,,,0.680287,,7.35,,,,,,
2023-07-15,,,,0.682431,,7.44,,,,,,
2023-07-16,,,,0.672083,,7.4,,,,,,
2023-07-17,,,,0.722533,,7.86,,,,,,
2023-07-18,,,,0.738997,,7.58,,,,,,
2023-07-19,,,,0.713781,,7.57,,,,,,
2023-07-20,,,,0.689875,,7.42,,,,,,
2023-07-21,,,,0.684213,,7.53,,,,,,
2023-07-22,,,,0.693036,,7.67,,,,,,
2023-07-23,,,,0.67967,,7.58,,,,,,
2023-07-24,,,,0.636733,,7.05,,,,,,
2023-07-25,,,,0.636874,,6.97,,,,,,
2023-07-26,,,,0.633697,,7.02,,,,,,
2023-07-27,,,,0.630291,,7.06,,,,,,
2023-07-28,,,,0.630765,,7.07,,,,,,
2023-07-29,,,,0.640037,,7.14,,,,,,
2023-07-30,,,,0.621195,,7.03,,,,,,
2023-07-31,,,,0.632871,,7.05,,,,,,
2023-08-01,,,,0.644116,,7.04,,,,,,
2023-08-02,,,,0.613166,,6.86,,,,,,
2023-08-03,,,,0.594789,,6.78,,,,,,
2023-08-04,,,,0.591729,,6.7,,,,,,
2023-08-05,,,,0.590896,,6.72,,,,,,
2023-08-06,,,,0.590847,,6.69,,,,,,
2023-08-07,,,,0.582016,,6.66,,,,,,
2023-08-08,,,,0.595084,,6.7,,,,,,
2023-08-09,,,,0.595972,,7.39,,,,,,
2023-08-10,,,,0.60377,,7.17,,,,,,
2023-08-11,,,,0.604706,,7.1,,,,,,
2023-08-12,,,,0.608024,,7.19,,,,,,
2023-08-13,,,,0.596706,,7.05,,,,,,
2023-08-14,,,,0.599367,,7.07,,,,,,
2023-08-15,,,,0.563181,,6.54,,,,,,
2023-08-16,,,,0.527268,,6.19,,,,,,
2023-08-17,,,,0.47544,,5.68,,,,,,
2023-08-18,,,,0.484963,,5.82,,,,,,
2023-08-19,,,,0.55539,,6.02,,,,,,
2023-08-20,,,,0.544441,,6.06,,,,,,
2023-08-21,,,,0.514749,,5.95,,,,,,
2023-08-22,,,,0.536896,,5.84,,,,,,
2023-08-23,,,,0.600974,,6.02,,,,,,
2023-08-24,,,,0.570575,,5.8,,,,,,
2023-08-25,,,,0.554906,,5.69,,,,,,
2023-08-26,,,,0.590015,,5.73,,,,,,
2023-08-27,,,,0.582155,,5.69,,,,,,
2023-08-28,,,,0.547923,,5.74,,,,,,
2023-08-29,,,,0.545951,,5.88,,,,,,
2023-08-30,,,,0.525772,,5.79,,,,,,
2023-08-31,,,,0.498908,,5.52,,,,,,
2023-09-01,,,,0.488297,,5.51,,,,,,
2023-09-02,,,,0.490915,,5.58,,,,,,
2023-09-03,,,,0.484065,,5.47,,,,,,
2023-09-04,,,,0.48221,,5.49,,,,,,
2023-09-05,,,,0.491391,,5.52,,,,,,
2023-09-06,,,,0.480793,,5.53,,,,,,
2023-09-07,,,,0.4837,,5.63,,,,,,
2023-09-08,,,,0.481303,,5.52,,,,,,
2023-09-09,,,,0.48105,,5.48,,,,,,
2023-09-10,,,,0.455159,,5.18,,,,,,
2023-09-11,,,,0.425541,,5.0,,,,,,
2023-09-12,,,,0.427463,,5.04,,,,,,
2023-09-13,,,,0.442049,,5.19,,,,,,
2023-09-14,,,,0.445519,,5.22,,,,,,
2023-09-15,,,,0.445376,,5.27,,,,,,
2023-09-16,,,,0.464292,,5.32,,,,,,
2023-09-17,,,,0.433953,,5.22,,,,,,
2023-09-18,,,,0.448184,,5.18,,,,,,
2023-09-19,,,,0.453495,,5.22,,,,,,
2023-09-20,,,,0.446709,,5.18,,,,,,
2023-09-21,,,,0.438944,,5.09,,,,,,
2023-09-22,,,,0.44496,,5.14,,,,,,
2023-09-23,,,,0.444701,,5.14,,,,,,
2023-09-24,,,,0.439684,,5.3,,,,,,
2023-09-25,,,,0.441757,,5.55,,,,,,
2023-09-26,,,,0.438525,,5.31,,,,,,
2023-09-27,,,,0.437094,,5.31,,,,,,
2023-09-28,,,,0.446249,,5.33,,,,,,
2023-09-29,,,,0.481724,,5.4,,,,,,
2023-09-30,,,,0.471057,,5.48,,,,,,
2023-10-01,,,,0.503883,,5.67,,,,,,
2023-10-02,,,,0.468699,,5.45,,,,,,
2023-10-03,,,,0.445662,,5.36,,,,,,
2023-10-04,,,,0.44258,,5.33,,,,,,
2023-10-05,,,,0.435009,,5.23,,,,,,
2023-10-06,,,,0.443169,,5.33,,,,,,
2023-10-07,,,,0.441938,,5.27,,,,,,
2023-10-08,,,,0.438306,,5.21,,,,,,
2023-10-09,,,,0.415791,,4.97,,,,,,
2023-10-10,,,,0.41543,,4.92,,,,,,
2023-10-11,,,,0.40954,,4.83,,,,,,
2023-10-12,,,,0.407664,,4.83,,,,,,
2023-10-13,,,,0.41295,,4.89,,,,,,
2023-10-14,,,,0.415684,,4.95,,,,,,
2023-10-15,,,,0.410126,,4.94,,,,,,
2023-10-16,,,,0.411685,,5.07,,,,,,
2023-10-17,,,,0.381385,,4.99,,,,,,
2023-10-18,,,,0.383289,,4.95,,,,,,
2023-10-19,,,,0.371049,,4.91,,,,,,
2023-10-20,,,,0.383365,,5.06,,,,,,
2023-10-21,,,,0.389941,,5.53,,,,,,
2023-10-22,,,,0.403463,,6.11,,,,,,
2023-10-23,,,,0.416455,,6.12,,,,,,
2023-10-24,,,,0.43283,,6.26,,,,,,
2023-10-25,,,,0.435655,,6.93,,,,,,
2023-10-26,,,,0.439703,,6.54,,,,,,
2023-10-27,,,,0.431395,,6.57,,,,,,
2023-10-28,,,,0.464985,,6.84,,,,,,
2023-10-29,,,,0.454015,,6.73,,,,,,
2023-10-30,,,,0.462888,,6.87,,,,,,
2023-10-31,,,,0.44223,,6.98,,,,2.39,,
2023-11-01,,,,0.465234,,7.09,,,,2.52,,
2023-11-02,,,,0.457376,,6.66,,,,2.36,,
2023-11-03,,,,0.454202,,6.71,,,,2.39,,
2023-11-04,,,,0.508047,,7.03,,,,2.43,,
2023-11-05,,,,0.501254,,6.89,,,,2.31,,
2023-11-06,,,,0.520841,,7.39,,,,2.37,,
2023-11-07,,,,0.521796,,7.3,,,,2.33,,
2023-11-08,,,,0.58343,,7.46,,,,2.39,,
2023-11-09,,,,0.543371,,7.31,,,,2.38,,
2023-11-10,,,,0.623512,,7.51,,,,3.09,,
2023-11-11,,,,0.586908,,7.6,,,,3.88,,
2023-11-12,,,,0.623273,,7.85,,,,4.68,,
2023-11-13,,,,0.608209,,7.39,,,,4.65,,
2023-11-14,,,,0.569486,,7.13,,,,6.08,,
2023-11-15,,,,0.619234,,7.71,,,,5.97,,
2023-11-16,,,,0.569739,,7.24,,,,5.71,,
2023-11-17,,,,0.549918,,7.22,,,,6.62,,
2023-11-18,,,,0.545604,,7.07,,,,7.12,,
2023-11-19,,,,0.564942,,7.24,,,,6.85,,
2023-11-20,,,,0.558279,,7.26,,,,6.1,,
2023-11-21,,,,0.507601,,6.87,,,,5.27,,
2023-11-22,,,,0.554913,,7.35,,,,6.08,,
2023-11-23,,,,0.592013,,7.24,,,,5.78,,
2023-11-24,,,,0.625218,,7.44,,,,5.52,,
2023-11-25,,,,0.650804,,7.39,,,,5.92,,
2023-11-26,,,,0.637364,,7.28,,,,5.45,,
2023-11-27,,,,0.592705,,6.96,,,,5.9,,
2023-11-28,,,,0.618732,,7.03,,,,6.28,,
2023-11-29,,,,0.597988,,7.03,,,,6.06,,
2023-11-30,,,,0.596645,,6.98,,,,6.33,,
2023-12-01,,,,0.612193,,7.05,,,,7.07,,
2023-12-02,,,,0.62547,,7.32,,,,8.87,,
2023-12-03,,,,0.617658,,7.36,,,,8.56,,
2023-12-04,,,,0.631196,,7.79,,,,8.82,,
2023-12-05,,,,0.643261,,7.7,,,,10.4,,
2023-12-06,,,,0.622125,,7.41,,,,9.68,,
2023-12-07,,,,0.668914,,7.95,,,,9.5,,
2023-12-08,,,,0.707031,,8.47,,,,9.3,,
2023-12-09,,,,0.675832,,8.25,,,,9.3,,
2023-12-10,,,,0.689533,,8.43,,,,9.84,,
2023-12-11,,,,0.628116,,7.79,,,,10.92,,
2023-12-12,,,,0.658416,,9.13,,,,12.25,,
2023-12-13,,,,0.651895,,8.55,,,,12.13,,
2023-12-14,,,,0.654606,,8.42,,,,14.01,,
2023-12-15,,,,0.617811,,8.16,,,,13.14,,
2023-12-16,,,,0.629744,,8.19,,,,12.96,,
2023-12-17,,,,0.609414,,8.07,,,,12.74,,
2023-12-18,,,,0.608622,,7.88,,,,12.58,,
2023-12-19,,,,0.68064,,8.08,,,,11.7,,
2023-12-20,,,,0.685914,,8.1,,,,13.07,,
2023-12-21,,,,0.688237,,8.54,,,,12.79,,
2023-12-22,,,,0.697031,,9.26,,,,12.45,,
2023-12-23,,,,0.748429,,9.27,,,,12.32,,
2023-12-24,,,,0.719345,,9.38,,,,14.25,,
2023-12-25,,,,0.815038,,10.43,,,,13.74,,
2023-12-26,,,,0.889444,,10.76,,,,12.74,,
2023-12-27,,,,0.829557,,10.12,,,,12.61,,
2023-12-28,,,,0.802443,,9.68,,,,11.92,,
2023-12-29,,,,0.80419,,9.67,,,,12.36,,
2023-12-30,,,,0.810536,,9.44,,,,11.94,,
2023-12-31,,,,0.778047,,9.41,,,,11.84,,
2024-01-01,,,,0.841074,,9.96,,,,13.96,,
2024-01-02,,,,0.907058,,10.22,,,,12.73,,
2024-01-03,,,,0.838509,,9.0,,,,12.16,,
2024-01-04,,,,0.854509,,10.32,,,,15.62,,
2024-01-05,,,,0.894554,,9.62,,,,15.54,,
2024-01-06,,,,0.831483,,9.06,,,,14.26,,
2024-01-07,,,,0.792939,,8.41,,,,14.2,,
2024-01-08,,,,0.864501,,8.79,,,,14.14,,
2024-01-09,,,,0.795218,,8.24,,,,14.96,,
2024-01-10,,,,0.84349,,8.93,,,,16.41,,
2024-01-11,,,,1.092,,9.47,,,,16.02,,
2024-01-12,,,,1.17,,9.02,,,,16.27,,
2024-01-13,,,,1.29,,10.01,,,,18.38,,
2024-01-14,,,,1.26,,9.71,,,,18.14,,
2024-01-15,,,,1.38,,9.5,,,,19.14,,
2024-01-16,,,,1.28,,9.4,,,,18.81,,
2024-01-17,,,,1.28,,9.32,,,,18.17,,
2024-01-18,,,,1.16,,8.73,,,,16.87,,
2024-01-19,,,,1.16,,8.55,,,,17.75,,
2024-01-20,,,,1.1,,8.53,,,,17.55,,
2024-01-21,,,,1.068,,8.45,,,,16.85,,
2024-01-22,,,,1.065,,8.03,,,,15.2,,
2024-01-23,,,,1.18,,8.72,,,,16.25,,
2024-01-24,,,,1.29,,8.57,,,,16.32,,
2024-01-25,,,,1.18,,8.34,,,,15.19,,
2024-01-26,,,,1.45,,8.7,,,,16.53,,
2024-01-27,,,,1.39,,9.12,,,,17.04,,
2024-01-28,,,,1.34,,8.89,,,,17.0,,
2024-01-29,,,,1.57,,9.24,,,,17.99,,
2024-01-30,,,,1.54,,9.04,,,,17.82,,
2024-01-31,,,,1.52,,8.84,,,,16.19,,
2024-02-01,,,,1.53,,9.2,,,,16.89,,
2024-02-02,,,,1.47,,9.4,,,,17.65,,
2024-02-03,,,,1.44,,9.15,,,,17.72,,
2024-02-04,,,,1.49,,8.83,,,,17.42,,
2024-02-05,,,,1.57,,8.66,,,,17.7,,
2024-02-06,,,,1.57,,8.61,,,,17.4,,
2024-02-07,,,,1.53,,8.79,,,,18.74,,
2024-02-08,,,,1.53,,8.78,,,,20.2,,
2024-02-09,,,,1.79,,9.11,,,,19.74,,
2024-02-10,,,,1.73,,9.08,,,,19.84,,
2024-02-11,,,,1.69,,9.02,,,,19.43,,
2024-02-12,,,,1.76,,9.16,,,,19.64,,
2024-02-13,,,,1.85,,9.2,,,,19.03,,
2024-02-14,,,,1.91,,9.45,,,,19.21,,
2024-02-15,,,,1.87,,10.23,,,,18.28,,
2024-02-16,,,,1.81,,9.79,,,,18.47,,
2024-02-17,,,,1.77,,9.71,,,,18.53,,
2024-02-18,,,,1.8,,9.68,,,,18.7,,
2024-02-19,,,,1.77,,10.09,,,,18.8,,
2024-02-20,,,,1.72,,9.66,,,,17.99,,
2024-02-21,,,,1.69,,9.24,,,,17.38,,
2024-02-22,,,,1.73,,9.24,,,,16.94,,
2024-02-23,,,,1.61,,9.14,,,,16.44,,
2024-02-24,,,,1.64,,9.46,,,,17.02,,
2024-02-25,,,,1.65,,9.64,,,,16.81,,
2024-02-26,,,,1.67,,10.14,,,,17.31,,
2024-02-27,,,,1.61,,9.95,,,,17.03,,
2024-02-28,,,,1.59,,12.22,,,,16.47,,
2024-02-29,,,,1.69,,11.81,,,,16.58,,
2024-03-01,,,,1.69,,11.88,,,,17.08,,
2024-03-02,,,,1.62,,,,,,16.76,,
2024-03-03,,,,1.56,,,,,,16.4,,
2024-03-04,,,,1.49,,,,,,15.64,,
2024-03-05,,,,1.4,,,,,,15.69,,
2024-03-06,,,,1.48,,,,,,16.16,,
2024-03-07,,,,1.6,,,,,,16.84,,
2024-03-08,,,,1.55,,,,,,16.16,,
2024-03-09,,,,1.58,,,,,,16.76,,
2024-03-10,,,,1.55,,,,,,16.02,,
2024-03-11,,,,1.56,,,,,,16.32,,
2024-03-12,,,,1.59,,,,,,17.98,,
2024-03-13,,,,1.62,,,,,,17.24,,
2024-03-14,,,,1.56,,,,,,16.5,,
2024-03-15,,,,1.49,,,,,,15.32,,
2024-03-16,,,,1.61,,,,,,13.63,,
2024-03-17,,,,1.59,,,,,,14.14,,
2024-03-18,,,,1.53,,,,,,12.97,,
2024-03-19,,,,1.66,,,,,,13.54,,
2024-03-20,,,,1.74,,,,,,14.8,,
2024-03-21,,,,1.82,,,,,,14.75,,
2024-03-22,,,,1.71,,,,,,13.72,,
2024-03-23,,,,1.65,,,,,,13.43,,
2024-03-24,,,,1.68,,,,,,13.66,,
2024-03-25,,,,1.7,,,,,,14.04,,
2024-03-26,,,,1.88,,,,,,13.85,,
2024-03-27,,,,2.08,,,,,,13.89,,
2024-03-28,,,,2.02,,,,,,14.13,,
2024-03-29,,,,1.91,,,,,,15.34,,
2024-03-30,,,,1.88,,,,,,14.47,,
2024-03-31,,,,1.91,,,,,,14.3,,
2024-04-01,,,,1.94,,,,,,13.22,,
2024-04-02,,,,1.74,,,,,,12.1,,
2024-04-03,,,,1.67,,,,,,12.0,,
2024-04-04,,,,1.68,,,,,,12.3,,
2024-04-05,,,,1.61,,,,,,11.89,,
2024-04-06,,,,1.63,,,,,,12.07,,
2024-04-07,,,,1.64,,,,,,12.22,,
2024-04-08,,,,1.71,,,,,,12.5,,
2024-04-09,,,,1.59,,,,,,11.58,,
2024-04-10,,,,1.52,,,,,,11.43,,
2024-04-11,,,,1.49,,,,,,10.87,,
2024-04-12,,,,1.24,,,,,,8.82,,
2024-04-13,,,,1.075,,,,,,10.15,,
2024-04-14,,,,1.2,,,,,,10.74,,
2024-04-15,,,,1.17,,,,,,9.66,,
2024-04-16,,,,1.23,,,,,,11.35,,
2024-04-17,,,,1.26,,,,,,9.96,,
2024-04-18,,,,1.25,,,,,,10.13,,
2024-04-19,,,,1.34,,,,,,10.71,,
2024-04-20,,,,1.43,,,,,,11.89,,
2024-04-21,,,,1.37,,,,,,11.52,,
2024-04-22,,,,1.39,,,,,,11.47,,
2024-04-23,,,,1.32,,,,,,12.1,,
2024-04-24,,,,1.25,,,,,,11.09,,
2024-04-25,,,,1.22,,,,,,10.7,,
2024-04-26,,,,1.17,,,,,,10.51,,
2024-04-27,,,,1.21,,,,,,10.31,,
2024-04-28,,,,1.22,,,,,,10.03,,
2024-04-29,,,,1.19,,,,,,9.79,,
2024-04-30,,,,1.15,,,,,,9.51,,
