date,ETH,BNB,TRX,APT,SOL,AVAX,DOT,ATOM
2022-07-20,2.292524227518846,1.205539199373266,,,,,,
2022-07-21,2.292524227518846,1.205539199373266,,,,,,
2022-07-22,2.312023292609214,1.0892256196122871,,,,,,
2022-07-23,2.2936125352984296,1.1121311509137055,,,,,,
2022-07-24,2.2936125352984296,1.1121311509137055,,,,,,
2022-07-25,2.196359646279216,0.9832537758825683,,,,,,
2022-07-26,2.134223069798692,1.0816401212211169,,,,,,
2022-07-27,2.119258791465417,1.006455642645928,,,,,,
2022-07-28,2.1162272471703027,1.2603151926956446,,,,,,
2022-07-29,2.06307182069843,1.0965177102966166,,,,,,
2022-07-30,2.017958760243363,1.0783514063071928,,,,,,
2022-07-31,1.93985981328874,1.0881489678209924,,,,,,
2022-08-01,1.880847543952345,1.0804763226176923,,,,,,
2022-08-02,1.7878542316035226,1.0985502292099123,,,,,,
2022-08-03,1.8049045799771248,1.0595777317609518,,,,,,
2022-08-04,1.795634416838901,1.052512666050423,,,,,,
2022-08-05,1.7706992241743686,1.0626964763767517,,,,,,
2022-08-06,1.73712195833096,1.0676985394581051,,,,,,
2022-08-07,1.726886289832176,1.0226011839209894,,,,,,
2022-08-08,1.6318250053089205,0.963934345272461,,,,,,
2022-08-09,1.5954348454270275,1.0870396607411377,,,,,,
2022-08-10,1.5675089713873973,1.1334535294219112,,,,,,
2022-08-11,1.5683922330576454,1.2501008970787122,,,,,,
2022-08-12,1.5633961738628417,1.1487926266055393,,,,,,
2022-08-13,1.5585369139887195,1.0664397870895297,,,,,,
2022-08-14,1.5292896339088582,0.9547383941048608,,,,,,
2022-08-15,1.4709131998789533,0.9439581235123438,,,,,,
2022-08-16,1.4215855815793406,1.1413628454133484,,,,,,
2022-08-17,1.4126256545511655,1.0327497014009734,,,,,,
2022-08-18,1.388395825430791,0.9836322020667252,,,,,,
2022-08-19,1.3433826997592924,1.082623850736799,,,,,,
2022-08-20,1.2974372175828948,1.0960119725953357,,,,,,
2022-08-21,1.267949283090357,0.9078333832250114,,,,,,
2022-08-22,1.2445231798184897,0.910136149347425,,,,,,
2022-08-23,1.2225930473045885,0.9963337162982194,,,,,,
2022-08-24,1.2229353455655612,1.0283815158852143,,,,,,
2022-08-25,1.2291320122547025,1.0200556645587624,,,,,,
2022-08-26,1.2103521262865622,1.0319005140696105,,,,,,
2022-08-27,1.1906374689752453,1.1533599421431828,,,,,,
2022-08-28,1.1757995073875906,1.0384105290178691,,,,,,
2022-08-29,1.1393119286660534,1.03075373508451,,,,,,
2022-08-30,1.117792823075482,1.202024334322917,,,,,,
2022-08-31,1.1396737912345265,1.2142767161426404,,,,,,
2022-09-01,1.165805069588275,1.1371663377180667,,,,,,
2022-09-02,1.162422533273954,1.2230754572925386,,,,,,
2022-09-03,1.1718237185207765,1.134756678232362,,,,,,
2022-09-04,1.1728144784894543,1.0589746299699525,,,,,,
2022-09-05,1.1532873271443564,0.985205830347426,,,,,,
2022-09-06,1.142651850418612,1.259823777392233,,,,,,
2022-09-07,1.1622530292026827,1.285007707105183,,,,,,
2022-09-08,1.1948450877410086,1.2318060894164784,,,,,,
2022-09-09,1.1781003569837298,1.3057145901251694,,,,,,
2022-09-10,1.1839194829792354,1.3062389935506846,,,,,,
2022-09-11,1.1661070905213924,1.0341688871579064,,,,,,
2022-09-12,1.139622771683475,0.972603811776923,,,,,,
2022-09-13,0.9095344972185776,1.1387307486599132,,,,,,
2022-09-14,0.9315266253642664,1.1210963572426216,,,,,,
2022-09-15,0.9218663411351627,1.102028944570735,,,,,,
2022-09-16,0.9074603569594908,1.1959298486059071,,,,,,
2022-09-17,0.9274141638913916,1.2796764999556347,,,,,,
2022-09-18,0.8755229466041131,0.9940005245195338,,,,,,
2022-09-19,0.8225789213556052,0.9967255499998252,,,,,,
2022-09-20,0.796921296760847,1.1405655649154616,,,,,,
2022-09-21,0.804801946671679,1.0806327178890316,,,,,,
2022-09-22,0.8162366578683169,1.0758895289188044,,,,,,
2022-09-23,0.8215307384227404,1.037366423597776,,,,,,
2022-09-24,0.8076971254837543,0.9742129048868216,,,,,,
2022-09-25,0.7963819074160199,0.900588864105741,,,,,,
2022-09-26,0.795607074165477,0.9467538072970372,,,,,,
2022-09-27,0.7922891654994377,1.054096369040615,,,,,,
2022-09-28,0.7922891654994377,1.0344211620899202,,,,,,
2022-09-29,0.7922891654994377,1.125501265959683,,,,,,
2022-09-30,0.7933980099198771,1.0259223414948706,,,,,,
2022-10-01,0.8003338304565049,1.0474748211050178,,,,,,
2022-10-02,0.7978099336254293,0.9627231956661,,,,,,
2022-10-03,0.7854256863014166,0.9174498241111378,,,,,,
2022-10-04,0.788838343723757,0.9205227050407117,,,,,,
2022-10-05,0.7969966911503001,1.0178851917235932,,,,,,
2022-10-06,0.8076219417583399,1.0634224075496328,,,,,,
2022-10-07,0.812798729660681,1.1332135308362756,,,,,,
2022-10-08,0.8088160974223625,1.130407414998054,,,,,,
2022-10-09,0.8247054813562185,0.9345670908712236,,,,,,
2022-10-10,0.8472700884841511,0.9361514687394972,,,,,,
2022-10-11,0.8865232785535822,1.1326644171738005,,,,,,
2022-10-12,0.9133897308403032,1.1327838070984713,,,,,,
2022-10-13,0.9191374423770152,1.1327838070984713,,,,,,
2022-10-14,0.9415671818796356,1.3121065537444612,,,,,,
2022-10-15,0.932405609211406,1.1279717430039229,,,,,,
2022-10-16,0.9559681529652346,1.0017625960560268,,,,,,
2022-10-17,0.992299753843691,1.124002013756788,,,,,,
2022-10-18,0.9852391284934748,1.2597852472032358,,,,,,
2022-10-19,1.0073145924268725,1.2473217115227972,,,,,,
2022-10-20,1.0356054645909067,1.2469232162651904,,,,,,
2022-10-21,1.0718194496942746,1.2854986922323235,,,,,,
2022-10-22,1.1062991336144334,1.203760073189894,,,,,,
2022-10-23,1.1161210675169029,1.2409563835056552,,,,,,
2022-10-24,1.1262118956496987,1.1272349317827284,,,,,,
2022-10-25,1.1383892784130472,1.445900436216118,,,,,,
2022-10-26,1.1589325080134316,1.2191175373611745,,,,,,
2022-10-27,1.065340455517655,1.210080365614984,,,,,,
2022-10-28,1.1830216086601406,1.327966174525232,,,,,,
2022-10-29,1.192303341342756,1.0480099338029676,,,,,,
2022-10-30,1.1936804985699496,1.1594830596487051,,,,,,
2022-10-31,1.208589907898379,1.102727802639312,,,,,,
2022-11-01,1.2126362963461097,1.1945251202571483,,,,,,
2022-11-02,1.2411039796675951,1.2719680449484547,,,,,,
2022-11-03,1.2232976683274528,1.2002848156342838,,,,,,
2022-11-04,1.228212893030794,1.4826987972666643,,,,,,
2022-11-05,1.256202373579095,1.3984512958565631,,,,,,
2022-11-06,1.2422467672593314,1.1344166259348798,,,,,,
2022-11-07,1.251761115062151,1.0392660767542872,,,,,,
2022-11-08,1.2626928547917766,1.108855596342404,,,,,,
2022-11-09,1.2474235507545086,1.4082845654866685,,,,,,
2022-11-10,1.3074725129192375,1.3366939692316573,,,,,,
2022-11-11,1.332344613575637,1.1570116121441931,,,,,,
2022-11-12,1.328354285044007,1.0360973481929685,,,,,,
2022-11-13,1.3126461352260244,1.199263761773008,,,,,,
2022-11-14,1.2727156657820924,1.089044440987584,,,,,,
2022-11-15,1.2797429968732192,1.0789845222862977,,,,,,
2022-11-16,1.2977046033966653,1.122030729645017,,,,,,
2022-11-17,1.303856906622208,1.0004598876808148,,,,,,
2022-11-18,1.2677678831080066,1.070453350295252,,,,,,
2022-11-19,1.2475046129412617,0.9719874960284682,,,,,,
2022-11-20,1.2093017163642996,0.959630275446645,,,,,,
2022-11-21,1.1612445167150425,1.0959655847795036,,,,,,
2022-11-22,1.1375231956097536,1.064617511737942,,,,,,
2022-11-23,1.157103109643543,0.954355233567652,,,,,,
2022-11-24,1.1669386608517012,0.9918067587182662,,,,,,
2022-11-25,1.1389745185129114,0.9055086303134524,,,,,,
2022-11-26,1.1150704690717816,0.9055086303134524,,,,,,
2022-11-27,1.105595271350846,0.9060636092693444,,,,,,
2022-11-28,1.101492634770518,0.9069230238834018,,,,,,
2022-11-29,1.090466272568719,0.9609875333061624,,,,,,
2022-11-30,1.1245779429892857,1.0100050600709891,,,,,,
2022-12-01,1.1256683585486795,1.092430335536936,,,,,,
2022-12-02,1.2444416206216085,1.1048439175751288,,,,,,
2022-12-03,1.2515219467081349,1.3555398569761197,,,,,,
2022-12-04,1.2354683342347808,0.9265272469965428,,,,,,
2022-12-05,1.2023778217198198,0.922260422497832,,,,,,
2022-12-06,1.2019877769517189,0.9643595760318552,,,,,,
2022-12-07,1.2241355511694618,0.9924525978123448,,,,,,
2022-12-08,1.2039134582714248,0.9976291595793072,,,,,,
2022-12-09,1.1903254000648231,1.1028094241652555,,,,,,
2022-12-10,1.0825128078305304,1.037644943067895,,,,,,
2022-12-11,1.0674620164507789,0.9268469050205695,,,,,,
2022-12-12,1.0330059208436282,0.9285339862571292,,,,,,
2022-12-13,1.043894529163834,0.9800985602551158,,,,,,
2022-12-14,1.0674623647578068,1.1702033963007143,,,,,,
2022-12-15,1.0319459671399849,1.0274207438956406,,,,,,
2022-12-16,1.0245019545046037,1.1082439689642207,,,,,,
2022-12-17,1.0280801432051545,1.154685634630945,,,,,,
2022-12-18,1.0394458443520498,1.0258356996679316,,,,,,
2022-12-19,1.0267316104932098,0.9197128611978972,,,,,,
2022-12-20,1.0297513307624666,0.9260061220555258,,,,,,
2022-12-21,1.042414313674995,0.9254817216642508,,,,,,
2022-12-22,1.0496488676459843,0.9460039544147948,,,,,,
2022-12-23,1.0506749041070935,0.9556010743584908,,,,,,
2022-12-24,1.0454450854052733,0.9124685547214376,,,,,,
2022-12-25,1.0484797008982745,0.9131980319206926,,,,,,
2022-12-26,1.0455949115533156,0.9131980319206926,,,,,,
2022-12-27,1.0470784749371873,0.9092711125654328,,,,,,
2022-12-28,1.052462694267355,0.909914546632234,,,,,,
2022-12-29,1.0694678804150497,0.9833567506196308,,,,,,
2022-12-30,1.0674893372588692,1.0162183186624478,,,,,,
2022-12-31,1.0833053137849005,1.1476301788392735,,,,,,
2023-01-01,1.092823375364128,1.0231992855308167,,,,,,
2023-01-02,1.0969732376797028,1.0243173883200951,,,,,,
2023-01-03,1.0995395214565935,0.9990132029000828,,,,,,
2023-01-04,1.1146087708414694,1.005876779795092,,,,,,
2023-01-05,1.1334748694161545,1.0585853900724498,,,,,,
2023-01-06,1.1392855978070544,1.079411220511573,,,,,,
2023-01-07,1.1447198024434189,1.0826244367758608,,,,,,
2023-01-08,1.14797638383275,1.034840676997251,,,,,,
2023-01-09,1.1378605037586984,1.1388243231387578,,,,,,
2023-01-10,1.1300068063090682,1.322250784034604,,,,,,
2023-01-11,1.1422251205756615,1.1871325239723336,,,,,,
2023-01-12,1.1598853315360598,1.1829739080309278,,,,,,
2023-01-13,1.1696844569201572,1.3036010120854826,,,,,,
2023-01-14,1.1871738434376482,1.2264448222391493,,,,,,
2023-01-15,1.200521751840897,1.42265825890587,,,,,,
2023-01-16,1.2008749459247574,1.2885036587485077,,,,,,
2023-01-17,1.2122820474719662,1.322523461595368,,,,,,
2023-01-18,1.240172138922183,1.2410498331536834,,,,,,
2023-01-19,1.2580567363613742,1.330557079514577,,,,,,
2023-01-20,1.2729521332944465,1.2657112617089168,,,,,,
2023-01-21,1.270484493855505,1.3776117405848547,,,,,,
2023-01-22,1.2803379860159536,1.3776117405848547,,,,,,
2023-01-23,1.2874059731926877,1.1579895487805123,,,,,,
2023-01-24,1.2984073359387014,1.1586611200354562,,,,,,
2023-01-25,1.3334855736061253,1.2145601349440205,,,,,,
2023-01-26,1.3392661658662937,1.2435302789738918,,,,,,
2023-01-27,1.3480833010098496,1.2260762701737251,,,,,,
2023-01-28,1.3544165455101806,1.3111984073555631,,,,,,
2023-01-29,1.3530375554708416,1.1873890571062673,,,,,,
2023-01-30,1.3556005604667454,1.378357042756002,,,,,,
2023-01-31,1.360892610074327,1.441244235265091,,,,,,
2023-02-01,1.3738763774222194,1.4812264272195803,,,,,,
2023-02-02,1.38434496953685,1.3823690351417204,,,,,,
2023-02-03,1.4167411302355717,1.279629044178496,,,,,,
2023-02-04,1.427931611105261,1.0890223340460805,,,,,,
2023-02-05,1.431688383367333,1.430585424225985,,,,,,
2023-02-06,1.4321203033067205,1.2812208748900202,,,,,,
2023-02-07,1.4574346276096817,1.3247634758810614,,,,,,
2023-02-08,1.486108935625518,1.2400419868461332,,,,,,
2023-02-09,1.504142653461709,1.329427771835299,,,,,,
2023-02-10,1.5152843840552568,1.4156109730109034,,,,,,
2023-02-11,1.513655849500511,1.2951452582979035,,,,,,
2023-02-12,1.5033449824368352,1.3250657237532064,,,,,,
2023-02-13,1.489596842962167,1.1735923664669603,,,,,,
2023-02-14,1.4990735901256702,1.3215819878964832,,,,,,
2023-02-15,1.5854312344810044,1.226910221433813,,,,,,
2023-02-16,1.6072664943803012,1.342539195033302,,,,,,
2023-02-17,1.6134359508452567,1.4298745970017512,,,,,,
2023-02-18,1.639259782562143,1.3484542765279095,,,,,,
2023-02-19,1.6462636683791083,1.210997987265766,,,,,,
2023-02-20,1.6529576054900634,1.2201876832385818,,,,,,
2023-02-21,1.6712084387384742,1.3303682999968405,,,,,,
2023-02-22,1.6868085678199796,1.3069189649894493,,,,,,
2023-02-23,1.7182544160795072,1.3335166953624455,,,,,,
2023-02-24,1.7477334002250298,1.370243969040205,,,,,,
2023-02-25,1.7593976528227684,1.2670271201718455,,,,,,
2023-02-26,1.7513595015840333,1.165025671677123,,,,,,
2023-02-27,1.767221009872244,1.134581735709824,,,,,,
2023-02-28,1.7909719452178028,1.3667615522101362,,,,,,
2023-03-01,1.8070253227241069,1.3633772117345615,,,,,,
2023-03-02,1.830593892839134,1.3634143563195291,,,,,,
2023-03-03,1.819759321340061,1.3449581533796802,,,,,,
2023-03-04,1.8218875369019327,1.237288140648008,,,,,,
2023-03-05,1.822380137838148,1.0388098550545424,,,,,,
2023-03-06,1.805587433362948,1.0194733695743554,,,,,,
2023-03-07,1.85806852626304,1.1516925316603124,,,,,,
2023-03-08,1.881599322549387,1.14631020337188,,,,,,
2023-03-09,1.8952822784391,1.1185056708325305,,,,,,
2023-03-10,1.901031384292546,1.19244969419653,,,,,,
2023-03-11,1.914734920564124,1.2492231396529163,,,,,,
2023-03-12,2.0665929333177857,1.329214214494022,,,,,,
2023-03-13,1.964904639478656,1.0480837400467018,,,,,,
2023-03-14,1.9898742484904028,1.2196340360092457,,,,,,
2023-03-15,1.9973380244290888,1.1923704036873486,,,,,,
2023-03-16,1.9884150997992465,1.258036200839065,,,,,,
2023-03-17,1.929053358159204,1.1995074980781986,,,,,,
2023-03-18,1.882886540544061,1.2077081228168989,,,,,,
2023-03-19,1.862827377485151,1.0651050107666231,,,,,,
2023-03-20,1.8184085569456951,1.032092628129475,,,,,,
2023-03-21,1.8000489425315054,1.1756410432234763,,,,,,
2023-03-22,1.7855078991316222,1.1322726470464255,,,,,,
2023-03-23,1.759414993187877,1.3639625824692252,,,,,,
2023-03-24,1.7416227311601165,1.1256398876642535,,,,,,
2023-03-25,1.7416227311601165,1.1649594679346642,,,,,,
2023-03-26,1.699914508196766,1.1710065691999425,,,,,,
2023-03-27,1.6402995897202377,0.9160397481711948,,,,,,
2023-03-28,1.6988061694234795,1.1361877505413998,,,,,,
2023-03-29,1.6988061694234795,1.1583866792361743,,,,,,
2023-03-30,1.401127594743635,1.108680054976818,,,,,,
2023-03-31,1.4088286392831295,1.114781854767969,,,,,,
2023-04-01,1.3941662285846868,1.2159698167019637,,,,,,
2023-04-02,1.382599991846383,1.09156601052773,,,,,,
2023-04-03,1.372671755633052,1.1049095315421922,,,,,,
2023-04-04,1.3806947395858455,1.3896732687862845,,,,,,
2023-04-05,1.3904685698409176,1.1758101644213674,,,,,,
2023-04-06,1.3871853397774931,1.2140912496050669,,,,,,
2023-04-07,1.3801207438969167,1.2867120742127662,,,,,,
2023-04-08,1.374388991166343,1.1282730519853463,,,,,,
2023-04-09,1.354699686130827,1.0864849905329668,,,,,,
2023-04-10,1.3157780648791682,1.067493676567323,,,,,,
2023-04-11,1.2384687883254573,1.2624957498897522,,,,,,
2023-04-12,1.2677512869381484,1.2524302296499426,,,,,,
2023-04-13,1.276284521530861,1.2120878888531412,,,,,,
2023-04-14,1.2692787241427883,1.2797851120236454,,,,,,
2023-04-15,1.301809391185481,1.162832366215082,,,,,,
2023-04-16,1.3194287559186657,0.9780390771103012,,,,,,
2023-04-17,1.3266649547858629,0.9798447612649704,,,,,,
2023-04-18,1.3606543665651958,1.1142126947729365,,,,,,
2023-04-19,1.4127742968901065,1.276291084881337,,,,,,
2023-04-20,1.5194721485299754,1.3357170991310114,,,,,,
2023-04-21,1.6002751391469583,1.2949556269563325,,,,,,
2023-04-22,1.614455938946268,1.1882034807217632,,,,,,
2023-04-23,1.6358020487610192,0.9985880264178872,,,,,,
2023-04-24,1.66426012848848,1.0596818423276733,,,,,,
2023-04-25,1.69672788535459,1.4293359554432497,,,,,,
2023-04-26,1.7006364388150237,1.423618600866389,,,,,,
2023-04-27,1.6938864930223765,1.3929713676711872,,,,,,
2023-04-28,1.707503006598344,1.3095509181803615,,,,,,
2023-04-29,1.7176722856692994,1.1773416328200663,,,,,,
2023-04-30,1.7286399583335428,1.1773416328200663,,,,,,
2023-05-01,1.7348866503393758,1.012456275529869,,,,,,
2023-05-02,1.7348866503393758,1.1626211896011858,,,,,,
2023-05-03,1.7348866503393758,1.0627093127420628,,,,,,
2023-05-04,1.7348866503393758,1.1058651766555745,,,,,,
2023-05-05,1.7348866503393758,1.058981375302546,,,,,,
2023-05-06,1.7348866503393758,1.2096587800820606,,,,,,
2023-05-07,1.7348866503393758,1.1195235331629303,,,,,,
2023-05-08,1.7348866503393758,1.2453304610895295,,,,,,
2023-05-09,1.7348866503393758,1.456266328282127,,,,,,
2023-05-10,1.7511393387358123,1.447307705911297,,,,,,
2023-05-11,1.8411948603434471,1.371595741457959,,,,,,
2023-05-12,1.841594666111708,1.274345059775283,,,,,,
2023-05-13,1.844145185846196,1.3584456985476994,,,,,,
2023-05-14,1.9354008493412909,1.03723914960152,,,,,,
2023-05-15,1.8689546061671207,1.0647193913487514,,,,,,
2023-05-16,1.8795765226887344,1.3172519804667535,,,,,,
2023-05-17,1.995222171146628,1.2038134292825038,,,,,,
2023-05-18,2.0035566604299166,1.275395719166326,,,,,,
2023-05-19,1.9684152519570293,1.2825241831534888,,,,,,
2023-05-20,1.938186931011468,1.161380123223663,,,,,,
2023-05-21,1.8941687323970569,1.0659475043949298,,,,,,
2023-05-22,1.858128672553532,1.066596485882604,,,,,,
2023-05-23,1.9170179236592424,1.2470622094173676,,,,,,
2023-05-24,1.9754449337508897,1.1235331590251236,,,,,,
2023-05-25,1.9849718932334504,1.2580788962801477,,,,,,
2023-05-26,1.949427611295568,1.1085157616185992,,,,,,
2023-05-27,1.9405556761697769,1.0848573336104297,,,,,,
2023-05-28,1.9126244918420985,0.9046603045133748,,,,,,
2023-05-29,1.877770098605648,0.9387219053526646,,,,,,
2023-05-30,1.843695299846268,1.1161087152533138,,,,,,
2023-05-31,1.847130119948732,1.1220011561223808,,,,,,
2023-06-01,1.846588815518863,1.1812458359522893,,,,,,
2023-06-02,1.8078954446183928,1.1615425238187616,,,,,,
2023-06-03,1.794573931035618,1.049088096004517,,,,,,
2023-06-04,1.8156788837530409,0.9353602524015702,,,,,,
2023-06-05,2.002568108051144,0.9356809219494484,,,,,,
2023-06-06,1.957778755253513,1.264987549696044,,,,,,
2023-06-07,1.876356541041465,1.1119359955959045,,,,,,
2023-06-08,1.8130077661400088,1.0754131643291176,,,,,,
2023-06-09,1.739208194712735,0.9958088962172844,,,,,,
2023-06-10,1.6740187163099312,0.980226047602598,,,,,,
2023-06-11,1.6051858208050658,1.242138193791193,,,,,,
2023-06-12,1.5505227210131358,0.9777285888436832,,,,,,
2023-06-13,1.5082010178527123,1.297714066227328,,,,,,
2023-06-14,1.4755395336612265,1.237525889194803,,,,,,
2023-06-15,1.448033538291541,1.3174556909695507,,,,,,
2023-06-16,1.4121693910270476,1.250376699209034,,,,,,
2023-06-17,1.4121693910270476,1.1218613418026924,,,,,,
2023-06-18,1.3334371016287732,1.040264328854961,,,,,,
2023-06-19,1.294035558879275,0.9135908446586668,,,,,,
2023-06-20,1.258385553696784,1.1049647203544677,,,,,,
2023-06-21,1.2359981628862122,1.146356495871962,,,,,,
2023-06-22,1.2185870159395082,1.460192380733366,,,,,,
2023-06-23,1.1879877302982793,1.1533005475879374,,,,,,
2023-06-24,1.144728256785472,1.2088824408079588,,,,,,
2023-06-25,1.1165031227857898,1.0393785841080774,,,,,,
2023-06-26,1.067000148065513,1.069667595963819,,,,,,
2023-06-27,1.0675484543854217,1.1562352125498496,,,,,,
2023-06-28,1.0513775889270325,1.122017005729172,,,,,,
2023-06-29,1.0411075951710882,1.1225650163951415,,,,,,
2023-06-30,1.0172641277679464,1.2654694082483935,,,,,,
2023-07-01,1.0046616993741202,1.3743040813742018,,,,,,
2023-07-02,0.9899780253707032,1.0651639043070011,,,,,,
2023-07-03,0.9508137643422304,1.0185435069588584,,,,,,
2023-07-04,0.9276954322873272,1.1595749413613312,,,,,,
2023-07-05,0.9222154627356032,1.1062700169410575,,,,,,
2023-07-06,0.9204994736482844,1.1078478843221216,,,,,,
2023-07-07,0.9337178925981912,1.182012460738604,,,,,,
2023-07-08,0.9337178925981912,1.1811959564072432,,,,,,
2023-07-09,0.9337178925981912,1.1022131932928492,,,,,,
2023-07-10,0.9905322258110636,1.0823481176114376,,,0.8045412551802087,,,
2023-07-11,0.9910536337993596,1.2860293600255284,,,0.7965163264708399,,,
2023-07-12,0.9834174531714284,1.216205964083868,,,0.7976714659226454,,,
2023-07-13,0.9894999632065448,1.1721713309774269,,,0.7971583872417299,,,
2023-07-14,0.9996350465173262,1.3186115280703568,,,0.7988145213090824,,,
2023-07-15,1.014112647817886,1.2083074532477178,,,0.8003965284010591,,,
2023-07-16,1.017765694125554,1.036696140559113,,,0.8001989617943757,,,
2023-07-17,1.0066745730493087,1.031637225625009,,,0.7963080691744362,,,
2023-07-18,1.0003036924719326,1.2457483591737826,,,0.7979730042526118,,,
2023-07-19,1.0037906872280846,1.2295171844044337,,,0.8015496373200237,,,
2023-07-20,0.9803337626734028,1.1237168092773506,,,0.8001454325865919,,,
2023-07-21,0.9867267619425988,1.3104283171763442,,,0.8006641263508767,,,
2023-07-22,0.9929405937233764,1.164289914447379,,,0.8006670308134385,,,
2023-07-23,1.0003517626763372,1.0460832829629587,,,0.8024213535845864,,,
2023-07-24,1.002676221361564,0.9958373451772246,,,0.8011027223221538,,,
2023-07-25,1.0010291271062994,1.1644770950914007,,,0.8023806398803272,,,
2023-07-26,1.018841639047306,1.1058306064442989,,,0.8017723499693115,,,
2023-07-27,1.0368477714535191,1.1143555287866758,,,0.8029507125164013,,,
2023-07-28,1.0926703496846957,1.132600656919715,,,0.8000009943734051,,,
2023-07-29,1.1097177503181344,1.1171381508915,,,0.798476719129095,,,
2023-07-30,1.1277835943393149,1.022989089299546,,,0.7969640378054071,,,
2023-07-31,1.1175378497909252,1.0215961147671817,,,0.794229629689278,,,
2023-08-01,1.0673924639883872,1.2335822443618287,,,0.7949671493946557,,,
2023-08-02,1.0645422065917214,1.2736750702707298,,,0.7940654277729101,,,
2023-08-03,1.0716246544222188,1.2165159735414497,,0.0025240027503375,0.8003712848034317,,,
2023-08-04,1.0708290389622412,1.3394511952236756,,0.0031700096659611,0.7998481754210942,,,
2023-08-05,1.061624936215631,1.3013231132985386,,0.0032990764635719,0.802784731481405,,,
2023-08-06,1.01578690483631,1.22312309172476,,0.0033921972078829,0.8023376444771292,,,
2023-08-07,0.987767806612448,1.2051365324709389,,0.0033159339159585,0.800906846709444,,,
2023-08-08,0.9660150517059012,1.289418583301002,,0.0032461544062065,0.801196720971338,,,
2023-08-09,0.967444766442628,1.3446976459718738,,0.0031498615796434,0.8025890777054578,,,
2023-08-10,0.973151097717166,1.241958070528028,,0.0031243801461402,0.8071008224553593,,,
2023-08-11,1.1211825473428323,1.2905437872621732,,0.0030136667425543,0.8052858856060798,,,
2023-08-12,1.1171985910004711,1.1686513305066557,,0.0029684154627609,0.8059165098160679,,,
2023-08-13,1.1055559740047884,1.129578539717565,,0.0030158538610873,0.8043072050830973,,,
2023-08-14,1.0827733309481968,1.161641631858311,,0.0030606332733759,0.8036473658970524,,,
2023-08-15,1.0667291463343884,1.3220958420950086,,0.0031133763523966,0.8043358095618284,,,
2023-08-16,1.0732841588275548,1.2954261408054528,,0.0031323382478253,0.8044198476812693,,,
2023-08-17,1.0839479659711493,1.2920028327933943,,0.0031951805261963,0.8059013386484921,,,
2023-08-18,1.0870381265917073,1.5853370069035235,,0.0031991475563092,0.8089713702322597,,,
2023-08-19,1.08347850800803,1.402092786076266,,0.0032233970134624,0.8035056951855981,,,
2023-08-20,1.0818866282726545,1.1448168948555209,,0.0032232837525072,0.8058209108132629,,,
2023-08-21,1.068090536612095,1.0308349389048872,,0.0032419282851537,0.8127848591072077,,,
2023-08-22,1.0500923557624355,1.0665657962668864,,0.0032452337147117,0.8117970925909007,,,
2023-08-23,1.0538590213395138,1.070996352664099,,0.0032339302984511,0.8141835603565138,,,
2023-08-24,1.0615061029943398,1.025644504495525,,0.0032540851972278,0.8096317821598557,,,
2023-08-25,1.0488991657048528,0.988787105620153,,0.0032708389337019,0.8153226921027509,,,
2023-08-26,1.0319293539363583,0.9960962028167568,,0.0032662210157381,0.8144582607122425,,,
2023-08-27,1.02781555742838,0.8713051780107526,,0.0032514747765845,0.8158416658903165,,,
2023-08-28,1.0027252337337154,0.8709080582565276,,0.0032587675269836,0.817465896094256,,,
2023-08-29,0.96738994493919,1.0123811114047223,,0.0032556660925708,0.8148774986225211,,,
2023-08-30,0.968665859603986,1.1300579351656037,,0.0032604667053362,0.8152470748203009,,,
2023-08-31,1.015041767585254,1.0425106785487122,,0.0032465574072812,0.8160291658918246,,,
2023-09-01,1.0171753653333393,1.0798928264144902,,0.0032573099332256,0.8173112481627229,,,
2023-09-02,1.014685919781139,1.0970372202797627,,0.0032602301039911,0.819704419093727,,,
2023-09-03,1.0074902914376147,0.9647439054288032,,0.0032405078341835,0.8194548206001627,,,
2023-09-04,0.9931524372791324,0.9465240187560728,,0.0032213534493317,0.8163337293351557,,,
2023-09-05,0.9825826074640628,1.0780464820829927,,0.0032154627622058,0.8159009930162897,,,
2023-09-06,0.9768755219721508,1.0576993092205105,,0.0032211483970679,0.8174246031181662,,,
2023-09-07,0.9791371029847334,1.086201393305109,,0.0032248754198898,0.8190125660074663,,,
2023-09-08,0.9718089320079166,1.1168498948311378,,0.0035870448213472,0.8196316974782866,,,
2023-09-09,0.9512206732103736,1.0755263787644826,,0.0034108905968096,0.8198345322051784,,,
2023-09-10,0.943966497001817,0.9814063823719936,,0.0034238683366967,0.819515305411638,,,
2023-09-11,0.9274180028336568,0.9771593889180932,,0.0034431610195889,0.8197245890341975,,,
2023-09-12,0.926090956818446,1.3770178726701623,,0.0034334020734025,0.8154017904506411,,,
2023-09-13,0.9275003784114012,1.4412276227426724,,0.0034160958259865,0.8196997679814922,,,
2023-09-14,0.9278160597824044,1.0041391759899374,,0.0034014438952804,0.8211558964073012,,,
2023-09-15,0.9331356480004396,1.4783818536202815,,0.0033729218958852,0.8204612048966435,,,
2023-09-16,0.9230807610853006,1.4341670704604372,,0.0033694585602044,0.8184001674133914,,,
2023-09-17,0.9085987164416436,1.200380394930411,,0.0033364113716647,0.817687958092811,,,
2023-09-18,0.8854868287797262,1.3921605824400352,,0.0033234053461509,0.8198276047095712,,,
2023-09-19,0.8586934611220203,1.3627287471532994,,0.0033084135501384,0.816959268886044,,,
2023-09-20,0.8607261816442625,1.247469747808272,,0.0032922937369399,0.8218412522702235,,,
2023-09-21,0.8568137593531986,1.2173160767756304,,0.0032857741942907,0.8253630107822009,,,
2023-09-22,0.8436731936238596,1.3369958571625908,,0.0032108104534931,0.824561952555477,,,
2023-09-23,0.8268666233075113,1.2087879190873845,,0.0031921814007216,0.8232855154703607,,,
2023-09-24,0.8103284971683226,1.0652615462310386,,0.0031978754408155,0.8215855478887366,,,
2023-09-25,0.7939169649012138,1.092961645153082,,0.0031497495440505,0.8209230480393789,,,
2023-09-26,0.771058822606171,1.2147721883533422,,0.0031001571532027,0.8210025405373331,,,
2023-09-27,0.7678229860213662,1.218326258458874,,0.003103909906905,0.8203293653637077,,,
2023-09-28,0.772854348620122,1.1583872833138735,,0.003106745948022,0.8209209410600239,,,
2023-09-29,0.754264537243894,1.2515410396333502,,0.0030984320952942,0.8201855649475412,,,
2023-09-30,0.7263288895024341,1.0878216633508846,,0.0030959481116798,0.81664509507653,,,
2023-10-01,0.7075030905103495,1.0296247925242583,,0.0030971178574706,0.8137202895943746,,,
2023-10-02,0.6906281221587988,1.0992990134331937,,0.003027673696923,0.8125218864458618,,,
2023-10-03,0.6733864244471077,1.2197712443710291,,0.0030184519220852,0.8115581594674106,,,
2023-10-04,0.6789560600628713,1.1959001513953198,,0.0030146578053239,0.810679836215865,,,
2023-10-05,0.6775139518931913,1.2450888360732149,,0.0029173957067745,0.8076525877665155,,,
2023-10-06,0.671529512598552,1.2047240452791717,,0.002881384791116,0.80451157518772,,,
2023-10-07,0.6610021266393565,1.2987814915535167,,0.0028660878480192,0.0269138290680178,,,
2023-10-08,0.6462880463851379,1.154203204898278,,0.0029771296316137,0.0267356315177052,,,
2023-10-09,0.6287337356574251,1.1366357431846663,,0.003001067828438,0.0266245967232865,,,
2023-10-10,0.6135311429117407,1.176144872830843,,0.0030033769961549,0.0266278959825542,,,
2023-10-11,0.6105277593123342,1.344976199028996,,0.0033402104749332,0.0267572894427999,,,
2023-10-12,0.6069310419786733,1.282854972611003,,0.0029620483308509,0.0267483143515799,,,
2023-10-13,0.5936358528294151,1.268172533212473,,0.0029175463930609,0.0266953490954072,,,
2023-10-14,0.5846710185557225,1.182009833863149,,0.0029119222798225,0.0265996418903778,,,
2023-10-15,0.5701672800117104,1.029009938225442,,0.0029137950296526,0.0265295029794166,,,
2023-10-16,0.5530842583072885,1.0363113052158734,,0.0029068423185687,0.0264390366771395,,,
2023-10-17,0.538100459900949,1.3728480609083529,,0.0028929987708487,0.0263902025255295,,,
2023-10-18,0.5454081314311289,1.273344770754275,,0.0028951703257266,0.0263220299476947,,,
2023-10-19,0.5448458937371239,1.4624417324370644,,0.0028950490041272,0.026271436454877,,,
2023-10-20,0.5375853828518603,1.4305295113576209,,0.0029904157853037,0.0261640794342084,,,
2023-10-21,0.5308173048591869,1.4355707300129437,,0.0031763141425869,0.0259172808971709,,,
2023-10-22,0.5204508999822766,1.4321253533562457,,0.0035049786691343,0.0259157986928751,,,
2023-10-23,0.5080264678309038,1.0621022955073465,,0.0035215578794008,0.0257094514266105,,,
2023-10-24,0.5079820229510651,1.4322607622330432,,0.0035059808075492,0.0256182168013258,,,
2023-10-25,0.5232278626958875,1.4378355406600305,,0.0033320636992511,0.0257881534121125,,,
2023-10-26,0.5479556498434528,1.536563510677947,,0.0032023147745789,0.0255414327448477,,,
2023-10-27,0.5628989272698751,1.3917962159378328,,0.0030563218623596,0.0254211785828667,,,
2023-10-28,0.5736328865476312,1.872106882665688,,0.0029423718532894,0.0254300956269751,,,
2023-10-29,0.5794223262823817,1.2705179442163277,,0.0029024294113008,0.0254906994569304,,,
2023-10-30,0.5851597842659685,1.3031612803238122,,0.0028551232158921,0.0254516790420339,,,
2023-10-31,0.5904610427518612,1.4659411068912815,,0.0028283133870588,0.0255323951909336,,,
2023-11-01,0.6048690679986157,1.52724629525829,,0.0027730231865676,0.0255323951909336,,,
2023-11-02,0.6290810393589215,1.4903643368040993,,0.0027404887942491,0.0255323951909336,,,
2023-11-03,0.6382169080810861,1.6838978973864,,0.0026577586254405,0.0256409324590784,,,
2023-11-04,0.6594816323244052,1.3372120483319776,,0.0027032477559252,0.0254000594886984,,,
2023-11-05,0.6688784988753591,1.231916681654435,,0.0026906494502598,0.0255518625306119,,,
2023-11-06,0.6793966090235717,1.5162280536536006,,0.0026929335103458,0.0254444610190654,,,
2023-11-07,0.6915068703519557,1.5506350119167427,,0.0028103467967305,0.0254136261779418,,,
2023-11-08,0.721620195778042,1.3888745813930052,,0.002815339447779,0.0254862809696464,,,
2023-11-09,0.7479968616050657,1.4821238361964764,,0.0026819803983805,0.0255088096192706,,,
2023-11-10,0.7763724830653642,1.9473103953623176,,0.0026138238567518,0.0260676429871271,,,
2023-11-11,0.821106000500022,1.4577976430518462,,0.0026577123534041,0.0255148510251892,,,
2023-11-12,0.8578546528293782,1.3238137232288822,,0.0026400996672829,0.0255137086237433,,,
2023-11-13,0.8837034539460634,1.2451417617550973,,0.0025998387597336,0.0255327477912302,,,
2023-11-14,0.9069709745220907,1.43590573263261,,0.0025919292664264,0.0255109038658185,,,
2023-11-15,0.9069709745220907,1.3279305193434212,2.755245321242916,0.0025628378209281,0.0255551009439798,,,
2023-11-16,0.9069709745220907,1.3149030263186876,2.7807134904886555,0.002529609150679,0.025636489211207,,,
2023-11-17,0.9069709745220907,1.3226920951053125,2.775390181945028,0.0024825739782244,0.0256911930730349,,,
2023-11-18,0.9069709745220907,1.3803773938924822,2.7725725902192964,0.0024226709348204,0.0257542480726463,,,
2023-11-19,0.9069709745220907,1.3081054950127986,2.758478993868132,0.0021926258943236,0.0256154670735777,,,
2023-11-20,0.9069709745220907,1.214578579392703,2.733829198284401,0.0019048353438052,0.0257070885935906,,,
2023-11-21,0.9069709745220907,1.285126683862596,2.741116149178472,0.0015815901576121,0.0258895521546425,,,
2023-11-22,0.9069709745220907,1.4903228615932906,2.758138330841844,0.0016100489883393,0.0259728612697341,,,
2023-11-23,0.9069709745220907,1.3962771631962438,2.780169451855284,0.0016577448578018,0.0262607016647915,,,
2023-11-24,0.9069709745220907,1.2276936926178217,2.7757240703705843,0.0016890623802082,0.0261950299015355,,,
2023-11-25,0.9069709745220907,1.141017371516219,2.7641406852863075,0.0017570568850654,0.0263268650703422,,,
2023-11-26,0.9069709745220907,1.0001525598664378,2.736414762224652,0.0018141540602476,0.0262463270780478,,,
2023-11-27,0.9069709745220907,1.0686082118135527,2.7056699248891967,0.0018832507720176,0.0264232378863953,,,
2023-11-28,0.9069709745220907,1.1893187208135894,2.697434685784489,0.0018791439167761,0.0265159334098171,,,
2023-11-29,0.9069709745220907,1.328647049447189,2.701675997687821,0.001880897254615,0.026658150351998,,,
2023-11-30,0.9069709745220907,1.1690226354619722,2.709414958371033,0.0018170759383922,0.0266507988486739,,,
2023-12-01,0.9069709745220907,1.1562638846465445,2.690720153663572,0.0018108342254877,0.0267716580732981,,,
2023-12-02,0.9069709745220907,1.1759359590747762,2.674224061465673,0.001816113179196,0.0267490439092883,,,
2023-12-03,0.9069709745220907,1.244085107478074,2.6448863480990497,0.0018021655896253,0.0269419191102145,,,
2023-12-04,0.9069709745220907,1.1410559519507748,2.615402733932765,0.0018083866065465,0.0272705240842247,,,
2023-12-05,0.9069709745220907,1.4218995638518164,2.6130184975376545,0.0019589787439682,0.0270762939924936,,,
2023-12-06,0.9069709745220907,1.3779968796546926,2.6243985417331195,0.0019918492816075,0.0272814603223565,,,
2023-12-07,0.9069709745220907,1.4701564538593357,2.64859262617938,0.0020396088653325,0.0270063597884229,,,
2023-12-08,0.9069709745220907,2.748231900037985,2.643620918101231,0.0020438710766684,0.0272922636602179,,,
2023-12-09,0.9069709745220907,2.000254018284896,2.6320005269881213,0.0020271259141737,0.0273725255980334,,,
2023-12-10,0.9069709745220907,1.3979653512947643,2.6225547292462985,0.0020852206748541,0.027571273287012,,,
2023-12-11,0.9069709745220907,1.1953228387087498,2.5889932620247955,0.002110698096402,0.027348584703927,,,
2023-12-12,0.9069709745220907,1.460401557782486,2.580397255413873,0.0020752675553593,0.0275872783869529,,,
2023-12-13,0.9069709745220907,1.4103096747523014,2.588459588977758,0.0021147017617048,0.0276397287885034,,,
2023-12-14,0.9069709745220907,1.386521338716744,2.5941829538009085,0.0021214148858945,0.0280006689382184,,,
2023-12-15,0.9069709745220907,1.3313880787070989,2.583772622726113,0.0021304970996154,0.0280006689382184,,,
2023-12-16,0.9069709745220907,1.5899336664992314,2.577555338991539,0.0021459728495499,0.0280006689382184,,,
2023-12-17,0.9069709745220907,1.3329714957431764,2.5482389727445662,0.002178156978941,0.0280006689382184,,,
2023-12-18,0.9069709745220907,2.107858569893421,2.5092992107395893,0.002190509958627,0.0304508314379257,,,
2023-12-19,0.9069709745220907,1.519951624998486,2.5111938374595746,0.0022144608727894,0.0307485034398868,,,
2023-12-20,0.9069709745220907,1.5179242403476063,2.516973433005259,0.0022279493022384,0.0313742759970038,,,
2023-12-21,0.9069709745220907,1.2566437213107993,2.545526461171632,0.0022475276017695,0.032003896680435,,,
2023-12-22,0.9069709745220907,1.3598520108608434,2.515984625365982,0.0023417467234288,0.033153854175067,,,
2023-12-23,0.9069709745220907,1.2309488181121666,2.498482923553284,0.0025438956516313,0.0345840952711951,,,
2023-12-24,0.9069709745220907,1.1417074510562342,2.467224627616244,0.0029745695539792,0.0356963430953923,,,
2023-12-25,0.9069709745220907,1.1243641093729475,2.447293873140502,0.0037622798525385,0.0368107846455128,,,
2023-12-26,0.9069709745220907,1.1472729543885365,2.434288381562636,0.0040673779207637,0.0383408469351173,,,
2023-12-27,0.9069709745220907,1.5254000057226909,2.4442060763449085,0.0041670955526425,0.0402064306427352,,,
2023-12-28,0.9069709745220907,1.5071155461625556,2.454472415540858,0.0042895983580573,0.0424497680706928,,,
2023-12-29,0.9069709745220907,1.6771480433793824,2.4461440862050248,0.0043214085994856,0.0439865743196709,,,
2023-12-30,0.9069709745220907,1.4122519765996104,2.4405861813922933,0.0044506066751621,0.045739862117397,,,
2023-12-31,0.9069709745220907,1.317625981675323,2.419581251632067,0.0044951525663589,0.0471268600389798,,,
2024-01-01,0.9069709745220907,1.138808049444052,2.387828440661999,0.0045944147277098,0.0483571961822941,,,
2024-01-02,0.9069709745220907,0.917367730165831,2.353082759920344,0.0046027942536188,0.0483571961822941,,,
2024-01-03,1.4644943828570922,1.052203520289818,2.3579550331544783,0.0046435834940461,0.0483571961822941,0.767446775618978,0.0247655607254141,
2024-01-04,1.086894475035551,1.3427214411475918,,0.0045313553358188,0.0483571961822941,0.7619352724658757,0.023708842914047,
2024-01-05,1.4058572621693284,1.2062349192498631,,0.0045187920252972,0.0483571961822941,0.757515501819644,0.0224600286890778,
2024-01-06,1.4741193369691077,0.9547815789560328,,0.0045348689972093,0.0479713118160649,0.7637273995323748,0.0220072442690774,
2024-01-07,1.519174079749063,0.9729372290147668,,0.0045752254637069,0.0453135644992924,0.7575062607237386,0.0210569945221979,
2024-01-08,1.4099294129462026,0.9884757572096132,,0.0045973374095522,0.0439620434058647,0.7715221107439829,0.0203312696392689,
2024-01-09,1.276817147624311,1.0772278086503222,,0.0045359124752031,0.0422768843825904,0.7682560908843196,0.0208193551399152,0.0066273707213591
2024-01-10,1.152727898503326,1.099306649682691,,0.0046493444355226,0.0404097599953975,0.7650414405228327,0.0198598731791213,0.0068121444226832
2024-01-11,1.1443507870440723,1.1950678881287196,,0.0045903800275136,0.0387411407208563,0.7861597853251516,0.0193713411674674,0.0067311932250168
2024-01-12,1.32684864268611,1.1979798504143262,,0.0046505342256024,0.0366179057901394,0.7853392261550025,0.0189197886936082,0.0065863933494164
2024-01-13,1.2331531772735091,1.1713459910469748,,0.0047071165289112,0.0371919538431306,0.7798154970967492,0.0183858630444361,0.0065863933494164
2024-01-14,1.2772499419521803,0.8685498630500352,,0.0047647503780137,0.0371919538431306,0.7710374972642082,0.0182159426506567,0.0065863933494164
2024-01-15,1.2564781323091123,0.925643452799817,,0.0047218865632949,0.060348030148894,0.7670805480328083,0.0178464628214664,0.0061816588963527
2024-01-16,1.223455971680637,0.986446302372214,,0.0047655062846655,0.0614735081852098,0.7908289854371143,0.0179003592825151,0.0061816588963527
2024-01-17,1.1417137738779797,1.0388697469753083,,0.0047205140256186,0.0623947686389692,0.7168770485371568,0.0178033646245695,0.0070874246090373
2024-01-18,1.0294060270647678,1.1624017961114774,,0.0047349035370434,0.0632058086536417,0.6019632267840385,0.0177277941842702,0.0085231283369009
2024-01-19,1.0893637530032847,1.0074069807439354,,0.0047349035370434,0.0632058086536417,0.4962531875885714,0.0176625661746776,0.0107803924090307
2024-01-20,0.9102319466260737,1.0999902869867335,,0.0047349035370434,0.0632058086536417,0.3912131756249645,0.0175085667822489,0.0115807103939339
2024-01-21,1.023817716988513,0.8526335588913495,,0.0047349035370434,0.0632058086536417,0.236609841489837,0.0122047869954792,0.0105290315292035
2024-01-22,1.0697604244782333,0.8586333659530136,,0.0047349035370434,0.0632058086536417,0.1726013673812857,0.0056505854224761,0.0099187238203024
2024-01-23,1.0453329441673007,1.1169217575431198,,0.0047349035370434,0.0632058086536417,0.1626078314325137,0.0006072129058531,0.009636730144583
2024-01-24,0.9232617110541164,1.2248435381225689,,0.003515334628774,0.0632058086536417,0.1542144847514395,0.0005757173219382,0.0092928332858718
2024-01-25,1.0344767470790222,1.3379955212041488,,0.0032970718211012,0.0672985040500367,0.1434281291594279,0.0005708957821228,0.0083899312025398
2024-01-26,0.9646450050554451,1.2276156916013663,,0.0032161916934893,0.0666409846711562,0.1436136264209192,0.0005457352667406,0.0076097508737654
2024-01-27,0.9219969677783012,1.0828875838110887,,0.0031033594907944,0.0668537924610643,0.1351893656890218,0.000510990702338,0.0065830216890878
2024-01-28,0.9219969677783012,0.8980165780850989,,0.0030782213981351,0.0663965675434324,0.1333045966905686,0.0004883921233302,0.0063239685589678
2024-01-29,1.028360567322092,0.955284201429518,,0.0030069649741446,0.0389090569401565,0.1300680976006976,0.0004661531565627,0.0061289190680791
2024-01-30,1.0285685084026674,1.0358583540245512,,0.0029572022804378,0.0378661559513812,0.1337312026021457,0.0004595088047983,0.0059336070864752
2024-01-31,0.976304898307574,1.174627855105304,,0.0029374879738278,0.0378304093132246,0.1376451800805625,0.000451076893426,0.005404158569541
2024-02-01,0.9305517505860058,1.1057787676603177,,0.0029720228928623,0.0380916148022537,0.1399703060134339,0.0004536804465067,0.0050940677559834
2024-02-02,0.9958467960353784,1.0778955758771118,,0.0029882953080313,0.0381532225388505,0.1387966796725898,0.0004583467341872,0.0050701861081771
2024-02-03,1.0311906109137814,0.9565606980896308,,0.0030021126217041,0.0378805255904879,0.1378781326426541,0.0004544935265348,0.0051593589823446
2024-02-04,1.008300700365616,0.9884089197956464,,0.0029892014460633,0.037458881955332,0.1363627324377478,0.0004478413171704,0.0051425753158985
2024-02-05,1.10404139536662,0.9224729929955724,,0.0030191840292346,0.0370563973370029,0.1347067846536364,0.0004434298959262,0.0050748088358157
2024-02-06,1.1263815587411343,1.148272040267273,,0.0030723184083388,0.0364899092639124,0.1239898809987468,0.0004423728804767,0.0050704702559476
2024-02-07,1.073073378846297,0.9543215601705411,,0.0030822604447355,0.0371688251661587,0.1234555666037497,0.0004423260847955,0.0051974948779521
2024-02-08,1.0269426046349297,0.9837817368109116,,0.0030701629185934,0.0374228714352019,0.1251458030022139,0.0004494504471471,0.0055780188282887
2024-02-09,0.9944254763502086,1.0655894276421032,,0.0030537074534602,0.0373901040684854,0.126711593546405,0.000449923435016,0.0058364049631366
2024-02-10,0.9827870869501016,1.2492322964885785,,0.0029855061851757,0.037459827259216,0.1284966306903348,0.0004659447516403,0.0060820113401443
2024-02-11,1.0176667479840524,0.9907259479400272,,0.002964905687219,0.0370577723379375,0.1289623161910186,0.0004616799750669,0.0061664144285764
2024-02-12,1.063730632580747,1.0675008296511106,,0.0029827774353202,0.0367092113652313,0.1305770766812348,0.0004599337272266,0.006391415401848
2024-02-13,1.0946170055239446,0.9541837997476024,,,0.0363489692290108,0.1320050350528424,0.0004588741530076,0.0066346871999687
2024-02-14,1.018173256598493,1.0203679105401773,,,0.0357205522089905,0.1339350935927964,0.0004575885894692,0.0065662548011852
2024-02-15,1.1665835409591254,0.9613180940576465,,,0.03521868588867,0.0541583205478681,0.0004575885894692,0.0064433761035358
2024-02-16,1.2207697511077085,1.119898908526268,,,0.0340885428483582,-0.2978693757433592,0.0004575885894692,0.0061570850013582
2024-02-17,1.062818795059662,1.101462420216395,,,0.033063894713832,-0.3301862470295511,0.0004575885894692,0.0059509346407385
2024-02-18,1.2858318124534511,1.298281605387776,,,0.0322687214162906,-0.3334215544915272,0.0004575885894692,0.0057492599684949
2024-02-19,1.1998017778726364,1.0658868515297122,,,0.0315791242664792,-0.3565719651088954,0.0004575885894692,0.0056893303776731
2024-02-20,1.1876164958665296,1.2286983402257363,,,0.0312704826812863,-0.3533252696327306,0.0004575885894692,0.0055974193868599
2024-02-21,1.1664275920551277,1.1659694694235796,,,0.0307273347593637,-0.3071360463327059,0.0005327064441606,0.0054271721525262
2024-02-22,1.1335449522870973,1.155659659039992,,,0.0299700666505139,-0.3147907537241969,0.0005579754975606,0.0054271721525262
2024-02-23,1.1901400159197677,1.3554080558596455,,,0.0299094193519038,-0.3199449264978116,0.0005925750093231,0.005321791602272
2024-02-24,1.1975202036848167,1.1703361163185344,,,0.0294464459453188,-0.3138334208736386,0.00063789959857,0.0050679027791977
2024-02-25,1.2494142412257585,0.9665012672434302,,,0.0282648994285608,-0.3023241805153303,0.0006572883673213,0.0049539327682613
2024-02-26,1.3255977168687578,1.162692700796062,,,0.0276907942523454,-0.3025142951013403,0.0006879880886361,0.0049456557935791
2024-02-27,1.2760577661332106,1.307475795817403,,,0.0265721190202736,-0.3003242341677979,0.0007255244913585,0.0049848198721628
2024-02-28,1.2283539232411114,1.4047392501556912,,,0.0262031914685015,-0.3004840516798464,0.0007657222961483,0.0049534576040217
2024-02-29,1.245752398657041,1.6565338784614594,,,0.0243679443577528,-0.3053925642233306,0.0008239017949031,0.0053552498099144
2024-03-01,1.2009719449431666,1.5502653045689678,,,0.024122246906762,-0.3059649682458545,0.0008629116898151,0.0051040359500457
2024-03-02,1.2009719449431666,1.4751059388081589,,,0.0233488618133974,-0.3013330780825247,0.0009118751875897,0.0051849574328251
2024-03-03,1.2009719449431666,1.4597065227149293,,,0.022276237923573,-0.3004500666425933,0.0009643230002384,0.0053452400389326
2024-03-04,1.3931040643419892,1.3735414245838216,,,0.0216593242263894,-0.2966503407733386,0.0010152028640162,0.0055700668067321
2024-03-05,1.3592759782284254,1.6768852442217694,,,0.0209995058500102,-0.2927947703948598,0.0010772244802279,0.0054887386138821
2024-03-06,1.2476221437288226,1.7745736828215743,,,0.0213712861641309,-0.297383581008647,0.0011430724955761,0.0055349368605304
2024-03-07,1.2618707235025752,1.4131067007167062,,,0.0214712157697695,-0.2848255055513514,0.0011940087349329,0.0057514540563977
2024-03-08,1.3992173040101232,1.412397690725469,,,0.0215693061670053,-0.2835062476149679,0.0012477032136151,0.0057295429460346
2024-03-09,1.5633034066802416,1.5772706099120053,,,0.0213254034958784,-0.2822888018893072,0.0012917306422402,0.0056835632317213
2024-03-10,1.6315068792354237,1.281277406667516,,,0.0215830884545298,-0.2764362988196485,0.0013231833015033,0.0054842316901203
2024-03-11,1.677065523641465,1.412368121354341,,,0.0219825494388619,-0.2756122949335728,0.0013486824323694,0.005524206214228
2024-03-12,1.5147966915316275,1.377290995882187,,,0.0224093674063743,-0.2807369790945219,0.0013694730316267,0.0054585383883143
2024-03-13,1.5320156724455902,1.446712162401251,,,0.0235086971936052,-0.2817731896238664,0.001410841398153,0.005275071284265
2024-03-14,1.5472108204375878,1.426457808486979,,,0.0238421031339175,-0.2779815316985202,0.0014471843339493,0.0052616726654677
2024-03-15,1.729102382248704,1.3967184908869228,,,0.0267918654230436,-0.2776156982935191,0.0015347435470476,0.0050737964730027
2024-03-16,1.6609617275503177,1.521858945075049,,,0.0292983808752543,-0.2776156982935191,0.0015657572914657,0.0049247836692611
2024-03-17,1.8903325541725269,1.2522945637806424,,,0.0325808464196679,-0.2776156982935191,0.0015367409295452,0.0048317296307648
2024-03-18,1.839159769599942,1.1109276064849494,,,0.0358619044351543,0.0408659957006142,0.0015494221272627,0.0046772254131271
2024-03-19,1.9430347061219229,1.017324031548266,,,0.0406717173027251,0.0408659957006142,0.0015510388611405,0.0047075308147865
2024-03-20,1.63225085425309,1.6402174545578825,,,0.0427953784928741,0.0408659957006142,0.0015234469329543,0.004562565596438
2024-03-21,1.8257004842534013,1.0788121480248445,,,0.0481442631898788,0.0408659957006142,0.0015120897201841,0.1785186156518982
2024-03-22,1.852682036224221,0.9024264561256692,,,0.0519517943424289,0.0408659957006142,0.0015084792734736,0.4090308751702627
2024-03-23,1.9315495940331888,0.9380743200306392,,,0.0535906788438285,0.0408659957006142,0.0014947396276303,0.4072437429168313
2024-03-24,1.9113215256756293,0.8149215646485222,,,0.0541535616376662,0.0408659957006142,0.001481703270545,0.4060225609098613
2024-03-25,2.0231007815001543,0.7780682512620005,,,0.0564053775058449,0.0408659957006142,0.001474821477575,0.415716344716082
2024-03-26,1.9625382544540944,1.4280777142145091,,,0.0580407016810354,0.0408659957006142,0.0014763679612983,0.0046167342020763
2024-03-27,1.7935756529018978,1.156721215621109,,,0.0597893327458288,0.8225780510827121,0.0014839667323977,0.0045594948482177
2024-03-28,1.8046067775874544,0.9410807968546556,,,0.0616938802965521,0.7429556597779154,0.0015003954779075,0.0039132062958585
2024-03-29,1.8542347657044944,0.9715707329097852,,,0.0635478085756465,0.7516919100706292,0.0014866563912842,0.0043948931272976
2024-03-30,1.8005597399516184,0.8904106314154252,,,0.0661240078440572,0.7490723712508464,0.0014961381932606,0.0046073282842169
2024-03-31,1.905756708981957,0.8328125849542549,,,0.0683656407468377,0.7614912030258623,0.0014710432320471,0.0046217905673335
2024-04-01,1.845772781604452,0.6760006006798498,,,0.0705953674886889,0.7630515763398718,0.001460601306953,0.0046682868444551
2024-04-02,1.7949966967714277,0.8342780205812482,,,0.072308029378742,0.7794236102425851,0.0014476763939037,0.004689029042882
2024-04-03,1.5620108063631468,0.8693005902768688,,,0.0746410124171034,0.7924679663598023,0.0014237278366726,0.0046981244866062
2024-04-04,1.638610251887043,0.7698163922250825,,,0.0775515422079907,0.7352410146392282,0.0014145712525725,0.0047240949108051
2024-04-05,1.517986314346046,0.7474969551967648,,,0.0773183245294502,0.7267209265700074,0.0014000243730166,0.0046066410964374
2024-04-06,1.470412854262484,0.7987336359763012,,,0.0792216849568703,0.730991155502647,0.0013676296128418,0.0043177505908808
2024-04-07,1.476203555817237,0.6144220233490739,,,0.0800637410099867,0.7336693404545778,0.0013502495745704,0.0041174016312029
2024-04-08,1.508279389742358,0.7404164097084345,,,0.0812604356686745,0.7366107513068678,0.0013203961873185,0.0040845655124444
2024-04-09,1.3883391842142925,0.9354439629406344,,,0.0827268873523457,0.7325823289524729,0.0013098354077747,0.00406309583245
2024-04-10,1.2634017965139288,0.8531577209375188,,,0.0827268873523457,0.7317589197134932,0.0012899153496716,0.0040271794966849
2024-04-11,1.290810388370318,0.8513327715380486,,,0.0850951047874668,0.7269258741393653,0.0012699864690567,0.0040048411757706
2024-04-12,1.1831968677990514,0.8449576717878439,,,0.0823804484009686,0.6962429248354877,0.001271989944808,0.0039256603050564
2024-04-13,1.1786824514576524,0.9696506503622871,,,0.0869947077051107,0.6769782983925907,0.0012795433983078,0.0044932510792434
2024-04-14,0.9622252882190928,1.2721331997326848,,,0.0828930362053316,0.6766357799807143,0.0012105683148334,0.0044932510792434
2024-04-15,0.7798918848117259,0.8242256883194954,,,0.0825235879798142,0.6640219583909504,0.0012298547447424,0.0044932510792434
2024-04-16,1.1215063702789942,0.8472457150376123,,,0.0801108744782374,0.6419901563881686,0.001211235797116,0.0044932510792434
2024-04-17,1.0145029755545991,0.894681081720948,,,0.076571285859573,0.6064538247719902,0.0012048439277727,0.0044932510792434
2024-04-18,1.0556671950830572,0.9349814421551864,,,0.0735118946231084,0.3118975535049935,0.0011789006996207,0.0073881385620307
2024-04-19,1.0369972585705278,1.3067439616678866,,,0.0724082903072565,0.3119046283903782,0.0011646890664645,0.0068825548780044
2024-04-20,0.9803594069751568,1.7086742450196166,,,0.0678807102800173,0.2997351917293844,0.0011680246850101,0.0065936815498327
2024-04-21,1.0106475980934022,0.9257876583676296,,,0.0626939588788845,0.2936785799564652,0.0011550725859996,0.0040059173388721
2024-04-22,1.0174106589115532,0.8780285190451139,,,0.0612708700105775,0.2844585619682459,0.0011560678552757,0.0040769048248662
2024-04-23,0.9312812661524787,0.9834256810100926,,,0.060457601740858,0.2798066381654703,0.0011539080227424,0.0040020217083727
2024-04-24,0.907673611829006,0.980009674035082,,,0.0607246185165108,0.2744728042319233,0.0011579137044558,0.0040056022793024
2024-04-25,0.7675977465223021,1.11687365228902,,,0.0597560588594576,0.2455378992657425,0.0011598672813512,0.0039292402798589
2024-04-26,0.9759968038622512,0.9116556043782156,,,0.0680171174300286,0.347206700837285,0.0011838800360274,0.0036994028972042
2024-04-27,1.035322018286396,0.8318943494742584,,,0.0672707611173865,0.0369257669751199,0.0011520443951721,0.0036127740822388
2024-04-28,1.0451885053770735,0.8628084690416391,,,0.0656396218149116,0.0375143274798085,0.0011335171425686,0.0035909546566178
2024-04-29,1.0108972070434576,0.7981465935707125,,,0.0633508377491361,0.0365726314932169,0.001123810228888,0.0037524454446873
2024-04-30,0.9596055689712548,0.933112567548151,,,0.0598904678950397,0.0380610385775236,0.0010939489661159,0.0034795485530387
2024-05-01,0.9240824498590838,1.0533423363007322,,,0.0579087991815814,0.0380413406216192,0.0010907648114414,0.0035037686893129
2024-05-02,0.7841533408889466,1.120975625826236,,,0.0576191578840194,0.0387365776050172,0.001081905316401,0.0035124510913479
2024-05-03,0.8581985197146881,1.1163228312021125,,,0.0544485678050887,0.040343066209459,0.0010787516900203,0.0036378020804484
2024-05-04,0.8496911267206654,1.0141190495424328,,,0.0543192353561965,0.0377673374661732,0.0010800466040679,0.0037509734028326
2024-05-05,0.7970997396472718,1.018494217925254,,,0.0526141634012201,0.0381208058478855,0.0010722203453248,0.0037378797585469
2024-05-06,0.8041672319973381,0.8757578839054937,,,0.0507578004245659,0.0373852220870137,0.0010380080379783,0.0039172557255424
2024-05-07,0.7639192637965888,1.1266442659399256,,,0.0495947764824963,0.0374076040153121,0.0010353105118647,0.0040369032993317
2024-05-08,0.7299754239736388,1.2649750956959314,,,0.0488344127245031,0.0374446751611906,0.0010225671374365,0.0040765759085166
2024-05-09,0.7194282776441029,1.0926316922844856,,,0.0466752115229859,0.0372845712102243,0.0010030427299711,0.0040214938610046
2024-05-10,0.7079914646782043,1.3509543195584788,,,0.0422762556892638,0.0307661773932984,0.0009923166524662,0.0040155142572205
2024-05-11,0.6679756183382692,1.2258862753177977,,,0.0422112015537838,0.0314580209191349,0.0009900908718109,0.0038939880107805
2024-05-12,0.6591857815133341,1.0226455543305348,,,0.0402486162812429,0.0313418095896913,0.0009913501731329,0.0037965141659594
2024-05-13,0.6652635536358777,1.489319083206101,,,0.039395903918945,0.0311247261921208,0.0009880939591087,0.0037835094715798
2024-05-14,0.6087708044643464,1.7046973527784863,,,0.0396259620722576,0.0274667031861084,0.0009621869227561,0.0036744502609738
2024-05-15,0.5154326126784223,1.8271389738953827,,,0.0391951089115027,0.0215788280832557,0.0009351415669139,0.0035561272196812
2024-05-16,0.4888653471224456,2.394619403066366,,,0.0390741186554722,0.0208906543066046,0.0009310663483233,0.0035240742167279
2024-05-17,0.4645594905611839,2.263930193642598,,,0.0388365150344901,0.0202335533150245,0.000921669785803,0.0034344959468173
2024-05-18,0.466726731458495,2.1187639684923467,,,0.0392383608039636,0.0189490627788965,0.0009215268758566,0.0033853493045125
