date,inflationrate,totalsupply,circulatingsupply,riskreward,stakedtokens,realrewardrate,rewardrate1,marketcap,price
2022-01-01,,512420796.6652673,309149468.7638812,,396038677.7333285,0.8139257812468825,5.964148927118617,54656202272.0,176.59
2022-01-02,,512622596.7361676,309284595.4192725,,394969338.2825146,0.8329221525604114,5.988796462074904,54500603295.0,176.32
2022-01-03,,512622039.4100465,309284040.3120536,,394969333.10266,0.8350765925519088,6.004496180006755,52411237941.0,169.32
2022-01-04,,512621462.41879207,309283705.7940691,,394969304.2493395,0.835162020534419,6.005256886392282,52272480718.0,169.05
2022-01-05,,512823209.8317224,309419019.4724944,,394833679.89885205,0.7891716576063912,6.000362957879244,52271586167.0,169.38
2022-01-06,,512822721.3456551,309418533.1200521,,394871281.8571336,0.8355345067001307,5.984417781759736,46897553820.0,151.55
2022-01-07,,512822351.553296,311206972.08010215,,395559881.2924923,0.8218658180613847,5.947518601725789,43282249750.0,138.87
2022-01-08,,513024109.60654026,311342515.55659604,,395559881.1555195,0.8193968483198644,5.914783096202379,45686751395.0,146.95
2022-01-09,,513023557.4800991,311341965.8453282,,395165532.8529716,0.8232134748475284,5.907962658313533,44341308298.0,142.62
2022-01-10,,513023003.9839937,311341414.7813784,,395165530.8167409,0.8238042179319338,5.909254701001114,42236010660.0,135.65
2022-01-11,,513224529.9179705,311642787.9413445,,395165520.7155422,0.8245583443583726,5.902508292194172,43932924946.0,141.1
2022-01-12,,513223908.4216529,311778396.84952044,,393260924.62611234,0.8527114832384441,5.937910422718045,47407197437.0,151.96
2022-01-13,,513223280.7043827,311777771.8022568,,393260924.5576259,0.8554948525157258,5.961721434913267,46625057675.0,149.54
2022-01-14,,513424750.30234927,314011105.25499487,,393260893.5051196,0.8557526386613779,5.953098038512322,46332737905.0,147.84
2022-01-15,,513424108.6526585,314010466.32406586,,394318756.145335,0.8387919821820189,5.924542801095464,46491696101.0,148.06
2022-01-16,,513423505.4112822,314009865.6296391,,394318750.8216598,0.837231388858517,5.912615455793987,46268812369.0,147.57
2022-01-17,,513624899.9740225,314152602.1668184,,393698968.57527024,0.846410121615615,5.908124026198018,43419760557.0,138.3
2022-01-18,,513624358.946757,314152063.4244184,,393698968.522764,0.842669999301382,5.882516236007106,44064380914.0,140.39
2022-01-19,,513623868.9953386,314151575.52227795,,393698963.16941,0.839456139847572,5.8587771637169785,42592491724.0,135.75
2022-01-20,,513825166.43307406,314469261.8947379,,392935105.5893757,0.8497215044455997,5.852825057409623,41664308545.0,132.21
2022-01-21,,513824903.66288006,314520149.4042157,,392935105.5300208,0.8450528651898548,5.819219486827603,35484975516.0,113.52
2022-01-22,,513824680.8981688,314526259.63323647,,392935100.2200414,0.8368963642016336,5.760442543722003,30134056653.0,95.76
2022-01-23,,514025807.2064874,314691083.71657705,,389388870.5981196,0.883625670087973,5.775199328019031,30149595784.0,95.94
2022-01-24,,514025188.5464068,314690466.6753519,,389388870.497673,0.8817824731510049,5.76278050442053,29211602359.0,92.77
2022-01-25,,514024524.44483,314833012.34525585,,389388870.32873976,0.878844579709881,5.74275267806171,29350666806.0,93.37
2022-01-26,,514225524.99674016,314967628.6864451,,386144402.3510818,0.9238800847226614,5.775806355235488,31132758445.0,96.83
2022-01-27,,514224886.734294,314966993.0811766,,386144397.01370686,0.9237946316314803,5.775180040939928,27247766851.0,86.45
2022-01-28,,514224243.14905417,314966352.19978297,,386144396.98402935,0.9242999314017064,5.778528880329261,29016323283.0,92.16
2022-01-29,,514425145.1534865,315101001.9403731,,386489447.1327501,0.9221378166385908,5.779879126002972,30188934778.0,95.7
2022-01-30,,514424469.118855,315100328.74541736,,386544114.0742784,0.9220438238949802,5.7827004889188585,29247850797.0,92.56
2022-01-31,,514423827.007159,315099689.2822675,,386647177.772303,0.92140486258121,5.786619379323613,31385525360.0,99.69
2022-02-01,,514624644.68790346,314885086.2889649,,385676825.3024003,0.93504014471395,5.789582756540142,35116083373.0,111.23
2022-02-02,,514624051.9748812,314884573.0576038,,385676819.8326201,0.934577377780399,5.7845700757754415,31706983199.0,99.58
2022-02-03,,514623399.83091486,314883923.65613866,,385676819.7298908,0.9360550163758584,5.79434772134643,31706354173.0,100.7
2022-02-04,,514824083.4300211,315410418.6505369,,384100757.5200651,0.9603127808520462,5.819301710777347,34773270576.0,110.26
2022-02-05,,514823420.456364,315409758.38203824,,384100673.2931037,0.9628570715666918,5.835543224472568,36128812495.0,114.51
2022-02-06,,515023996.6395024,316845386.5280049,,384100751.86993873,0.9690580522502268,5.8639474682929,35832903995.0,113.1
2022-02-07,,515023347.3562137,317333618.74317664,,385197409.7995516,0.9569301410515818,5.875914687404129,37377026539.0,117.66
2022-02-08,,515022703.86471206,317331629.9065706,,385197197.0029582,0.9588010316296414,5.8879846482224565,35945267216.0,113.33
2022-02-09,,515223260.84218025,317465041.7990291,,384977176.0208546,0.9627342412663388,5.884171237651301,36465670328.0,114.79
2022-02-10,,515222646.13734525,317464369.5488144,,384976112.3979645,0.9625743571839208,5.883458139669422,34361766608.0,108.31
2022-02-11,,515222031.62506354,317630096.1956812,,384976112.3431755,0.9612598944947148,5.875068653932801,30906201747.0,97.11
2022-02-12,,515422471.7737361,317763575.11339223,,385702944.1103311,0.9519234423157386,5.857749079122449,30367612814.0,95.77
2022-02-13,,515421846.86727583,317765578.79013395,,385702938.3597555,0.9522829991204462,5.860151512497606,29647741362.0,93.38
2022-02-14,,515421212.39778143,319054745.13857394,,385702938.3277952,0.9525535982099154,5.861888737352491,30618347787.0,96.27
2022-02-15,,515621538.6985597,319188664.9133039,,385702938.275289,0.953637508185512,5.856840938389821,32383800047.0,101.49
2022-02-16,,515620912.2879132,319246014.8001616,,385318244.697847,0.9595994171456068,5.865605874772136,32620779805.0,102.31
2022-02-17,,515620292.79484594,319526017.0183007,,385318244.63620913,0.9615841666924084,5.876944130314339,30039285295.0,94.04
2022-02-18,,515820509.2485279,319660204.87813455,,386565068.3292858,0.9463172567790724,5.8678528203907945,28901689972.0,90.07
2022-02-19,,515819902.973266,319659601.06048703,,386565062.4942432,0.9483759571957018,5.881232946595589,28823678206.0,90.17
2022-02-20,,515819387.4728908,319659087.71794456,,386565062.4544344,0.951836888012214,5.903778945551175,29364770705.0,92.17
2022-02-21,,516019535.7644778,319793068.98767906,,387140566.6556542,0.9514145144162044,5.935140010230266,27222982424.0,85.53
2022-02-22,,516018949.10707146,319792484.7236319,,387140563.69247735,0.9547258642696788,5.956855715176818,27379619938.0,85.65
2022-02-23,,516018345.4938827,319790133.5586056,,387032390.35197705,0.9548504862348484,5.949553240097847,27735511208.0,86.58
2022-02-24,,516218464.94789714,319929927.06075656,,388558079.2715808,0.9322500936793876,5.912986387530015,28639715533.0,89.61
2022-02-25,,516217908.1268756,319929372.44310254,,388558073.2881526,0.9300159838100176,5.897264263063251,29245640365.0,91.45
2022-02-26,,516217290.9375758,319928755.7487208,,388558073.2287977,0.92904309681201,5.891980970734301,29310414281.0,91.62
2022-02-27,,516417212.8508784,320063011.92954373,,388997203.1263743,0.9238705355246511,5.8798738800425765,27363495162.0,85.4
2022-02-28,,516416621.0781475,320062422.53239125,,388997204.0715851,0.9227339932337042,5.872410905670874,31411373778.0,98.55
2022-03-01,,516416043.2946008,320463878.4956044,,388997198.0767424,0.920418954533364,5.857035943447742,31192563773.0,97.31
2022-03-02,,516615902.0425213,320598119.2133686,,382484098.4141034,1.014056681260378,5.938414914075504,32319551430.0,101.39
2022-03-03,,516615308.2332358,320597527.72861004,,382484098.3547485,1.0128357997694517,5.931380914805755,30720206706.0,95.82
2022-03-04,,516614704.0032489,320596925.90029657,,382489805.00944793,1.0120274492036565,5.925957353434363,28536699766.0,88.88
2022-03-05,,516814445.9129428,320729933.8771997,,384988060.3678175,0.9760554122550724,5.878430058441233,28646012834.0,89.33
2022-03-06,,516813827.61353314,320729200.89273924,,385015096.34403664,0.974407728483606,5.870255879751609,27582269437.0,86.03
2022-03-07,,516813250.3136551,321219294.4732616,,385015096.28924745,0.97292360845862,5.8608735550597535,26263153621.0,81.88
2022-03-08,,517012880.0880412,321351221.2218803,,384477117.9028993,0.9798416687030632,5.852970958577268,26046359648.0,81.89
2022-03-09,,517012289.9581268,322652979.779023,,384477111.8783797,0.9783157195558888,5.8432812295059255,27877307225.0,87.32
2022-03-10,,517011763.93693656,322652455.8471328,,384477111.8281564,0.9770551355310576,5.835946668583918,26399289438.0,82.75
2022-03-11,,517211336.2469208,322953669.0299501,,384277255.0016245,0.979857225938474,5.82748303796329,26251940399.0,81.23
2022-03-12,,517210692.3404057,322953027.69597995,,384277254.9696644,0.980078187938771,5.828974367050548,26186205663.0,81.98
2022-03-13,,517210055.5633773,322952393.36604035,,384277248.8926381,0.9807866907268314,5.833669542753687,25606901835.0,80.01
2022-03-14,,517409474.3897455,323087171.8317963,,385651552.6962399,0.9444709660089368,5.8113289197562485,26088217739.0,80.91
2022-03-15,,517408862.9114978,319775937.4858545,,385651546.5438784,0.9623294151869688,5.808720337305339,27104720894.0,84.28
2022-03-16,,517408218.0446346,319775394.8622213,,385651546.50278646,0.963314635918744,5.81321058611805,27984951681.0,86.06
2022-03-17,,517607474.6093737,320227403.539955,,388467712.8508937,0.925965368384829,5.776772312016801,28682465257.0,88.65
2022-03-18,,517606798.65991485,320226730.3892705,,388423600.56848335,0.9280342857020284,5.787115651129262,28828260617.0,90.02
2022-03-19,,517805972.8745562,320358849.985057,,388467637.87957096,0.9298458472846384,5.790859886238583,29644932455.0,92.24
2022-03-20,,517805322.9198564,320358101.70835334,,386208772.0179269,0.9635274763109214,5.833491063832195,28482113710.0,88.94
2022-03-21,,517804682.86809766,320357464.32650465,,386208771.9677037,0.9643065905834414,5.838556225444575,28560643290.0,89.09
2022-03-22,,518003757.11987895,320490225.2653266,,390661686.344538,0.903704537261607,5.77940678620891,29509121013.0,91.98
2022-03-23,,518003082.5266391,320489454.4831967,,390661686.2965976,0.9059367830095866,5.793848701137277,30031522811.0,93.77
2022-03-24,,518002435.0274143,322758412.6785268,,390654679.8971084,0.908437661778616,5.806909649437161,32954609811.0,102.29
2022-03-25,,518201416.8458895,324932809.4307177,,393305783.0590888,0.8737571253131904,5.774259567233788,31961988775.0,98.33
2022-03-26,,518200759.3410248,324932154.624473,,393414433.39186186,0.8744535809556586,5.788238821738987,33164874843.0,102.07
2022-03-27,,518200133.7332456,324967790.5501257,,393414430.2369223,0.8773245966831933,5.808258778386842,34116096527.0,105.07
2022-03-28,,518398979.70460457,325099852.3773365,,396269719.3476267,0.8412047002400058,5.781332898763342,35746294878.0,110.12
2022-03-29,,518398293.8321348,325111303.13429785,,396269719.2585942,0.8431838374916456,5.794002681033364,36146728110.0,110.99
2022-03-30,,518597046.76361865,325243874.09034854,,396269719.12618697,0.8464850530520929,5.804339241150376,39071756124.0,120.03
2022-03-31,,518596389.4877139,325254905.1429151,,393131545.2698669,0.8934396406427902,5.867564121358112,40429205058.0,124.27
2022-04-01,,518595814.3057364,325672965.9963802,,393131545.1899663,0.8952813822455497,5.879820693801356,44612335465.0,136.71
2022-04-02,,518794537.8528207,325986564.7547218,,387591147.2617522,0.9793470569682272,5.976161633777824,44587381593.0,136.91
2022-04-03,,518793988.2660969,325813734.8078317,,387591140.9701344,0.9817936082880064,5.992997308474523,44809009917.0,137.8
2022-04-04,,518793515.68816286,325598098.6215978,,387591140.8605564,0.9837127800720324,6.00536936250738,42726804586.0,131.04
2022-04-05,,518992156.9141492,325728505.7646697,,384622191.606759,1.0311427476294543,6.060776766095319,42166633354.0,129.45
2022-04-06,,518991721.1512022,325728071.6993426,,384504850.56600267,1.0341758685239677,6.073246959457541,38266665409.0,117.62
2022-04-07,,518991295.30005,326220747.2008196,,384622191.48120064,1.0332615400595824,6.075770188678723,38314566054.0,117.55
2022-04-08,,519189988.9208502,327654708.8989387,,387234043.5889709,0.9969065667332356,6.040918035122971,36685157581.0,111.92
2022-04-09,,519189666.1264522,327654387.38188493,,387169795.4879465,0.999756522565054,6.053302931739029,36259030400.0,110.7
2022-04-10,,519189183.1361759,327653906.30531776,,387262093.245479,1.0011872980275616,6.06987731099349,37118876926.0,113.23
2022-04-11,,519387723.3327817,327952256.3845782,,387258081.9943288,1.0051436114701715,6.082612733641116,32424316609.0,98.9
2022-04-12,,519387187.12262017,327923962.2836816,,387258006.9807235,1.006032332462592,6.087671922486985,33673240564.0,102.52
2022-04-13,,519585528.771064,328055036.6694925,,387256927.7647927,1.0065478636494207,6.079095882238474,34230197337.0,104.43
2022-04-14,,519584906.056312,328054416.39016885,,388147164.6354158,0.9919934594377676,6.057309593877932,33068446242.0,100.95
2022-04-15,,519584258.8479672,332973662.7813592,,388146605.4477675,0.9941917960060164,6.053130444948079,33626102212.0,100.99
2022-04-16,,519782440.3154776,333112180.76175624,,389850896.6361528,0.9658533428410276,6.012480272982977,34220160090.0,102.83
2022-04-17,,519781881.6635005,333118640.74819654,,389850896.4983832,0.9668622614655176,6.000665638937773,34155835899.0,102.66
2022-04-18,,519781399.3756133,333118160.3556193,,389850454.5906624,0.9628515262538606,5.973101762092417,33928622314.0,101.88
2022-04-19,,519979514.7308382,333437579.74225223,,389850290.3975864,0.960405252671448,5.945490423694452,35758283784.0,107.36
2022-04-20,,519978926.7140513,333436909.0898853,,392294941.4028912,0.9221988867727404,5.8900633570230925,35708435691.0,107.17
2022-04-21,,519978302.5691545,333436287.4282336,,392294940.4600615,0.9209535318529084,5.879948968891982,33915888159.0,101.78
2022-04-22,,520176282.0317407,333569173.5620216,,392294938.17489856,0.9209381526374738,5.870567421275643,33527126092.0,100.57
2022-04-23,,520175655.231482,333568549.22199494,,393596566.2496823,0.9012253817068938,5.843329417264549,34068164388.0,102.1
2022-04-24,,520175072.8632596,333567969.102823,,393596566.1674988,0.8966586075872307,5.812369156780329,33329182274.0,100.29
2022-04-25,,520174546.8171749,333567445.0791834,,393596566.1081437,0.8927186752488714,5.786302490746886,33411188863.0,100.11
2022-04-26,,520372583.5032524,333703617.3625641,,394545535.7333791,0.8758437984945688,5.736740441074988,32485109145.0,97.38
2022-04-27,,520372054.01072425,333703089.8817609,,394545535.7151161,0.8699579270283087,5.6963757518690965,32930525612.0,98.71
2022-04-28,,520371505.72306967,333703774.3974513,,394545488.786848,0.8660165842325318,5.666909520115223,32734254381.0,97.97
2022-04-29,,520569478.242501,334005976.7926134,,398994715.1093355,0.8022469587090297,5.565523791921002,31390505040.0,93.88
2022-04-30,,520569136.1012797,334008009.04406905,,398994708.5095307,0.7970615400315406,5.52918140091151,29662301448.0,88.64
2022-05-01,,520568930.2981742,334403183.1904232,,398994708.5095307,0.7938544735679232,5.505906995653317,29837484057.0,89.28
2022-05-02,,520766467.6254516,334217584.51101583,,398994708.9146001,0.7843594343426963,5.425030693433757,29467571758.0,88.15
2022-05-03,,520765853.3345082,334216972.64393747,,397042041.7896949,0.805806197043557,5.423695041167405,28815538847.0,86.24
2022-05-04,,520765219.4749479,334216341.1786622,,397042037.5401809,0.8036911048122208,5.409006151383798,30772364601.0,92.15
2022-05-05,,520962802.48925817,334349412.8079829,,397042041.6390246,0.8032186761986804,5.39427683025896,28323732259.0,84.75
2022-05-06,,520962228.8527011,334696148.52440083,,395900214.6136654,0.8147627557783421,5.3871677064955215,27466024357.0,81.93
2022-05-07,,520961598.8328927,335187514.7657135,,395900140.8766109,0.8134496021890758,5.375439793822038,26613373714.0,79.31
2022-05-08,,521159104.2770711,335320721.28565043,,395900206.4412883,0.8125575188121958,5.357739529937851,25504071181.0,75.97
2022-05-09,,521158568.9185839,336622536.93414253,,395108036.06500655,0.8207122596553873,5.353361041101197,22323404228.0,66.39
2022-05-10,,521158117.97165847,336624449.22721726,,395108036.00565165,0.815581441806601,5.317349475379084,21894831560.0,65.39
2022-05-11,,521157664.22661775,336790336.87946945,,395108035.9554283,0.8099201355525887,5.278002185174501,15254497676.0,47.33
2022-05-12,,521355251.26897854,336923523.4627597,,394983371.5411479,0.8070130445875012,5.238313729671026,14494222734.0,43.06
2022-05-13,,521355088.9710323,336930980.88558507,,395172736.97927976,0.8023194278475643,5.221180351160675,16977798529.0,50.39
2022-05-14,,521354531.0200673,337322090.37595266,,395111798.23242205,0.7972709479481921,5.182576962645111,17249274525.0,51.12
2022-05-15,,521354025.9919553,337328556.0317377,,386427308.1225328,0.9045667843675442,5.274887918604473,19466710847.0,57.48
2022-05-16,,521354025.9919553,337328556.0317377,,386427308.1225328,0.9045667843675442,5.274887918604473,18582794945.0,55.18
2022-05-17,,521551011.0913984,337156104.32095075,,384479205.2456436,0.9232430864151596,5.251036008906954,19123116852.0,56.74
2022-05-18,,521550531.49633247,337355749.54671484,,384677750.0114238,0.916201914451542,5.222027287830168,17130419720.0,50.82
2022-05-19,,521747848.7828136,337487971.8148071,,384267183.82290673,0.9207484078071816,5.212459923624701,17635531073.0,52.26
2022-05-20,,521747461.55667984,339137297.02195615,,384247266.7097173,0.9178807631623708,5.194384931810836,16950497273.0,50.03
2022-05-21,,521746958.6866882,339136795.978658,,382932176.958776,0.9319501948608088,5.194559574898648,16899338771.0,49.78
2022-05-22,,521746435.3891533,339136274.59025306,,382999858.2114812,0.9275141598813708,5.172999270953703,17732179114.0,52.29
2022-05-23,,521943642.9314706,339268294.3588667,,382417802.3525448,0.9324966461504712,5.157399465068103,16976561533.0,49.99
2022-05-24,,521943041.6231763,339268357.1082409,,383703057.7964778,0.9093584677336786,5.101501808891265,16824883336.0,49.67
2022-05-25,,521942812.5263612,339268128.7853458,,386354163.1490395,0.8730717740832006,5.050391705942945,16525649020.0,48.68
2022-05-26,,522139980.4484266,339399305.2465316,,382302358.6222379,0.9216294524125646,5.077890620488131,15100598739.0,44.53
2022-05-27,,522139613.3281627,339398939.4167677,,383645092.7213098,0.901825858536376,5.044332468660238,14141179479.0,41.64
2022-05-28,,522139210.2648862,339398537.73418176,,383495660.3904236,0.900390149525987,5.027758189631832,14883806338.0,43.93
2022-05-29,,522138811.41092616,339398140.2892067,,383428904.71924233,0.8978773730757172,5.009175684453867,15132536952.0,44.62
2022-05-30,,522335907.38135326,339529928.6681081,,383696601.8984208,0.8938634492137387,4.993280562470145,16042673885.0,47.22
2022-05-31,,522335514.8496144,339529537.45072424,,385096737.7147,0.8745191161932286,4.964193183453134,15533605059.0,45.73
2022-06-01,,522335062.1062056,339963504.1313713,,387101358.3509138,0.8519407025236791,4.949605651558319,13728160359.0,40.46
2022-06-02,,522334685.1880349,339963177.12608004,,387103060.9474584,0.849400402820244,4.934370721603599,13880003548.0,41.0
2022-06-03,,522531597.6889179,339807479.7870923,,387415816.3734773,0.8428025513459669,4.904048824535204,13149546114.0,38.72
2022-06-04,,522531068.6335095,339806952.5692989,,384735644.3908672,0.871062387354149,4.911408278221637,13171255914.0,38.84
2022-06-05,,522530515.7090021,339806401.58668154,,385459088.9111452,0.8581063558595448,4.8767784377463705,13518800159.0,39.83
2022-06-06,,522727377.2672823,339938233.852885,,385414299.9055036,0.8561441173753348,4.854164301310202,14617625808.0,42.93
2022-06-07,,522726917.68422645,340434935.48054934,,385678533.742197,0.8432235911231878,4.793443852233859,13791352583.0,40.52
2022-06-08,,522726441.6163343,341751173.0785488,,385714586.8992014,0.8385556827909424,4.767883902975433,13402800761.0,39.23
2022-06-09,,522725996.4250348,341750729.39885926,,386047649.1916376,0.8318055658230961,4.74724072603295,13677402508.0,39.95
2022-06-10,,522922698.207827,341911483.3837372,,386358107.3456658,0.8268663659962039,4.729039701415864,12967279454.0,37.87
2022-06-11,,522922185.3000415,342077444.0124879,,386704727.9043036,0.8219517699600498,4.719811369865759,11766531960.0,34.4
2022-06-12,,522921710.1730424,342076970.4806488,,386489597.3066424,0.8257081915507003,4.729759171367499,10907184207.0,31.96
2022-06-13,,523118388.4475581,342208881.4792143,,386571382.23422414,0.8264202955599931,4.730318278823152,9640167551.0,28.06
2022-06-14,,523117900.2631589,342208394.9043952,,386494622.2272495,0.8238310606914823,4.710881345765902,9722030617.0,28.39
2022-06-15,,523117434.0406396,342209610.17421424,,386566471.17380416,0.8202550342072845,4.693822139491354,11679278716.0,34.1
2022-06-16,,523117216.8797611,342216438.213459,,386545012.5175125,0.8199930975717917,4.691083406606283,11143016266.0,32.53
2022-06-17,,523313368.43045264,342370487.8393415,,386564194.83648616,0.8202611567772022,4.686202607662367,10760615276.0,31.44
2022-06-18,,523312755.2334754,342379366.8016442,,386496285.9390764,0.8214570548741973,4.689440198843429,10135166573.0,29.72
2022-06-19,,523312125.5363088,342378739.29509467,,386502479.1264184,0.8219612497106787,4.692847378546578,11753065544.0,34.33
2022-06-20,,523508338.8486693,342509427.8900282,,386464192.1604592,0.8261219020508248,4.7070129720126745,11736991748.0,34.29
2022-06-21,,523507685.1759188,342508776.5563426,,384936885.3107935,0.8462084166415584,4.737172871135988,12405382348.0,36.19
2022-06-22,,523507044.0894991,342508137.7324229,,385210127.19184935,0.8450767876143406,4.746110423965353,11945678747.0,34.97
2022-06-23,,523703217.1595472,342638935.8330928,,386430203.1005942,0.8335954852003447,4.739430362590027,12868610585.0,37.52
2022-06-24,,523702653.70546174,342638374.3134525,,386950667.47596914,0.8296553009159879,4.746172660093144,14498840581.0,42.3
2022-06-25,,523702074.6321572,342637797.2607878,,386573430.8564847,0.8367104425339056,4.765170577774418,14448397474.0,42.15
2022-06-26,,523898049.3601011,342768774.4426531,,386094123.6471034,0.8473251028741968,4.791765752880466,13950522534.0,40.61
2022-06-27,,523897442.29209685,342769543.44022024,,387496786.631453,0.8346631599358778,4.798604364462839,13241067245.0,38.75
2022-06-28,,523896721.0615037,342768824.8384321,,387451327.3508471,0.839990709038041,4.82778626037867,12328985329.0,35.95
2022-06-29,,524092697.8788765,342899839.7846453,,386677904.4210317,0.8539333403087435,4.856553049987995,11732812270.0,34.34
2022-06-30,,524092074.2443465,342899218.27025163,,386764567.6178376,0.8556324174683105,4.871224877727707,10940480677.0,31.85
2022-07-01,,524091485.7414351,343284560.01328564,,386735679.6185953,0.857932614969914,4.883237593169935,11334142542.0,32.92
2022-07-02,,524090823.7108377,343283900.36056817,,386780104.43546754,0.861054300255315,4.904390446997608,11597340856.0,33.74
2022-07-03,,524286780.5517135,343416621.4117874,,388990339.5474837,0.8368819184574772,4.889668394196217,11467528736.0,33.42
2022-07-04,,524286249.5646269,343433513.941076,,388881467.8532652,0.8393105432966674,4.89840162019132,12348603618.0,35.97
2022-07-05,,524285466.5234109,343144911.6049528,,391401136.6931611,0.8130105590204328,4.892105186248967,12409095999.0,36.09
2022-07-06,,524481273.19813055,343277351.1332728,,391823500.3362104,0.8141873100474761,4.916731318198451,12532067884.0,36.8
2022-07-07,,524480608.206985,343806375.9540666,,394434194.0444728,0.7899044497459151,4.928942015024826,13221328291.0,38.48
2022-07-08,,524479989.1738015,345108104.58612496,,395420001.128663,0.7805743359239559,4.933475898342629,13308525672.0,38.6
2022-07-09,,524675612.2626876,345241108.6016243,,395420001.128663,0.7805743359239559,4.933475898342629,13259775217.0,38.43
2022-07-10,,524674835.5792351,345276373.2599665,,395420001.128663,0.7805743359239559,4.933475898342629,12729728493.0,36.87
2022-07-11,,524674196.5615807,345442044.3591109,,394922233.71817577,0.8011673519908724,5.026294580056019,11854269166.0,34.32
2022-07-12,,524869726.9459573,345574858.4578492,,394297993.9777457,0.8113907102437201,5.041455090412508,11434413442.0,33.09
2022-07-13,,524869072.8073101,345574968.54919195,,394297993.9571999,0.8123487759720271,8.203771866188214,11799803999.0,34.09
2022-07-14,,524868349.14321816,345575771.3863451,,394297993.9320877,0.8895474803148229,5.549411310236472,12639713202.0,36.57
2022-07-15,,525063782.6609116,345708198.88406795,,394694107.509652,0.7815600758100283,5.065846723824564,13039092006.0,37.9
2022-07-16,,525063087.8064306,345470363.34499204,,394694107.48910594,0.7838020753599961,5.033984230840922,13039092006.0,37.9
2022-07-17,,525062480.5842285,345476179.87772715,,394694107.45029706,0.8351590428043121,5.212446721208994,13537941121.0,39.19
2022-07-18,,525257861.8634328,345608816.0724402,,395813550.3048639,0.8540718831120842,5.404721165263905,13957540336.0,40.38
2022-07-19,,525257237.1404378,345608153.38933,,395813543.1777126,0.7972416911477653,5.030060010424754,15873377291.0,46.0
2022-07-20,,525256731.5433872,345607649.54368955,,395813543.1457523,0.9037102070965196,5.733990752665185,14923590746.0,43.18
2022-07-21,,525256136.7124013,345612474.7331085,,395813543.09552896,0.830701748082463,5.250482660378194,14974793930.0,43.12
2022-07-22,,525450922.0473133,345762635.0448576,,393524096.1870381,0.9593622183712291,5.910232648161601,14134459077.0,40.93
2022-07-23,,525450244.8816049,345761960.16913414,,393524096.17105806,0.9817988442605508,6.055257466825005,13630141716.0,39.4
2022-07-24,,525449765.0978781,345761482.0326623,,393524096.1413805,0.920671601848877,5.633688425315161,14340757253.0,41.56
2022-07-25,,525644872.4327521,345893051.7702337,,394299681.1097689,0.8505347826796683,5.253412720379135,13384205919.0,38.62
2022-07-26,,525644231.881079,345893479.3454956,,394299681.08465725,0.880482884043432,5.446345734923269,12219811473.0,35.6
2022-07-27,,525643526.371742,345896250.22961354,,394299681.08465725,0.8906715360819328,5.512673103218574,13678524688.0,39.56
2022-07-28,,525838506.7475163,346028403.3373767,,394299681.08465725,0.8489259417422623,5.234106389531813,15001908340.0,43.37
2022-07-29,,525837505.4058724,346027405.3444128,,394299681.08465725,0.9865894514266228,6.126016126585176,14469163444.0,41.95
2022-07-30,,525836810.8202108,346026713.0989812,,394299681.08465725,0.8960515370950883,5.5378120824774735,15537842982.0,44.33
2022-07-31,,526031669.0877264,346159217.7732108,,394299681.08465725,0.9821594527291256,6.0840214636681536,14986398590.0,43.18
2022-08-01,,526031316.5099784,346520846.4164026,,394025766.8665739,0.9009861804779806,5.538083138593041,14268091631.0,41.1
2022-08-02,,526030588.55323625,346520140.8562554,,394025766.8072191,0.8805063186994477,5.404754877597586,14293131164.0,41.27
2022-08-03,,526225359.2581713,346652761.67953736,,397295842.4836353,0.8163526705499358,5.206003277731524,13735708835.0,39.58
2022-08-04,,526224613.20970446,346652018.2098505,,397295842.3329654,1.0082935773997326,6.49685514615361,13307336062.0,38.44
2022-08-05,,526223818.9212967,346338742.1382331,,397295842.2690439,0.848926994068222,5.423242261408425,13975876504.0,40.29
2022-08-06,,526418449.4831341,346471880.96645224,,401212798.2420539,0.8932003805075972,6.0278644321583,14111883990.0,40.69
2022-08-07,,526417674.5164602,346972222.1928492,,401212798.2329218,0.8511987184411707,5.7307454487063305,14282894083.0,41.15
2022-08-08,,526417323.8862057,346971872.7532348,,401212798.2237911,0.7987451999339701,5.362161535181173,14805862370.0,42.35
2022-08-09,,526611232.7033108,348406730.3571077,,401158976.8597783,0.7848230672139245,5.249493448349665,14154613066.143074,40.58
2022-08-10,,526610746.2628443,348408613.77930087,,401158976.8323833,0.7887756308718075,5.277136263023539,14754039962.791449,42.43
2022-08-11,,526610088.2021151,348574297.45914954,,401158976.7821598,0.7905446094835566,5.288845386041246,15058802936.229437,43.15
2022-08-12,,526804522.0952997,348707091.2286243,,399466512.206634,0.8160246429847806,5.325863808642309,15507348074.374256,44.46
2022-08-13,,526803834.8351559,348706526.2661705,,399466344.8509839,0.972637630869877,6.403633128498028,16285040647.744978,46.71
2022-08-14,,526803134.8064532,348705828.65379286,,399466344.8258721,0.8113586295024344,5.294457371729229,15845311253.075958,45.15
2022-08-15,,526997499.1340188,348838484.93414766,,391809035.6897741,0.9970656906612696,5.9229963575105256,15299725964.609049,43.9
2022-08-16,,526996796.5548471,348837794.705511,,391809029.55567545,0.979403464583184,5.811160381790256,15081823486.170565,43.24
2022-08-17,,526996082.22655416,348837082.6691181,,391809029.5123009,1.013024946168506,6.020176255010103,14147578804.539171,40.64
2022-08-18,,527190286.5628781,348813075.5961898,,393164623.47845936,1.0152249869588292,6.127974704431276,14328243285.525766,41.04
2022-08-19,,527189567.6247006,348812959.0923524,,393164623.4031246,0.8936180779603342,5.361793817169361,12640082634.640451,36.38
2022-08-20,,527188842.2867568,348988736.31072164,,393164623.33920383,0.9595315544632664,5.776188918446506,12304919416.85678,35.23
2022-08-21,,527383042.4659448,349120467.9239525,,402329430.23170674,0.6376683649224058,5.776188918446506,12756137888.743374,36.47
2022-08-22,,527382096.8716372,349119530.618455,,402329430.20887774,1.0065329413048163,6.856636419980131,12084948108.638952,34.68
2022-08-23,,527381361.7940705,349118797.9933032,,402329402.1636968,0.7937988963111486,5.341267304586101,12374536551.42495,35.53
2022-08-24,,527575386.7939144,349251005.42666405,,401446986.65972656,0.8121944732262687,5.391948959112822,12518229992.192846,35.85
2022-08-25,,527574664.3404998,349250285.4121345,,401446986.6254829,0.8066663330987378,5.3536909362831615,12431567196.34298,35.6
2022-08-26,,527573930.8284473,349249554.36286694,,401446986.5775422,0.8056746216107635,5.346611994105035,11476998518.445349,32.82
2022-08-27,,527767812.0581322,349381486.71295315,,403725569.204762,0.8664977593074275,5.944516521665004,10911523731.516855,31.23
2022-08-28,,527767008.8052093,349380686.27301526,,403725569.17736745,0.8891422132801363,6.108025057442903,11000102855.281876,31.6
2022-08-29,,527960694.8167185,349511814.9691677,,405340931.1312817,0.7972020442811756,5.564902040049329,11177325457.88726,32.03
2022-08-30,,527959926.988318,349511049.75026435,,405340901.198159,0.8577607765196893,6.009276339252043,11049434932.864618,31.65
2022-08-31,,527959169.4414612,349510294.75364244,,405340779.5571817,0.7938077247969799,5.540238519218665,11402360901.594618,32.68
2022-09-01,,528152864.6810952,350014436.5131822,,405156194.940645,0.7422600812178048,5.139508368727368,10985592932.9299,31.58
2022-09-02,,528152101.6658976,349709812.9619511,,405141491.4510329,0.8063696625239425,5.6026539527589145,10912995566.461493,31.26
2022-09-03,,528151315.4426259,349709029.4886244,,405141491.4213556,0.9074166060358158,6.342672030278483,10867584579.3618,31.11
2022-09-04,,528344779.64030826,349840071.7950581,,405730009.4897432,0.8206846009245039,5.745112523757596,11176346395.129414,31.86
2022-09-05,,528343947.4385721,349839242.4910268,,405730009.380165,0.7693129809213328,5.366965919264064,11210650164.788246,32.02
2022-09-06,,528343165.5534194,349838463.2483891,,405730009.0149042,0.7610693769146692,5.30794240874085,10912709187.03125,31.07
2022-09-07,,528536611.5917953,350472849.50214446,,406024708.0459402,0.8368688574351024,5.873543656528168,11503608452.26011,32.66
2022-09-08,,528535826.11548567,352987417.1812134,,406024707.9911511,0.8312108723445233,5.8322520417486405,11853546012.8716,33.5
2022-09-09,,528535073.29422873,352986666.86570644,,406024707.94092727,0.7578666257621824,5.295289472992771,12228107003.668465,34.69
2022-09-10,,528728844.0204375,353118362.7895572,,407852770.9256113,0.7042132530973522,5.029539648267453,12341366634.52739,35.07
2022-09-11,,528727705.4615331,353283967.8863292,,407852763.4537452,0.8236683299648551,5.927340814612649,12296119224.453392,34.83
2022-09-12,,528726920.14075696,353283185.16529304,,407852763.36471295,0.7608877635796762,5.454364046183356,13232821686.384323,37.39
2022-09-13,,528920187.9318468,353414901.3767794,,406102472.8027788,0.7847739060174996,5.4751868435369815,11949262285.837029,33.57
2022-09-14,,528919448.46853566,353443344.7575233,,406102465.2966693,0.7799878149599371,5.440911226210159,12022249624.607222,34.07
2022-09-15,,529112574.756928,353979982.1027245,,399889945.4726988,0.8607912398036488,5.5145490644544655,11778094773.630983,33.27
2022-09-16,,529111917.2970673,353979326.7796188,,399889945.4110612,0.8183312565021694,5.231614644624895,11408132199.19641,32.24
2022-09-17,,529111164.3720215,353984801.64219785,,399889945.3791006,0.9627912302729856,6.202624490452964,11790993788.439682,33.37
2022-09-18,,529304252.470501,354116047.68902445,,401788175.5354461,0.8489787588902287,5.567016393789035,11096146009.580214,31.05
2022-09-19,,529303560.4242476,354115357.8652992,,401788175.47837406,0.8113778242592407,5.309601544221274,11607966294.955963,32.76
2022-09-20,,529302646.5971532,353927568.98830813,,401788170.9217453,0.8756179352985116,5.750111840395287,11177617333.168516,31.58
2022-09-21,,529495697.1329308,354061065.4299699,,398667900.1545763,0.8138074510307236,5.0947641647096855,10835153350.382183,30.43
2022-09-22,,529494996.4594393,354522367.0358634,,398667896.3581476,0.9820189880864304,6.205281324858058,11423873141.115936,32.35
2022-09-23,,529494211.75452656,354521584.9949106,,398667896.3010757,0.9998263115646556,6.322267878203257,11893196656.597244,33.79
2022-09-24,,529686965.0295431,354652286.4150134,,406233952.8341337,0.8652813018768413,6.025476779662151,11871265651.956348,33.29
2022-09-25,,529686063.8126922,354651388.3593475,,406233952.7702128,0.9468361254755252,6.6257681613478905,11434616758.859646,32.16
2022-09-26,,529685250.0650325,354650577.3042179,,406233952.5647538,0.7627747397657814,5.279992411789193,11881010999.983725,33.5
2022-09-27,,529877978.5396372,354782220.96805704,,404796564.22037286,0.9369028888901232,6.402956478497075,11555334953.506668,32.65
2022-09-28,,529876888.69550645,354781134.67270124,,404796564.1336233,0.8402481367849823,5.710506668459179,11818605593.272224,33.31
2022-09-29,,530069641.9193449,354913441.4441514,,407469196.845157,0.7549278641989066,5.296596508955603,12042396282.903791,33.95
2022-09-30,,530068950.4067919,354912814.18956345,,407469192.989372,0.7746010311571627,5.441057917748568,11827977820.682829,33.3
2022-10-01,,530068402.7181163,355284226.92799693,,407469192.9642608,0.9028850694583036,6.115612263320787,11590716523.87658,32.6
2022-10-02,,530260923.6359224,355416347.2089014,,406513670.7831273,0.8195474769366662,5.678655273634682,11544098466.2107,32.45
2022-10-03,,530260162.71459854,355086355.25359726,,406513670.4384127,0.8503056352775706,5.654177774632735,11719155329.873684,33.0
2022-10-04,,530259378.7316843,355085573.89767814,,406513670.3607949,0.8855329552999835,5.900117441016754,12098474632.4709,34.13
2022-10-05,,530451809.074989,355217316.3752065,,406599580.8704538,0.8396671368861242,5.575388213448234,11977756569.049412,33.76
2022-10-06,,530450895.2032872,355221639.0534568,,406599577.0374977,0.8949141985513664,5.960704736199044,11877209149.4705,33.45
2022-10-07,,530449985.8431834,355724669.50531256,,406599576.9872744,0.9165857472360096,6.112542574906752,11742803237.419876,33.03
2022-10-08,,530642131.95560575,357158443.7726095,,406369349.79183,0.8750412265033924,5.791515488039852,11590675536.443453,32.46
2022-10-09,,530641226.559644,357157541.4043427,,406369349.7667183,0.93916870459807,6.238288928042488,11723086996.645794,32.82
2022-10-10,,530833360.25775903,357291220.52957827,,405735425.70323765,1.048280260666079,6.9301040806204,11460636038.8174,32.18
2022-10-11,,530832545.7759271,357458748.28992546,,405735417.8181704,0.8768424087814974,5.742127749358209,11189046728.242067,31.32
2022-10-12,,530831717.2366098,357457922.35562813,,405735417.7793616,0.9187216271946408,6.030323066271134,11170475010.045502,31.25
2022-10-13,,531023841.28321487,357867243.53243506,,408485851.9305188,0.7883243877852442,5.565496060004695,11170475010.045502,31.25
2022-10-14,,531022935.5092078,357885691.50279695,,408485851.89170986,0.8571341643685004,6.077087507132697,11170475010.045502,31.25
2022-10-15,,531214851.9202982,358018379.3002304,,408365705.288197,0.9321070177002122,6.612313400918104,11170475010.045502,31.25
2022-10-16,,531213927.0644504,358018014.96255964,,408365705.0895867,0.9277555029401308,6.580205725940466,11170475010.045502,31.25
2022-10-17,,531212979.0366519,357983743.9223174,,408365705.0462119,0.969820472492855,6.896134592938743,11170475010.045502,31.25
2022-10-18,,531404796.1354674,358114834.5590025,,408896557.8603897,0.7542880963477661,5.324086163016745,10802210309.75284,30.14
2022-10-19,,531404029.2175252,358114070.2980729,,408896557.7211338,0.4201084083380824,5.674863980283299,10589275856.070282,29.43
2022-10-20,,531404029.2175252,358114070.2980729,,408896557.7211338,0.4201084083380824,5.674863980283299,10120995123.35975,28.25
2022-10-21,,531404029.2175252,358114070.2980729,,408896557.7211338,0.4201084083380824,5.674863980283299,10076108170.222157,28.13
2022-10-22,,531404029.2175252,358114070.2980729,,408896557.7211338,0.4201084083380824,5.674863980283299,10033583576.316183,28.0
2022-10-23,,531404029.2175252,358114070.2980729,,408896557.7211338,0.4201084083380824,5.674863980283299,10394686774.353676,29.07
2022-10-24,,531783954.446063,358372796.28656006,,408172156.4597952,0.9857636255856228,6.94914961604977,10151277994.58894,28.33
2022-10-25,,531783954.446063,358372796.28656006,,408172156.4597952,0.9857636255856228,6.94914961604977,11077575224.18006,30.94
2022-10-26,,531974717.1329604,358516816.7871507,,408904153.2826093,0.99019778444287,7.040469930458691,11203611590.840311,31.28
2022-10-27,,531974717.1329604,358516816.7871507,,408904153.2826093,0.99019778444287,7.040469930458691,11016715358.289034,30.66
2022-10-28,,531974717.1329604,358516816.7871507,,408904153.2826093,0.99019778444287,7.040469930458691,11523992959.017834,32.12
2022-10-29,,531974717.1329604,358516816.7871507,,408904153.2826093,0.99019778444287,7.040469930458691,11775325291.527168,32.83
2022-10-30,,531974717.1329604,358516816.7871507,,408904153.2826093,0.99019778444287,7.040469930458691,11772898715.527395,32.89
2022-10-31,,531974717.1329604,358516816.7871507,,408904153.2826093,0.99019778444287,7.040469930458691,11727290548.409676,32.64
2022-11-01,,532544513.50854033,359332150.9848281,,409704737.96173286,0.7370267412566189,5.185998522154936,11588937673.913485,32.24
2022-11-02,,532543645.8867099,359331286.6936877,,409704737.9069439,0.741816495997627,5.220479473387307,11076265328.769896,30.79
2022-11-03,,532734875.6890008,359081133.10728395,,409704737.70148486,1.11025207183284,5.625619983161102,11061246430.431095,30.82
2022-11-04,,532734112.6837581,359080373.3568764,,409704737.70148486,1.1220778618926452,5.665930097166958,12137630163.181671,33.79
2022-11-05,,532925238.2520281,359223031.82102627,,410479431.8595574,0.7435445934881546,5.268235912833539,13202283372.1165,36.7
2022-11-06,,532924452.3570378,359222249.0327909,,410479431.8207488,0.7425301633452674,5.259037067439323,11783689545.401735,32.77
2022-11-07,,533115447.9789053,361169998.72141147,,410479431.8116172,0.7435255001913887,5.255226386886365,10655109386.652067,29.54
2022-11-08,,533114611.4986191,361732400.3331353,,410479431.8116172,0.7429911683417778,5.250917404337536,8815290464.791733,24.22
2022-11-09,,533113535.26751465,362331316.6238157,,408030148.0748445,0.7741859973346532,5.291059776127527,5120135551.789889,14.02
2022-11-10,,533304308.94779205,362468374.4865936,,378511913.6662538,1.1651616127914766,5.706981801968928,6419997387.603283,17.77
2022-11-11,,533303454.38070565,362633949.9644491,,378511913.2370724,1.1669054314502605,5.715249144395396,5963504846.885816,16.62
2022-11-12,,533302668.2550976,362631166.485501,,378511812.5426092,1.16721362564689,5.716667450133589,5331217054.927404,14.7
2022-11-13,,533493461.6199942,362763320.50573504,,373611343.6547909,1.2346440796573432,5.78374870181452,4816392214.34615,13.2
2022-11-14,,533492634.94342726,362272495.8454531,,373611343.5315154,1.2287900065089952,5.775248722120921,5121041157.026807,14.12
2022-11-15,,533683256.0438358,362260992.2000575,,371215305.8835546,1.2708220178508922,5.817582241846351,5205583202.097879,14.36
2022-11-16,,533682445.5439984,362266369.2059048,,371215305.81506807,1.2670916038326483,5.819844379018315,5186877452.360098,14.36
2022-11-17,,533872982.4867917,362393077.2773927,,361903136.6582565,1.4184210892555835,5.988935942386998,4954608939.395693,13.66
2022-11-18,,533872092.72833246,363512191.1374833,,361903136.59890175,1.4337051984544935,6.093757930351573,4831754494.869416,13.3
2022-11-19,,534062507.4141916,362656805.2879512,,366046582.584996,1.417929102817883,6.248926355610852,4683383043.293358,12.89
2022-11-20,,534061599.2473052,362655900.74915695,,366046582.4251943,1.4748978997725537,6.5338860081465,4470695233.321518,12.34
2022-11-21,,534060638.2972978,362654943.2447047,,366404991.23490405,1.5347960357523285,6.836094000280181,4319145655.912079,11.92
2022-11-22,,534251266.3977214,362783992.95561534,,367389976.8577169,1.54425421795108,6.991003403689658,4530165523.577384,12.46
2022-11-23,,534250346.63119423,362783076.7021583,,367389976.6545408,1.6248502902387996,7.316071991563438,5242384046.294304,14.42
2022-11-24,,534440456.19735295,362910643.0953044,,353746954.38395584,1.916435624552193,7.704671471945604,5295975306.296668,14.59
2022-11-25,,534439535.4097817,362909844.90987307,,353746951.891051,1.905754233620716,7.69432607982064,5120779702.054626,14.08
2022-11-26,,534438585.0428408,362908898.2424223,,353746951.7883216,1.8803684256338384,7.666352221035347,5142450538.968229,14.17
2022-11-27,,534628601.9755379,363033349.5204533,,355974549.05275387,1.80675747154595,7.580963317469347,5138320693.997138,14.11
2022-11-28,,534627659.07048273,363032410.3165182,,355974545.8087821,1.80627064528518,7.578985002330825,4848821246.040962,13.34
2022-11-29,,534817574.9036911,363157249.5350217,,360743059.1370607,1.6900839987209704,7.453821795648017,4865903266.783448,13.38
2022-11-30,,534816631.8867616,363230295.2712056,,360743052.7358649,1.691486370651174,7.457884047297892,5160133742.783542,14.15
2022-12-01,,535006464.4100863,363356345.0730526,,357741091.5414539,1.741512216936525,7.506450048826942,4905910344.469534,13.49
2022-12-02,,535005531.7516853,363711169.5225264,,357741091.3885007,1.7562347588227167,7.547798990082565,5000690502.576446,13.77
2022-12-03,,535195257.9882013,363837037.94167936,,366768243.6303685,1.5708996738508674,7.34753726660595,4863696934.396812,13.33
2022-12-04,,535194339.597283,363836123.2497277,,366768243.17150974,1.5423262183791753,7.311081332417105,5008063958.883705,13.78
2022-12-05,,535383947.9542704,363963968.7447456,,364450237.8020008,1.5882140367253106,7.365173084134372,5053925412.5079,13.87
2022-12-06,,535382997.24289465,363963027.44382113,,364450237.5759956,1.58967073089471,7.375923221389395,5195420302.808301,14.3
2022-12-07,,535572094.58024544,364659068.3729894,,369467274.18045104,1.487664938071287,7.273073286376001,4939250221.600364,13.54
2022-12-08,,535571144.575924,365960965.3102107,,369467274.04119456,1.4978470649637865,7.30290253019453,5016573038.668547,13.69
2022-12-09,,535760542.7785264,366089433.8768498,,373684985.4439232,1.4267879505543537,7.253495080538707,4985978110.515763,13.61
2022-12-10,,535759588.9865147,366113985.1331405,,373684980.5882375,1.4338331745118449,7.292099150912924,4967608679.209892,13.58
2022-12-11,,535758626.61383647,366279223.6691042,,373684980.51518494,1.441771776887335,7.335056727130787,4920995808.77367,13.43
2022-12-12,,535948159.4808911,366408080.5668979,,375286416.3882939,1.420802233869023,7.338654185512075,4889774456.96242,13.33
2022-12-13,,535947366.9093886,366414562.9949069,,375286416.2650184,1.42957525132259,7.371913950247662,5063287421.953703,13.81
2022-12-14,,536136571.3781029,366559909.3473115,,375515611.3670456,1.4298804595506809,7.381503736936172,5192516091.753465,14.15
2022-12-15,,536135637.21183074,366564439.7005318,,375515611.0154823,1.435561773498839,7.397102995430199,5118079549.931765,14.02
2022-12-16,,536324743.2689549,366693298.4322211,,366771060.79399407,1.5971364890254414,7.560597964189249,4487828854.561585,12.28
2022-12-17,,536323774.6760921,366570180.5851615,,366771060.4766734,1.593403889199574,7.55497750876984,4589791879.193693,12.53
2022-12-18,,536322834.9272071,366569245.51368606,,366771060.0589068,1.593092938231866,7.559347692255147,4577684410.907368,12.45
2022-12-19,,536511812.1749912,366696838.5193904,,367973017.2875429,1.5675943537882375,7.526973900109479,4386451838.861884,11.94
2022-12-20,,536700297.3577946,366823939.02148527,,365363517.3413813,1.578713660173103,7.524481395649543,4505699073.905926,12.28
2022-12-21,,536699820.2244772,366823463.7238116,,365363514.3530912,0.0126548735661868,7.530749672163744,4442285590.081545,12.12
2022-12-22,,536699820.2244772,366823463.7238116,,365363514.3530912,0.0126548735661868,7.530749672163744,4304981639.738414,11.79
2022-12-23,,536887620.5041395,366950098.73006856,,377245420.3321312,-0.1384119980530007,7.530749672163744,4327532615.708606,11.8
2022-12-24,,536886646.7759632,366927676.59298176,,377264847.3212356,-0.1362884657069019,7.530749672163744,4207271979.819264,11.47
2022-12-25,,536886177.6249232,366927209.1546968,,377264847.30525553,-0.1358763050564149,7.530749672163744,4185139946.6090064,11.4
2022-12-26,,536886177.6249232,366927209.1546968,,377264847.30525553,-0.1358763050564149,7.530749672163744,4147178331.195879,11.3
2022-12-27,,536886177.6249232,366927209.1546968,,377264847.30525553,-0.1358763050564149,7.530749672163744,4063717880.57174,11.08
2022-12-28,,536886177.6249232,366927209.1546968,,377264847.30525553,-0.1358763050564149,7.530749672163744,3585609635.8001738,9.77
2022-12-29,,536886177.6249232,366927209.1546968,,377264847.30525553,-0.1358763050564149,7.530749672163744,3537484124.7943234,9.6
2022-12-30,,537449542.1049253,367314476.78909945,,383423518.17458034,0.0,7.530749672163744,3630516626.225645,9.89
2022-12-31,,537448607.3836019,367313545.3553254,,383423517.6107088,0.0,7.530749672163744,3663707629.8526206,9.96
2023-01-01,,537636969.1656665,367445362.18295854,,381585476.6416401,0.0,7.530749672163744,3670345897.629763,9.97
2023-01-02,,537636004.8079284,367801533.02582926,,381585476.3494316,0.0,7.530749672163744,4150541190.495974,11.27
2023-01-03,,537823937.7134818,367933093.5762785,,384192434.0557889,-0.1866976118348406,7.530749672163744,4897985570.664733,13.35
2023-01-04,,537823028.0299248,367932186.5888295,,384192433.60606176,-0.1867084613068059,7.530749672163744,4953205509.879085,13.45
2023-01-05,,537821884.936947,367931046.3677966,,384192433.60606176,-0.1867221070313229,7.530749672163744,4943576397.427822,13.44
2023-01-06,,538010005.9223408,368062194.1670901,,384600081.1103582,-0.1789964441939462,7.530749672163744,4984816083.874325,13.52
2023-01-07,,538009157.720042,369878178.1269946,,384600081.0395889,-0.1585816347756452,7.530749672163744,4837378850.913317,13.09
2023-01-08,,538008259.1574795,369877280.6471872,,384580708.498416,-0.1583548939997792,7.530749672163744,5151917607.84378,13.93
2023-01-09,,538196671.4169111,370009618.0350028,,384779580.5300021,-0.1572587033196848,7.530749672163744,6031956017.044448,16.29
2023-01-10,,538196671.4169111,370009618.0350028,,384779580.5300021,-0.1572587033196848,7.530749672163744,6001548952.666129,16.2
2023-01-11,,538196671.4169111,370009618.0350028,,384779580.5300021,-0.1572587033196848,7.530749672163744,6106281178.181655,16.47
2023-01-12,,538382283.331382,370365734.15259,,384508463.5824581,-0.1527802169443815,7.530749672163744,6160624328.048672,16.63
2023-01-13,,538381226.3164299,370489311.0898867,,384508463.38841325,-0.1513249251438586,7.530749672163744,6767551967.350333,18.28
2023-01-14,,538569663.3120904,370622271.3417438,,385023457.1288045,-0.1579156624278099,7.530749672163744,9066218089.522646,24.3
2023-01-15,,538569663.3120904,370622271.3417438,,385023457.1288045,-0.1579156624278099,7.530749672163744,8465167529.981883,22.84
2023-01-16,,538569663.3120904,370622271.3417438,,385023457.1288045,-0.1579156624278099,7.530749672163744,8762954564.82465,23.59
2023-01-17,,538569663.3120904,370622271.3417438,,385023457.1288045,-0.1579156624278099,7.530749672163744,8525510205.462621,22.97
2023-01-18,,538569663.3120904,370622271.3417438,,385023457.1288045,-0.1579156624278099,7.530749672163744,7710048711.615839,20.84
2023-01-19,,538569663.3120904,370622271.3417438,,385023457.1288045,-0.1579156624278099,7.530749672163744,7934995923.191625,21.41
2023-01-20,,538569663.3120904,370622271.3417438,,385023457.1288045,-0.1579156624278099,7.530749672163744,9489394201.957804,25.57
2023-01-21,,538569663.3120904,370622271.3417438,,385023457.1288045,-0.1579156624278099,7.530749672163744,9143727538.633389,24.67
2023-01-22,,538569663.3120904,370622271.3417438,,385023457.1288045,-0.1579156624278099,7.530749672163744,9004757973.453108,24.26
2023-01-23,,539125980.5060126,371196293.4690376,,378351978.2264288,-1.1686689877570269,7.197161027295163,9057978593.358006,24.42
2023-01-24,,539313363.9759551,371342166.0781415,,375314745.8730057,-1.0515364320624945,7.291772924100353,8470454667.826591,22.8
2023-01-25,,539312390.0384604,371341193.49673176,,375314743.2088834,-1.0494473285077577,7.272196033449038,9151912233.305304,24.66
2023-01-26,,539499760.4503939,371526433.4160381,,374250514.3264816,-1.0282450160044254,7.260365636980054,9052529628.29716,24.36
2023-01-27,,539498859.9423493,371526840.3072603,,374250509.2539223,-1.0240527676672273,7.250753590182494,9066608034.902922,24.41
2023-01-28,,539497957.1446232,371525937.50953406,,374250509.2105475,-1.0256443322436026,7.232357590607876,8888774937.513983,23.94
2023-01-29,,539685227.1567783,371658364.0146148,,377701096.7601098,-1.0848443652154094,7.150588769833275,9723380871.434278,26.17
2023-01-30,,539684326.3448887,371657265.1099002,,377701093.8905289,-1.082160667518728,7.122881269496527,8894199458.02625,23.96
2023-01-31,,539683448.519445,371680023.39537966,,377701093.532117,-1.0919475615861929,7.063260913379811,8896873315.819334,23.97
2023-02-01,8.198169930273687,539870640.6779164,372167726.5326853,,377804307.9201177,-1.0788557188545989,7.03086778628493,9295594682.001568,24.98
2023-02-02,8.20973386217295,539869702.7374883,372166791.1378872,,377804305.2354507,-1.080729757079546,7.040279068267841,9062290851.69266,24.32
2023-02-03,8.209667441625582,540056751.465008,372514498.50755423,,377161627.1149514,-1.0661817693831677,7.0559556946528215,9209669774.762846,24.71
2023-02-04,8.215855647478088,540056668.9083861,372514415.7768603,,377161627.1149514,-1.0669258606002765,7.0612726983052685,9084646376.720589,24.37
2023-02-05,8.215855647478088,540056668.9083861,372514415.7768603,,377161627.1149514,-1.0669258606002765,7.0612726983052685,8775453234.400503,23.54
2023-02-06,8.215855647478088,540056668.9083861,372514415.7768603,,377161627.1149514,-1.0669258606002765,7.0612726983052685,8463616399.329708,22.74
2023-02-07,8.215855647478088,540056668.9083861,372514415.7768603,,377161627.1149514,-1.0669258606002765,7.0612726983052685,8928209652.21195,23.91
2023-02-08,8.215855647478088,540056668.9083861,372514415.7768603,,377161627.1149514,-1.0669258606002765,7.0612726983052685,8681217220.957706,23.21
2023-02-09,8.215855647478088,540056668.9083861,372514415.7768603,,377161627.1149514,-1.0669258606002765,7.0612726983052685,7674814944.971446,20.44
2023-02-10,8.215855647478088,540056668.9083861,372514415.7768603,,377161627.1149514,-1.0669258606002765,7.0612726983052685,7582538971.715706,20.17
2023-02-11,8.215855647478088,540056668.9083861,372514415.7768603,,377161627.1149514,-1.0669258606002765,7.0612726983052685,7825374946.872857,20.85
2023-02-12,8.215855647478088,540056668.9083861,372514415.7768603,,377161627.1149514,-1.0669258606002765,7.0612726983052685,8057257217.572684,21.44
2023-02-13,8.110671114862505,540797619.6476485,375441449.1779881,,380007649.6746561,-1.0608126820165542,6.96381940506283,7804126001.846962,20.78
2023-02-14,8.060953769311496,540797105.6100504,375440935.8358365,,380529842.56322247,-1.0562512096758847,6.919558637935838,8222948441.256965,21.84
2023-02-15,8.060953769311496,540797105.6100504,375440935.8358365,,380529842.56322247,-1.0562512096758847,6.919558637935838,8975776575.30878,23.88
2023-02-16,8.060953769311496,540797105.6100504,375440935.8358365,,380529842.56322247,-1.0562512096758847,6.919558637935838,8400837292.390615,22.32
2023-02-17,8.060953769311496,540797105.6100504,375440935.8358365,,380529842.56322247,-1.0562512096758847,6.919558637935838,8757810457.777061,23.19
2023-02-18,8.060953769311496,540797105.6100504,375440935.8358365,,380529842.56322247,-1.0562512096758847,6.919558637935838,8864240990.711231,23.45
2023-02-19,8.060953769311496,540797105.6100504,375440935.8358365,,380529842.56322247,-1.0562512096758847,6.919558637935838,9416249238.487823,24.83
2023-02-20,8.060953769311496,540797105.6100504,375440935.8358365,,380529842.56322247,-1.0562512096758847,6.919558637935838,9849428455.392427,26.03
2023-02-21,8.060953769311496,540797105.6100504,375440935.8358365,,380529842.56322247,-1.0562512096758847,6.919558637935838,9410006572.060623,24.91
2023-02-22,7.015967842138903,541350484.4225461,378144716.5724224,,391155250.4118892,-1.034695107345751,5.908678858797574,9148040150.61283,24.18
2023-02-23,7.014492110690411,541536711.8391409,378279989.4745881,,391155250.3205739,-1.0330295695657132,5.909000763466412,9024298203.902431,23.93
2023-02-24,7.011911821042312,541535606.982538,378289163.5768761,,391369394.54239583,-1.0367980260458376,5.902414431647825,8723841537.761139,23.06
2023-02-25,7.0322442828513365,541535324.2332816,378356898.4717318,,391815904.57939297,-1.0450029768072189,5.913754143951961,8461125692.332631,22.36
2023-02-26,7.088099558204797,541534930.8234926,378380263.7929172,,391815904.5656957,-1.0525767005679754,5.960915173174107,8789815699.846401,23.23
2023-02-27,7.096604483876138,541720888.9912546,378394256.7674297,,393100371.3292871,-1.0697131271936722,5.950978046933424,8589782940.913688,22.69
2023-02-28,7.110119299970405,541719772.2403897,378398381.2059698,,393100369.1719656,-1.071637080388732,5.962287544703319,8278729498.564519,21.92
2023-03-01,7.129055801141845,541905099.7013131,378852900.6871514,,386996127.2214872,-0.9803192257735738,6.078849070733547,8530663779.645123,22.51
2023-03-02,7.1507598760450914,541904439.6607281,378852242.59858125,,386996126.3722559,-0.9831733691104128,6.097282140144388,8328272221.796302,21.97
2023-03-03,7.181042308877503,542089647.0697472,378985362.90599513,,386996126.0001463,-0.984840488872396,6.125480007824219,8106249844.5340605,21.41
2023-03-04,7.209988491064653,542088471.1002988,378984190.3696417,,388084078.9168368,-1.0072793278440573,6.130084439610158,7946564768.282082,20.96
2023-03-05,7.170493130198851,542087301.8226122,382279117.7124167,,388084074.32368255,-0.9526139363014164,6.149572077037621,8013062334.5354595,20.98
2023-03-06,7.191910196360361,542272898.8707083,382303384.416227,,382986761.9069024,-0.8781333806875513,6.25062225152951,7891217439.147805,20.65
2023-03-07,7.209496508044423,542271758.7556484,382817015.0931969,,382986761.21747255,-0.8719223984631763,6.274712894711197,7742957402.802464,20.22
2023-03-08,7.226088363248155,542457279.9766213,382947303.88650256,,382986761.21747255,-0.8717975856192384,6.291293913743412,7066726944.332695,18.43
2023-03-09,7.25000625185587,542456099.0598205,382946126.1384818,,385098590.73505867,-0.9069931513006724,6.277256040382004,6615095595.211864,17.32
2023-03-10,7.270295960082628,542641509.7501854,383077958.8205683,,385098590.7167956,-0.9070093857838856,6.297344307566523,7004462520.100822,18.22
2023-03-11,7.302026232429718,542639763.5475924,382959962.3884026,,385098590.7167956,-0.9125141392726356,6.32288007133276,6928931920.550202,18.1
2023-03-12,7.312957264365269,542639463.1885649,382959662.75498015,,385098590.7167956,-0.9137916881881702,6.332340380534593,7755318676.394037,20.29
2023-03-13,7.312957264365269,542639463.1885649,382959662.75498015,,385098590.7167956,-0.9137916881881702,6.332340380534593,7821977632.749297,20.38
2023-03-14,7.378161718806045,542823346.9858049,383096795.2260052,,384680363.4482692,-0.9097754126975222,6.401261604881777,8029661085.939712,20.98
2023-03-15,7.403531217349744,542822320.8845059,383094052.79206496,,384680363.4482692,-0.912730814647078,6.423226091909887,7414057337.321378,19.34
2023-03-16,7.414804570106649,543007611.3023219,383380746.2967255,,379276351.3267098,-0.6578604530217302,6.708165050149344,7607669118.344841,19.83
2023-03-17,7.432495188015372,543006714.5211073,383379916.00190085,,386049074.1839975,-0.9297174395627604,6.433676544494952,8298944866.274058,21.66
2023-03-18,7.466600014427831,543191918.032378,383484556.3451989,,385636967.7255439,-0.9257621995447995,6.471714854358251,8167246753.172318,21.28
2023-03-19,7.493537906925319,543190991.0371915,383483632.9040824,,385152940.92129576,-0.9217493208715788,6.50271695128741,8495353255.962753,22.03
2023-03-20,7.516781418365105,543376161.844449,383612807.54960287,,385152940.8071518,-0.9223649301742798,6.525084332509985,8570996250.733115,22.33
2023-03-21,7.542892426637909,543375201.90551,383611850.9275298,,385856616.0106168,-0.9356984439092164,6.536615255666889,8718952337.679441,22.74
2023-03-22,7.571849441082273,543374258.9109427,383627046.3097135,,385387799.35258913,-0.9315696603523272,6.5697427286092696,8277163932.31642,21.6
2023-03-23,7.590895918475485,543559349.9245437,383779484.0130103,,385458313.3454767,-0.9323459570927506,6.587776550179695,8543484776.055639,22.3
2023-03-24,7.613758909606023,543558465.3258315,383778602.98465306,,385932590.3410391,-0.942051897964502,6.599981451327136,7977960408.113832,20.78
2023-03-25,7.626888360766092,543743515.1960055,383901614.44354784,,385162795.9909466,-0.929042515705436,6.626988809563747,7901578024.349372,20.6
2023-03-26,7.646286844900639,543743057.1102064,383901158.1870688,,384688923.46461046,-0.9240180756264204,6.651615696713095,8079229951.395789,20.99
2023-03-27,7.711020742517205,543927536.7163438,384029436.6350258,,384688923.4394988,-0.9291092207181162,6.710267717068871,7655291926.183579,19.96
2023-03-28,7.624569422176062,543926645.8896095,384023638.55256295,,386984178.8343257,-0.95589388417332,6.595792745201622,7878765558.475471,20.5
2023-03-29,7.613912906484936,544111479.1420703,384651981.58329546,,387067333.8084087,-0.9457824480540776,6.5961194065512085,8122141676.472303,21.13
2023-03-30,7.616477941577704,544110597.0930028,385201153.5044853,,398363240.9925821,-1.1113150962993812,6.420519776107279,7919320174.471215,20.57
2023-03-31,7.624344364546912,544109698.7245712,385472699.37920415,,398363237.9084109,-1.1085452190089828,6.431279840603957,8194996259.08917,21.21
2023-04-01,7.617486192562081,544294421.5790569,385635438.86475503,,395696153.578616,-1.0647191053901328,6.4716622563292985,8133720019.793032,21.1
2023-04-02,7.627677737783276,544293534.0835214,385670042.17393935,,395212286.7965869,-1.058191874188985,6.488770397583744,7929638196.330592,20.56
2023-04-03,7.622952355798475,544478183.3955399,385800177.414829,,396556107.049758,-1.0752806863998154,6.465703534983301,7900168640.993755,20.46
2023-04-04,7.607098332415248,544477292.0307019,386944160.2327213,,396556107.0109489,-1.0547324611482334,6.472131335803557,8093519489.19683,20.92
2023-04-05,7.606666532713917,544661825.9486299,387182191.9820815,,396556076.9385697,-1.050663802445062,6.476082238436912,8139780743.430709,20.98
2023-04-06,7.614242240547571,544660922.8951058,387180891.9447822,,397452571.58793473,-1.0644813565319322,6.468708694923824,7980951367.926036,20.61
2023-04-07,7.613805649707289,544660024.8144971,387809886.861843,,397452571.5673887,-1.054472113155036,6.479048079226264,7945861961.167704,20.48
2023-04-08,7.620775715121618,544844449.6583072,387940397.8664772,,395935056.80452734,-1.0300872438013364,6.5121878328001,7779827678.559762,20.04
2023-04-09,7.634586262208616,544843552.1272241,387939503.956744,,395438302.8104291,-1.0238803706880462,6.532536861398558,7886462397.659908,20.32
2023-04-10,7.638998992327317,545027870.5634954,388085631.769245,,392311249.8994574,-0.9733346245054176,6.591311345663961,8111384994.393847,20.88
2023-04-11,7.573110691359165,545026949.1243953,391697751.07398254,,391804646.0050091,-0.9008836810022514,6.604002091994228,9019417673.037657,23.01
2023-04-12,7.575116583224643,545211145.6214453,391642816.4773902,,392311044.0762715,-0.9093280974907024,6.596905822225003,9350156509.874369,23.84
2023-04-13,7.58138676051873,545210229.6372482,391641903.9746581,,391127972.0857049,-0.891671344650713,6.622114362597352,9566762973.066216,24.43
2023-04-14,7.583138759594958,545394330.0255919,391770848.41830426,,391124737.95071965,-0.8896757568966129,6.625997655542386,9705804479.0832,24.77
2023-04-15,7.587607922526431,545393449.0316691,391874814.9268815,,393160756.81560177,-0.9202640151029452,6.597517882105389,9451805831.229778,24.09
2023-04-16,7.589537703380237,545392560.2837743,392218421.9361855,,393674941.07700807,-0.9227296250351236,6.596777165552821,9920073717.128748,25.29
2023-04-17,7.569622656756112,545576557.7028496,392373522.648581,,393287041.5252005,-0.9117945392896344,6.588808711437342,9623598168.573132,24.58
2023-04-18,7.608364607168381,545575663.2080727,392339450.1603699,,393287015.0369437,-0.9166420006855968,6.621981140928175,9739599132.263355,24.83
2023-04-19,7.585835660285582,545759604.5117449,392496441.0016128,,392770963.7089552,-0.0070976653453569,7.578199577711429,8903451124.568312,22.67
2023-04-20,7.578534996446804,545758739.8543909,392495576.414713,,395827281.6165661,-0.9491784363671708,6.557422740100827,8712811995.041552,22.2
2023-04-21,7.564093091156877,545942571.0981834,392627342.2251964,,395827278.6648026,-0.9451230936685427,6.547480006857236,8333890309.334352,21.25
2023-04-22,7.559664050144072,545941648.3899305,392638333.2355985,,396150600.5269297,-0.9488032437091952,6.539134468713602,8584446324.231401,21.85
2023-04-23,7.559992674615625,545940750.2773974,392637435.1296313,,395633918.54986393,-0.9407762454191616,6.5480938139582365,8420199212.273126,21.5
2023-04-24,7.549850768881915,546124466.325981,392769279.811896,,395755530.4222471,-0.9380341218510612,6.540996470669905,8399117356.571699,21.39
2023-04-25,7.544487823364762,546123550.1419399,392768363.6278549,,395234316.1970224,-0.9290905956362394,6.545302100872713,8617142936.350363,21.94
2023-04-26,7.535662194109068,546307141.190017,392896145.42072713,,395234315.97101706,-0.925493709535441,6.5404264049953085,8354008434.670635,21.27
2023-04-27,7.526988651334528,546306241.9305648,392895272.0730255,,393746412.50505394,-0.9014981266852852,6.557634862961641,8756193576.97448,22.32
2023-04-28,7.519749574011341,546489730.0248497,393026913.3437411,,394268654.2185229,-0.9061459104988456,6.545463760267828,9208471390.321592,23.39
2023-04-29,7.513738687599347,546488837.8156468,393028536.37899154,,394339937.8680663,-0.9063870947319752,6.539248035071077,9092156212.487629,23.13
2023-04-30,7.513738687599347,546488837.8156468,393028536.37899154,,394339937.8680663,-0.9063870947319752,6.539248035071077,9057154980.365274,23.01
2023-05-01,7.50474367596833,546671272.2712767,393237151.17993605,,393396046.9070792,-0.8875467995942632,6.550588764060274,8651811979.929995,22.01
2023-05-02,7.502163762451092,546670351.819381,393236234.3530996,,393396013.9295946,-0.8871173662498011,6.548493398620103,8773546966.16016,22.26
2023-05-03,7.469383019582038,546853697.7096268,394125800.1218949,,393396013.5026963,-0.869548532407427,6.534884576747949,8762010269.84146,22.22
2023-05-04,7.457895812251768,546852811.2338018,394124917.0800411,,395496186.3362329,-0.9003353967486971,6.490414339652712,8571042186.731829,21.74
2023-05-05,7.448380952965921,547035988.455187,394255843.5891015,,394967973.8850952,-0.8894566433291562,6.492674190430134,8999007584.2166,22.82
2023-05-06,7.4352186078057425,547035024.7807856,394240591.27338463,,392456000.287338,-0.8491914783634202,6.522887886627138,8661587000.942377,21.99
2023-05-07,7.415792384001874,547033975.2514938,394758877.9423544,,392455997.0296674,-0.8386726874677453,6.514925471250184,8705466133.769728,22.0
2023-05-08,7.396935262580538,547216924.3807217,394890157.9012793,,393578785.1484712,-0.8513510661032786,6.482610309260322,8146997991.830378,20.65
2023-05-09,7.386998961613514,547215864.7978493,394895533.52960384,,394114614.7244619,-0.8577627596120574,6.465873275855824,8164794903.556,20.66
2023-05-10,7.365560920174167,547398771.5837572,395108522.8484272,,394284497.5959656,-0.8540970907224943,6.44855478791709,8287539919.545623,20.98
2023-05-11,7.347320302149603,547397790.2134725,395273884.3639212,,392512097.4515939,-0.8221398928840884,6.464775158003576,8015037356.982577,20.25
2023-05-12,7.332108625900801,547396633.8284234,395272731.2698783,,392512097.4150678,-0.8203338150489015,6.4516270444375206,8247730151.869397,20.93
2023-05-13,7.31429623028491,547579858.0577397,395476653.9994948,,391981448.9669217,-0.8075944885002739,6.447631888556268,8297710532.113992,20.9
2023-05-14,7.305053119301035,547578543.1796881,395475343.98416567,,391203219.924871,-0.7933204972679464,6.45378013830136,8280978190.929416,20.94
2023-05-15,7.293279461578382,547761318.3811998,395614001.2005405,,397828239.0468685,-0.8888655951846514,6.339586414499094,8316882669.84985,21.04
2023-05-16,7.285568266693685,,,,,,,,
2023-05-17,7.272590693422446,,,,,,,,
2023-05-18,7.223385522801571,,,,,,,,
2023-05-19,7.229158917339397,,,,,,,,
2023-05-20,7.222351352246843,,,,,,,,
2023-05-21,7.225473111974578,,,,,,,,
2023-05-22,7.216781009837433,,,,,,,,
2023-05-23,7.213953178758699,,,,,,,,
2023-05-24,7.211750977869648,,,,,,,,
2023-05-25,7.200661182591052,,,,,,,,
2023-05-26,7.191468278119332,,,,,,,,
2023-05-27,7.186255992268495,,,,,,,,
2023-05-28,7.184997532539848,,,,,,,,
2023-05-29,7.178709018560802,,,,,,,,
2023-05-30,7.184909780564593,,,,,,,,
2023-05-31,7.185207029985594,,,,,,,,
2023-06-01,7.164537927011698,,,,,,,,
2023-06-02,7.173087581762164,,,,,,,,
2023-06-03,7.167681348227278,,,,,,,,
2023-06-04,7.165649937189368,,,,,,,,
2023-06-05,7.156382267783232,,,,,,,,
2023-06-06,7.160571245352799,,,,,,,,
2023-06-07,7.156318187817175,,,,,,,,
2023-06-08,7.144972794830314,,,,,,,,
2023-06-09,7.152461926487236,,,,,,,,
2023-06-10,7.137728691639496,,,,,,,,
2023-06-11,7.12257202069521,,,,,,,,
2023-06-12,7.106321517814814,,,,,,,,
2023-06-13,7.097300744451883,,,,,,,,
2023-06-14,7.094370509374158,,,,,,,,
2023-06-15,7.095144831632662,,,,,,,,
2023-06-16,7.106372941872572,,,,,,,,
2023-06-17,7.106372941872572,,,,,,,,
2023-06-18,7.104350327631669,,,,,,,,
2023-06-19,7.104350327631669,,,,,,,,
2023-06-20,7.112071514283749,,,,,,,,
2023-06-21,7.112071514283749,,,,,,,,
2023-06-22,7.112071514283749,,,,,,,,
2023-06-23,7.142766948344706,,,,,,,,
2023-06-24,7.151038684282379,,,,,,,,
2023-06-25,7.165231380815003,,,,,,,,
2023-06-26,7.169355518022689,,,,,,,,
2023-06-27,7.179511119639407,,,,,,,,
2023-06-28,7.180961977057638,,,,,,,,
2023-06-29,7.186235922698307,,,,,,,,
2023-06-30,7.1896434186666855,,,,,,,,
2023-07-01,7.191647778075444,,,,,,,,
2023-07-02,7.196897337641044,,,,,,,,
2023-07-03,7.192106689928135,,,,,,,,
2023-07-04,7.204100850078583,,,,,,,,
2023-07-05,7.211427997048374,,,,,,,,
2023-07-06,7.216270161471193,,,,,,,,
2023-07-07,7.228943942865464,,,,,,,,
2023-07-08,7.246998365209172,,,,,,,,
2023-07-09,7.244892713330215,,,,,,,,
2023-07-10,7.270372900559935,,,0.8045412551802087,,,,,
2023-07-11,7.307044330915955,,,0.7965163264708399,,,,,
2023-07-12,7.327246298639565,,,0.7976714659226454,,,,,
2023-07-13,7.356832998818142,,,0.7971583872417299,,,,,
2023-07-14,7.369223436254146,,,0.7988145213090824,,,,,
2023-07-15,7.385425265733249,,,0.8003965284010591,,,,,
2023-07-16,7.384493147956999,,,0.8001989617943757,,,,,
2023-07-17,7.388569812761375,,,0.7963080691744362,,,,,
2023-07-18,7.383054711449759,,,0.7979730042526118,,,,,
2023-07-19,7.384749823196525,,,0.8015496373200237,,,,,
2023-07-20,7.3906432213217075,,,0.8001454325865919,,,,,
2023-07-21,7.36585226325823,,,0.8006641263508767,,,,,
2023-07-22,7.364493595803348,,,0.8006670308134385,,,,,
2023-07-23,7.346971712976233,,,0.8024213535845864,,,,,
2023-07-24,7.35581764292583,,,0.8011027223221538,,,,,
2023-07-25,7.351812042288489,,,0.8023806398803272,,,,,
2023-07-26,7.354818899704924,,,0.8017723499693115,,,,,
2023-07-27,7.352734990486066,,,0.8029507125164013,,,,,
2023-07-28,7.355857040045452,,,0.8000009943734051,,,,,
2023-07-29,7.362682296396676,,,0.798476719129095,,,,,
2023-07-30,7.37111309651209,,,0.7969640378054071,,,,,
2023-07-31,7.380112270113067,,,0.794229629689278,,,,,
2023-08-01,7.376749605886735,,,0.7949671493946557,,,,,
2023-08-02,7.3880545474879185,,,0.7940654277729101,,,,,
2023-08-03,7.383331578525411,,,0.8003712848034317,,,,,
2023-08-04,7.380131884255967,,,0.7998481754210942,,,,,
2023-08-05,7.369494984317834,,,0.802784731481405,,,,,
2023-08-06,7.377548999504661,,,0.8023376444771292,,,,,
2023-08-07,7.367942172279715,,,0.800906846709444,,,,,
2023-08-08,7.372862845828912,,,0.801196720971338,,,,,
2023-08-09,7.373009421917244,,,0.8025890777054578,,,,,
2023-08-10,7.368644536815684,,,0.8071008224553593,,,,,
2023-08-11,7.369004212031234,,,0.8052858856060798,,,,,
2023-08-12,7.3624663343439,,,0.8059165098160679,,,,,
2023-08-13,7.371267292886895,,,0.8043072050830973,,,,,
2023-08-14,7.370330614626316,,,0.8036473658970524,,,,,
2023-08-15,7.373616614823026,,,0.8043358095618284,,,,,
2023-08-16,7.370955839636736,,,0.8044198476812693,,,,,
2023-08-17,7.355971011381614,,,0.8059013386484921,,,,,
2023-08-18,7.347774731702381,,,0.8089713702322597,,,,,
2023-08-19,7.350290038304664,,,0.8035056951855981,,,,,
2023-08-20,7.346924207835779,,,0.8058209108132629,,,,,
2023-08-21,7.349685380953233,,,0.8127848591072077,,,,,
2023-08-22,7.36143492838332,,,0.8117970925909007,,,,,
2023-08-23,7.350407283551395,,,0.8141835603565138,,,,,
2023-08-24,7.351858656561967,,,0.8096317821598557,,,,,
2023-08-25,7.345160717351789,,,0.8153226921027509,,,,,
2023-08-26,7.352199525335218,,,0.8144582607122425,,,,,
2023-08-27,7.352725153427797,,,0.8158416658903165,,,,,
2023-08-28,7.35374095390477,,,0.817465896094256,,,,,
2023-08-29,7.374156267964452,,,0.8148774986225211,,,,,
2023-08-30,7.368828049882651,,,0.8152470748203009,,,,,
2023-08-31,7.367154142488058,,,0.8160291658918246,,,,,
2023-09-01,7.372420408398458,,,0.8173112481627229,,,,,
2023-09-02,7.3705685155087295,,,0.819704419093727,,,,,
2023-09-03,7.372262763678268,,,0.8194548206001627,,,,,
2023-09-04,7.375420261726523,,,0.8163337293351557,,,,,
2023-09-05,7.371058222764431,,,0.8159009930162897,,,,,
2023-09-06,7.369283118353042,,,0.8174246031181662,,,,,
2023-09-07,7.3527269269173985,,,0.8190125660074663,,,,,
2023-09-08,7.355951614488247,,,0.8196316974782866,,,,,
2023-09-09,7.333812153728269,,,0.8198345322051784,,,,,
2023-09-10,7.33631003836761,,,0.819515305411638,,,,,
2023-09-11,7.328898516219436,,,0.8197245890341975,,,,,
2023-09-12,7.324197390279545,,,0.8154017904506411,,,,,
2023-09-13,7.310951699974069,,,0.8196997679814922,,,,,
2023-09-14,7.312169029184794,,,0.8211558964073012,,,,,
2023-09-15,7.310841595884621,,,0.8204612048966435,,,,,
2023-09-16,7.305761557671555,,,0.8184001674133914,,,,,
2023-09-17,7.319985570311855,,,0.817687958092811,,,,,
2023-09-18,7.316972291948643,,,0.8198276047095712,,,,,
2023-09-19,7.315584265489932,,,0.816959268886044,,,,,
2023-09-20,7.310296787105629,,,0.8218412522702235,,,,,
2023-09-21,7.292736178594253,,,0.8253630107822009,,,,,
2023-09-22,7.290636059860278,,,0.824561952555477,,,,,
2023-09-23,7.295048581325633,,,0.8232855154703607,,,,,
2023-09-24,7.293801968270253,,,0.8215855478887366,,,,,
2023-09-25,7.290048018666013,,,0.8209230480393789,,,,,
2023-09-26,7.283599282627853,,,0.8210025405373331,,,,,
2023-09-27,7.283717340298264,,,0.8203293653637077,,,,,
2023-09-28,7.261941531594457,,,0.8209209410600239,,,,,
2023-09-29,7.264305606456367,,,0.8201855649475412,,,,,
2023-09-30,7.269014516962231,,,0.81664509507653,,,,,
2023-10-01,7.268693083141341,,,0.8137202895943746,,,,,
2023-10-02,7.264451386782541,,,0.8125218864458618,,,,,
2023-10-03,7.25713236802982,,,0.8115581594674106,,,,,
2023-10-04,7.245025191466922,,,0.810679836215865,,,,,
2023-10-05,7.242795346301705,,,0.8076525877665155,,,,,
2023-10-06,7.252664000693737,,,0.80451157518772,,,,,
2023-10-07,7.252383119231472,,,0.0269138290680178,,,,,
2023-10-08,7.266034818227937,,,0.0267356315177052,,,,,
2023-10-09,7.274672938085719,,,0.0266245967232865,,,,,
2023-10-10,7.2843191561171485,,,0.0266278959825542,,,,,
2023-10-11,7.285451996268905,,,0.0267572894427999,,,,,
2023-10-12,7.277627891690919,,,0.0267483143515799,,,,,
2023-10-13,7.293068517449249,,,0.0266953490954072,,,,,
2023-10-14,7.308125362408406,,,0.0265996418903778,,,,,
2023-10-15,7.320573080274628,,,0.0265295029794166,,,,,
2023-10-16,7.335941635614127,,,0.0264390366771395,,,,,
2023-10-17,7.33806308882187,,,0.0263902025255295,,,,,
2023-10-18,7.352230240410031,,,0.0263220299476947,,,,,
2023-10-19,7.36180717632325,,,0.026271436454877,,,,,
2023-10-20,7.374936713755595,,,0.0261640794342084,,,,,
2023-10-21,7.384038835949005,,,0.0259172808971709,,,,,
2023-10-22,7.38925788610668,,,0.0259157986928751,,,,,
2023-10-23,7.3977115178630894,,,0.0257094514266105,,,,,
2023-10-24,7.387837056003767,,,0.0256182168013258,,,,,
2023-10-25,7.397069765264265,,,0.0257881534121125,,,,,
2023-10-26,7.393244394337104,,,0.0255414327448477,,,,,
2023-10-27,7.377595955961451,,,0.0254211785828667,,,,,
2023-10-28,7.373452757738896,,,0.0254300956269751,,,,,
2023-10-29,7.382190475774997,,,0.0254906994569304,,,,,
2023-10-30,7.382704231650639,,,0.0254516790420339,,,,,
2023-10-31,7.387397962739871,,,0.0255323951909336,,,,,
2023-11-01,7.387397962739871,,,0.0255323951909336,,,,,
2023-11-02,7.387397962739871,,,0.0255323951909336,,,,,
2023-11-03,7.40788683062499,,,0.0256409324590784,,,,,
2023-11-04,7.400190264492528,,,0.0254000594886984,,,,,
2023-11-05,7.39137228562535,,,0.0255518625306119,,,,,
2023-11-06,7.386790392997078,,,0.0254444610190654,,,,,
2023-11-07,7.362148845606581,,,0.0254136261779418,,,,,
2023-11-08,7.356529412382839,,,0.0254862809696464,,,,,
2023-11-09,7.34997295349378,,,0.0255088096192706,,,,,
2023-11-10,7.33612738656927,,,0.0260676429871271,,,,,
2023-11-11,7.310241638728848,,,0.0255148510251892,,,,,
2023-11-12,7.272137365247191,,,0.0255137086237433,,,,,
2023-11-13,7.2598016068120925,,,0.0255327477912302,,,,,
2023-11-14,7.236044809813748,,,0.0255109038658185,,,,,
2023-11-15,7.21596635125543,,,0.0255551009439798,,,,,
2023-11-16,7.191750625866439,,,0.025636489211207,,,,,
2023-11-17,7.170744424293596,,,0.0256911930730349,,,,,
2023-11-18,7.1568127034444124,,,0.0257542480726463,,,,,
2023-11-19,7.153864822142244,,,0.0256154670735777,,,,,
2023-11-20,7.139817824402285,,,0.0257070885935906,,,,,
2023-11-21,7.139405641389033,,,0.0258895521546425,,,,,
2023-11-22,7.125302595240654,,,0.0259728612697341,,,,,
2023-11-23,7.121668325348472,,,0.0262607016647915,,,,,
2023-11-24,7.099169272058793,,,0.0261950299015355,,,,,
2023-11-25,7.0909491757249405,,,0.0263268650703422,,,,,
2023-11-26,7.091454433490228,,,0.0262463270780478,,,,,
2023-11-27,7.085963306581442,,,0.0264232378863953,,,,,
2023-11-28,7.064594239796472,,,0.0265159334098171,,,,,
2023-11-29,7.041522331022201,,,0.026658150351998,,,,,
2023-11-30,7.022786275608853,,,0.0266507988486739,,,,,
2023-12-01,6.997900511743003,,,0.0267716580732981,,,,,
2023-12-02,6.992817839120969,,,0.0267490439092883,,,,,
2023-12-03,6.977286068513294,,,0.0269419191102145,,,,,
2023-12-04,6.970700192887032,,,0.0272705240842247,,,,,
2023-12-05,6.957186554655348,,,0.0270762939924936,,,,,
2023-12-06,6.920668716871623,,,0.0272814603223565,,,,,
2023-12-07,6.901793688288113,,,0.0270063597884229,,,,,
2023-12-08,6.869042349183776,,,0.0272922636602179,,,,,
2023-12-09,6.845180119254871,,,0.0273725255980334,,,,,
2023-12-10,6.8282491943449655,,,0.027571273287012,,,,,
2023-12-11,6.812939571882934,,,0.027348584703927,,,,,
2023-12-12,6.793580201194352,,,0.0275872783869529,,,,,
2023-12-13,6.774068348759285,,,0.0276397287885034,,,,,
2023-12-14,6.745307286134121,,,0.0280006689382184,,,,,
2023-12-15,6.745307286134121,,,0.0280006689382184,,,,,
2023-12-16,6.745307286134121,,,0.0280006689382184,,,,,
2023-12-17,6.745307286134121,,,0.0280006689382184,,,,,
2023-12-18,6.690353101372208,,,0.0304508314379257,,,,,
2023-12-19,6.664807456392187,,,0.0307485034398868,,,,,
2023-12-20,6.647758757191773,,,0.0313742759970038,,,,,
2023-12-21,6.636081786095119,,,0.032003896680435,,,,,
2023-12-22,6.631112611394377,,,0.033153854175067,,,,,
2023-12-23,6.62255465319287,,,0.0345840952711951,,,,,
2023-12-24,6.609208725820584,,,0.0356963430953923,,,,,
2023-12-25,6.592306399382099,,,0.0368107846455128,,,,,
2023-12-26,6.55321661015698,,,0.0383408469351173,,,,,
2023-12-27,6.54419592528673,,,0.0402064306427352,,,,,
2023-12-28,6.526530427176369,,,0.0424497680706928,,,,,
2023-12-29,6.513545985155908,,,0.0439865743196709,,,,,
2023-12-30,6.496474112903863,,,0.045739862117397,,,,,
2023-12-31,6.478213707614998,,,0.0471268600389798,,,,,
2024-01-01,6.454475159841673,,,0.0483571961822941,,,,,
2024-01-02,6.454475159841673,,,0.0483571961822941,,,,,
2024-01-03,6.454475159841673,,,0.0483571961822941,,,,,
2024-01-04,6.454475159841673,,,0.0483571961822941,,,,,
2024-01-05,6.454475159841673,,,0.0483571961822941,,,,,
2024-01-06,6.520463936463853,,,0.0479713118160649,,,,,
2024-01-07,6.512290470102447,,,0.0453135644992924,,,,,
2024-01-08,6.506610060050409,,,0.0439620434058647,,,,,
2024-01-09,6.506624342814243,,,0.0422768843825904,,,,,
2024-01-10,6.507612546784916,,,0.0404097599953975,,,,,
2024-01-11,6.498665546990792,,,0.0387411407208563,,,,,
2024-01-12,6.498671896732014,,,0.0366179057901394,,,,,
2024-01-13,6.495145935748334,,,0.0371919538431306,,,,,
2024-01-14,6.495145935748334,,,0.0371919538431306,,,,,
2024-01-15,6.431188083175677,,,0.060348030148894,,,,,
2024-01-16,6.437257914727436,,,0.0614735081852098,,,,,
2024-01-17,6.438017999862264,,,0.0623947686389692,,,,,
2024-01-18,6.4574717407115765,,,0.0632058086536417,,,,,
2024-01-19,6.4574717407115765,,,0.0632058086536417,,,,,
2024-01-20,6.4574717407115765,,,0.0632058086536417,,,,,
2024-01-21,6.4574717407115765,,,0.0632058086536417,,,,,
2024-01-22,6.4574717407115765,,,0.0632058086536417,,,,,
2024-01-23,6.4574717407115765,,,0.0632058086536417,,,,,
2024-01-24,6.4574717407115765,,,0.0632058086536417,,,,,
2024-01-25,6.482008296976972,,,0.0672985040500367,,,,,
2024-01-26,6.501479449800074,,,0.0666409846711562,,,,,
2024-01-27,6.527051737830772,,,0.0668537924610643,,,,,
2024-01-28,6.548050159740063,,,0.0663965675434324,,,,,
2024-01-29,6.42039916395918,,,0.0389090569401565,,,,,
2024-01-30,6.414840955086419,,,0.0378661559513812,,,,,
2024-01-31,6.411048653107905,,,0.0378304093132246,,,,,
2024-02-01,6.403850788293794,,,0.0380916148022537,,,,,
2024-02-02,6.403864617967393,,,0.0381532225388505,,,,,
2024-02-03,6.398315438370057,,,0.0378805255904879,,,,,
2024-02-04,6.398325424878792,,,0.037458881955332,,,,,
2024-02-05,6.392779178564563,,,0.0370563973370029,,,,,
2024-02-06,6.392788268481862,,,0.0364899092639124,,,,,
2024-02-07,6.379290413036687,,,0.0371688251661587,,,,,
2024-02-08,6.379348722424992,,,0.0374228714352019,,,,,
2024-02-09,6.373258854440106,,,0.0373901040684854,,,,,
2024-02-10,6.373256367301734,,,0.037459827259216,,,,,
2024-02-11,6.365218478600357,,,0.0370577723379375,,,,,
2024-02-12,6.365236751158266,,,0.0367092113652313,,,,,
2024-02-13,6.3596781716450055,,,0.0363489692290108,,,,,
2024-02-14,6.359704455484287,,,0.0357205522089905,,,,,
2024-02-15,6.316737334298865,,,0.03521868588867,,,,,
2024-02-16,6.311567871244063,,,0.0340885428483582,,,,,
2024-02-17,6.310075807302138,,,0.033063894713832,,,,,
2024-02-18,6.304644791190388,,,0.0322687214162906,,,,,
2024-02-19,6.304650957840501,,,0.0315791242664792,,,,,
2024-02-20,6.299172017651049,,,0.0312704826812863,,,,,
2024-02-21,6.299185065196711,,,0.0307273347593637,,,,,
2024-02-22,6.293683064186073,,,0.0299700666505139,,,,,
2024-02-23,6.29368815663411,,,0.0299094193519038,,,,,
2024-02-24,6.288208475603804,,,0.0294464459453188,,,,,
2024-02-25,6.288213416054924,,,0.0282648994285608,,,,,
2024-02-26,6.282757503996739,,,0.0276907942523454,,,,,
2024-02-27,6.2668448747745575,,,0.0265721190202736,,,,,
2024-02-28,6.259175672306407,,,0.0262031914685015,,,,,
2024-02-29,6.259842060267286,,,0.0243679443577528,,,,,
2024-03-01,6.252245201165859,,,0.024122246906762,,,,,
2024-03-02,6.252260518376166,,,0.0233488618133974,,,,,
2024-03-03,6.246827420108358,,,0.022276237923573,,,,,
2024-03-04,6.2556868167687405,,,0.0216593242263894,,,,,
2024-03-05,6.250246992444744,,,0.0209995058500102,,,,,
2024-03-06,6.249593431335378,,,0.0213712861641309,,,,,
2024-03-07,6.236646256995428,,,0.0214712157697695,,,,,
2024-03-08,6.236683113761512,,,0.0215693061670053,,,,,
2024-03-09,6.231288516561471,,,0.0213254034958784,,,,,
2024-03-10,6.23130561130456,,,0.0215830884545298,,,,,
2024-03-11,6.228808694358499,,,0.0219825494388619,,,,,
2024-03-12,6.22339898651985,,,0.0224093674063743,,,,,
2024-03-13,6.223380929582213,,,0.0235086971936052,,,,,
2024-03-14,6.21878288622669,,,0.0238421031339175,,,,,
2024-03-15,6.218447332001865,,,0.0267918654230436,,,,,
2024-03-16,6.212100587516433,,,0.0292983808752543,,,,,
2024-03-17,6.212152840622903,,,0.0325808464196679,,,,,
2024-03-18,6.206815895206522,,,0.0358619044351543,,,,,
2024-03-19,6.206776471163593,,,0.0406717173027251,,,,,
2024-03-20,6.201385583482368,,,0.0427953784928741,,,,,
2024-03-21,6.201701608540635,,,0.0481442631898788,,,,,
2024-03-22,6.196311540661122,,,0.0519517943424289,,,,,
2024-03-23,6.196410341429964,,,0.0535906788438285,,,,,
2024-03-24,6.19103973260654,,,0.0541535616376662,,,,,
2024-03-25,6.190945572893246,,,0.0564053775058449,,,,,
2024-03-26,6.185510336612963,,,0.0580407016810354,,,,,
2024-03-27,6.1855490392915735,,,0.0597893327458288,,,,,
2024-03-28,6.185574432105104,,,0.0616938802965521,,,,,
2024-03-29,6.180215688315935,,,0.0635478085756465,,,,,
2024-03-30,6.1800862123090505,,,0.0661240078440572,,,,,
2024-03-31,6.174003990007431,,,0.0683656407468377,,,,,
2024-04-01,6.1720785534064095,,,0.0705953674886889,,,,,
2024-04-02,6.166677461045865,,,0.072308029378742,,,,,
2024-04-03,6.166710049735212,,,0.0746410124171034,,,,,
2024-04-04,6.1613497571938405,,,0.0775515422079907,,,,,
2024-04-05,6.161397276498954,,,0.0773183245294502,,,,,
2024-04-06,6.16143520753498,,,0.0792216849568703,,,,,
2024-04-07,6.1485020422093575,,,0.0800637410099867,,,,,
2024-04-08,6.148552813198876,,,0.0812604356686745,,,,,
2024-04-09,6.148535995396276,,,0.0827268873523457,,,,,
2024-04-10,6.148535995396276,,,0.0827268873523457,,,,,
2024-04-11,6.14085331365966,,,0.0850951047874668,,,,,
2024-04-12,6.135567728065692,,,0.0823804484009686,,,,,
2024-04-13,6.128744592783994,,,0.0869947077051107,,,,,
2024-04-14,6.123437438578873,,,0.0828930362053316,,,,,
2024-04-15,6.123006332678641,,,0.0825235879798142,,,,,
2024-04-16,6.117582090651917,,,0.0801108744782374,,,,,
2024-04-17,6.117779185795742,,,0.076571285859573,,,,,
2024-04-18,6.117831494752173,,,0.0735118946231084,,,,,
2024-04-19,6.112548976153339,,,0.0724082903072565,,,,,
2024-04-20,6.112571361560897,,,0.0678807102800173,,,,,
2024-04-21,6.107256036401938,,,0.0626939588788845,,,,,
2024-04-22,6.1073120644929695,,,0.0612708700105775,,,,,
2024-04-23,6.107186582316419,,,0.060457601740858,,,,,
2024-04-24,6.101921076692573,,,0.0607246185165108,,,,,
2024-04-25,6.101936586873802,,,0.0597560588594576,,,,,
2024-04-26,6.096673826631028,,,0.0680171174300286,,,,,
2024-04-27,6.096683984685951,,,0.0672707611173865,,,,,
2024-04-28,6.091140256027167,,,0.0656396218149116,,,,,
2024-04-29,6.091173213075591,,,0.0633508377491361,,,,,
2024-04-30,6.085282757080584,,,0.0598904678950397,,,,,
