date,inflationrate,feerevenue,totalsupply,circulatingsupply,riskreward,stakedtokens,realrewardrate,rewardrate1,marketcap,price
2022-01-01,,,101854154609.94644,69328940658.08644,,20948964319.0,5.155303378186771,7.065378518356565,7747109994.0,0.076022
2022-01-02,,,101853926323.4523,69328712371.59232,,21273023818.0,5.04959803937528,6.957757390153957,7913824014.0,0.077771
2022-01-03,,,101853002601.03056,69327788649.17056,,21014727161.0,5.1335772130212565,7.043279311509662,7842224715.0,0.07699
2022-01-04,,,101851578105.95596,69326364154.09596,,21001768952.0,5.137820962343831,7.047626856698461,7820742053.0,0.076634
2022-01-05,,,101850077221.03636,69324863269.17636,,21000223813.0,5.138301522552613,7.048144289624253,7892813430.0,0.07772
2022-01-06,,,101848631685.69003,69323417733.83005,,20998150122.0,5.138950463317049,7.048832124954756,7257586407.0,0.071272
2022-01-07,,,101847509505.3074,69322295553.4474,,21005925028.0,5.136365556956024,7.046221305985867,6974401226.0,0.0684
2022-01-08,,,101846788186.74773,69321574234.88773,,20989294604.0,5.141837087352186,7.051805756564754,6770384101.0,0.066532
2022-01-09,,,101845347402.6808,69320133450.8208,,20998058833.0,5.138915165108315,7.048857774897957,6788884989.0,0.066767
2022-01-10,,,101842518658.6874,69317304706.82741,,21015943609.0,5.13297997592066,7.042867814619972,6460791582.0,0.063489
2022-01-11,,,101840641916.39883,69315427964.53885,,21024071653.0,5.130263528130308,7.040137213687396,6607899222.0,0.064965
2022-01-12,,,101838525734.12112,69313311782.26112,,21055848350.0,5.119789306851552,7.029512392804772,6920841302.0,0.067951
2022-01-13,,,101833757648.8511,69308543696.99112,,21070709710.0,5.114819209461663,7.02454141638908,6811551484.0,0.066967
2022-01-14,,,101831704524.63129,69306490572.77129,,21078236362.0,5.11232099129173,7.022036313462546,6955459569.0,0.068303
2022-01-15,,,101829981804.86978,69304767853.0098,,21081909287.0,5.111087719929608,7.020812943058391,7003725409.0,0.068678
2022-01-16,,,101828754962.49974,69303541010.63976,,21078344507.0,5.1122347425255565,7.0220038142888725,7107279316.0,0.069886
2022-01-17,,,101826230275.98518,69301016324.1252,,21072306121.0,5.114167347208065,7.024018884005416,7143764102.0,0.070198
2022-01-18,,,101823730199.20483,69298516247.34485,,21101451048.0,5.1045936896289446,7.014318167992832,7000879885.0,0.068803
2022-01-19,,,101821214026.5625,69296000074.70251,,21100464939.0,5.10486930366425,7.01464598248133,7025979037.0,0.069012
2022-01-20,,,101818332729.59056,69293118777.73056,,21129433667.0,5.095370662490573,7.005028787842647,7051919813.0,0.06914
2022-01-21,,,101815696695.8231,69290482743.96312,,21142765953.0,5.090983237573221,7.000611079735368,6148862348.0,0.060733
2022-01-22,,,101812550414.88107,69287336463.02109,,21119390881.0,5.098535065486387,7.008359150181183,5827562711.0,0.05719
2022-01-23,,,101811520376.44136,69286306424.58136,,21111488971.0,5.101093801898249,7.010983705678502,5736661942.0,0.056374
2022-01-24,,,101809546359.5693,69284332407.70932,,21127729302.0,5.095768769857534,7.005598937090478,5594756605.0,0.054959
2022-01-25,,,101807601851.38435,69282387899.52437,,21129378330.0,5.095195941971031,7.0050521768542025,5664549509.0,0.05563
2022-01-26,,,101805502009.46382,69280288057.60384,,20246793872.0,5.395074585051374,7.310419909038418,5827072284.0,0.056642
2022-01-27,,,101804361104.55444,69279147152.69444,,20253562456.0,5.392656160323073,7.307978998733826,5654767513.0,0.055362
2022-01-28,,,101802947013.72926,69277733061.86928,,20273873713.0,5.385442448077127,7.300660793096999,5865185699.0,0.057675
2022-01-29,,,101802077438.32614,69276863486.46616,,20270020619.0,5.386788909961071,7.302048084526391,6082711499.0,0.059826
2022-01-30,,,101801621887.84377,69276407935.98376,,20282841029.0,5.382247790659922,7.297433006854756,5973221517.0,0.058588
2022-01-31,,,101801236091.0556,69276022139.1956,,20284067436.0,5.381808954605472,7.296993453485269,6000652219.0,0.058904
2022-02-01,,,101801183836.59396,69275969884.73396,,20847395885.0,5.188140400895702,7.099806193756841,6149698196.0,0.060336
2022-02-02,,,101800969740.6448,69275755788.7848,,20945072260.0,5.155617054606854,7.06669579457914,6053188142.0,0.05936
2022-02-03,,,101800816051.20377,69275602099.34377,,20980835404.0,5.143791670717834,7.054658383194838,6063773953.0,0.059592
2022-02-04,,,101799878576.80406,69274664624.94408,,21041116388.0,5.123922335878439,7.034445540026139,6488454387.0,0.06382
2022-02-05,,,101799021993.89607,69273808042.03609,,21042079357.0,5.123591226040802,7.03412448854862,6638063190.0,0.065191
2022-02-06,,,101798022894.67488,69272808942.81488,,21494825119.0,4.978052698572655,6.885959645202609,6690302437.0,0.065755
2022-02-07,,,101796085642.1488,69270871690.2888,,21611965312.0,4.9413596412970495,6.8486360119325465,6982349258.0,0.068647
2022-02-08,,,101794024566.52774,69268810614.66776,,21635790451.0,4.933906168678992,6.841085689638164,6926318541.0,0.06802
2022-02-09,,,101791851007.03674,69266637055.17676,,21625420344.0,4.937088918868304,6.84436701169093,7088118774.0,0.069762
2022-02-10,,,101789716085.731,69264502133.871,,21588264639.0,4.94861974703853,6.856147425113719,7060459949.0,0.069474
2022-02-11,,,101786923186.18814,69261709234.32816,,21621582081.0,4.938190139349019,6.845580585562283,6540426702.0,0.064166
2022-02-12,,,101786385923.58836,69261171971.72836,,21619433071.0,4.938848581509925,6.8462610636870185,6433835196.0,0.06323
2022-02-13,,,101786385923.58836,69261171971.72836,,21619433071.0,4.938848581509925,6.8462610636870185,6555897277.0,0.064419
2022-02-14,,,101786385923.58836,69261171971.72836,,21619433071.0,4.938848581509925,6.8462610636870185,6574701474.0,0.064669
2022-02-15,,,101786385923.58836,69261171971.72836,,21619433071.0,4.938848581509925,6.8462610636870185,6751551747.0,0.06634
2022-02-16,,,101786385923.58836,69261171971.72836,,21619433071.0,4.938848581509925,6.8462610636870185,6761878209.0,0.066442
2022-02-17,,,101775346566.8182,69250132614.9582,,21666439965.0,4.924056007710487,6.831406477705839,6390836429.0,0.062799
2022-02-18,,,101773367883.50508,69248153931.64508,,21663196555.0,4.92502408878297,6.832429240089004,6432289096.0,0.06301
2022-02-19,,,101771522962.25166,69246309010.39168,,21676807390.0,4.920776587865494,6.828139101113383,6432834341.0,0.063183
2022-02-20,,,101769663002.692,69244449050.832,,22122130752.0,4.7857412741668215,6.690683784931196,6328433355.0,0.062182
2022-02-21,,,101767208987.47882,69241995035.61884,,22097576748.0,4.792997874702731,6.698118245132031,6169191730.0,0.060844
2022-02-22,,,101763742179.96518,69238528228.1052,,22095564881.0,4.793533153893725,6.698728158096339,6370991040.0,0.062665
2022-02-23,,,101760221217.9524,69235007266.0924,,22115097393.0,4.7876574983566345,6.6928115975617954,6303838470.0,0.061932
2022-02-24,,,101757197681.40454,69231983729.54456,,22126859099.0,4.7841085034462605,6.6892546844388265,6186365424.0,0.06083
2022-02-25,,,101752460849.567,69227246897.707,,22159880124.0,4.774231351838321,6.67928663105331,5936448742.0,0.058347
2022-02-26,,,101747779881.69342,69222565929.83344,,22155908480.0,4.775321975158908,6.680484728737516,6063957607.0,0.059619
2022-02-27,,,101744624448.78018,69219410496.9202,,22142866905.0,4.779128422888768,6.684419477768043,5923470261.0,0.058241
2022-02-28,,,101740576241.53648,69215362289.67648,,22117259030.0,4.786656544688506,6.69216030606663,6138523232.0,0.060288
2022-03-01,,,101737290270.5679,69212076318.70792,,22054822450.0,4.805198786399911,6.711101287058785,6272443927.0,0.061685
2022-03-02,,,101734245153.34483,69209031201.48485,,22056954327.0,4.8045058050044,6.710452750903972,6303287512.0,0.061815
2022-03-03,,,101731570393.90794,69206356442.04796,,22041818250.0,4.808981395429535,6.715059847144686,6076639224.0,0.05972
2022-03-04,,,101729340861.9606,69204126910.1006,,22044321400.0,4.808191108372539,6.7142969616554025,5919528509.0,0.058123
2022-03-05,,,101727509311.33649,69202295359.47649,,22053753609.0,4.805336915370262,6.711425178059659,6134373269.0,0.060295
2022-03-06,,,101725835552.00758,69200621600.1476,,22061412722.0,4.80301661760989,6.709094042563583,6088648729.0,0.059847
2022-03-07,,,101723760865.96458,69198546914.1046,,22600108266.0,4.645919456399472,6.549178534602633,5965005573.0,0.058724
2022-03-08,,,101721934634.14244,69196720682.28244,,22602875562.0,4.645099638677608,6.548377975634531,6135840471.0,0.060286
2022-03-09,,,101720222990.92482,69195009039.06483,,23955945417.0,4.281799197734459,6.178501764876202,6175431826.0,0.060628
2022-03-10,,,101718787571.53352,69193573619.67352,,23991696428.0,4.272733755219837,6.169298201168462,6077151104.0,0.059745
2022-03-11,,,101717644494.25256,69192430542.39256,,23997257659.0,4.271310040316689,6.16786990385195,6148132583.0,0.060449
2022-03-12,,,101716598474.1869,69191384522.32692,,24007878297.0,4.26861143743531,6.165141719978408,6074449099.0,0.059747
2022-03-13,,,101716045167.88974,69190831216.02975,,23999654473.0,4.270674232317484,6.167252351597242,6089018090.0,0.059879
2022-03-14,,,101714720210.8952,69189506259.0352,,23991618164.0,4.272682633761127,6.169321989527463,6100558919.0,0.059957
2022-03-15,,,101713412706.73589,69188198754.87589,,24000635683.0,4.270377891206856,6.166999705844383,6155427035.0,0.060658
2022-03-16,,,101712228639.9038,69187014688.04381,,23991819189.0,4.2725830154430655,6.1692670197887285,6207998440.0,0.060822
2022-03-17,,,101711086415.5193,69185872463.65932,,23996807712.0,4.271303744142085,6.167985778628876,6188457108.0,0.060847
2022-03-18,,,101709822243.73756,69184608291.87756,,24009441687.0,4.268089292090438,6.164736429609261,6241170814.0,0.061375
2022-03-19,,,101708754427.54684,69183540475.68684,,24004522750.0,4.269309075734529,6.165998313925044,6299858861.0,0.061767
2022-03-20,,,101708116440.0872,69182902488.2272,,28500464462.0,3.3139760113081174,5.19329924996546,6240537658.0,0.061357
2022-03-21,,,101706867701.3733,69181653749.51332,,28991286163.0,3.2275992626694228,5.105374327844119,6286012995.0,0.061727
2022-03-22,,,101705363128.96349,69180149177.10349,,29006406657.0,3.224957061662237,5.102711841583181,6431673400.0,0.063211
2022-03-23,,,101704021054.93729,69178807103.07729,,28016975975.0,3.401920418093063,5.28291914168364,6479509774.0,0.063717
2022-03-24,,,101702391242.60324,69177177290.74324,,27992821643.0,3.406370090583022,5.2874799036663225,6659193249.0,0.065562
2022-03-25,,,101700621480.7821,69175407528.92212,,27995651541.0,3.405813148047332,5.286945563849885,6561682235.0,0.064499
2022-03-26,,,101699593152.5576,69174379200.6976,,28032891342.0,3.3988954717647517,5.279921062613625,6621246054.0,0.065121
2022-03-27,,,101698688694.82253,69173474742.96252,,28003998127.0,3.4042293701677773,5.285368724697692,6996638064.0,0.068757
2022-03-28,,,101696337208.41856,69171123256.55856,,27937827234.0,3.4164818861007973,5.297887641577701,7139384821.0,0.070239
2022-03-29,,,101693882920.56564,69168668968.70564,,27953257676.0,3.413566081553654,5.294964195927315,7002850902.0,0.068808
2022-03-30,,,101691582517.82498,69166368565.965,,28036131668.0,3.398151930287896,5.27931216918901,7312074207.0,0.071864
2022-03-31,,,101688945162.39397,69163731210.53397,,28050398617.0,3.395465262640962,5.276625409618873,7602388821.0,0.074713
2022-04-01,,,101686676141.63647,69161462189.77649,,28137765140.0,3.379332575041394,5.260241175910791,7586464869.0,0.074622
2022-04-02,,,101684852519.55511,69159638567.69513,,28134371167.0,3.3799237977391483,5.260876887974984,7512774260.0,0.073931
2022-04-03,,,101683250787.8362,69158036835.97623,,29694881427.0,3.108362619648708,4.984404322726656,7424085887.0,0.073144
2022-04-04,,,101680537488.71866,69155323536.85867,,29675594950.0,3.1114959315586166,4.9876447076372825,7184000792.0,0.070612
2022-04-05,,,101678273953.09282,69153060001.23283,,30019127827.0,3.055392901134213,4.930562607089411,7119641889.0,0.069991
2022-04-06,,,101675958084.91502,69150744133.05504,,30013098372.0,3.0563315731589213,4.93156106998644,6533444088.0,0.064285
2022-04-07,,,101672450722.86882,69147236771.00883,,30017501833.0,3.055557516060059,4.9308376167247,6523850649.0,0.064137
2022-04-08,,,101669617585.54332,69144403633.68335,,30013135258.0,3.056210819584249,4.931555065381021,6427311215.0,0.063239
2022-04-09,,,101667516194.9434,69142302243.0834,,29991532246.0,3.059664609602142,4.935110468278951,6450488585.0,0.063582
2022-04-10,,,101665894813.51875,69140680861.65877,,29968723738.0,3.0633241675581013,4.938866532593862,6454127706.0,0.063496
2022-04-11,,,101663362712.209,69138148760.34901,,29987880683.0,3.0601808856756563,4.935712761579482,5910406588.0,0.058073
2022-04-12,,,101660581737.7918,69135367785.93181,,29977265315.0,3.0618425334427046,4.937455955610564,6073328274.0,0.059694
2022-04-13,,,101658310780.6193,69133096828.75931,,29967659360.0,3.063355729669892,4.9390385905332765,6241881019.0,0.061452
2022-04-14,,,101656693221.74068,69131479269.8807,,29928497033.0,3.069673213600521,4.945500896017516,6117070181.0,0.060208
2022-04-15,,,101653652997.85744,69128439045.99747,,30003307004.0,3.0575116054500477,4.9331740463781175,6304499444.0,0.062036
2022-04-16,,,101651052738.48463,69125838786.62466,,30004857871.0,3.057214053797508,4.932919059016299,6319010435.0,0.062161
2022-04-17,,,101648999066.50468,69123785114.6447,,29984548210.0,3.060462852243062,4.936264884721251,6243616761.0,0.061522
2022-04-18,,,101646612771.79083,69121398819.93086,,30339636052.0,3.003679410849025,4.87849194149198,6244872811.0,0.06136
2022-04-19,,,101643995668.45148,69118781716.5915,,30350860063.0,3.001855630146788,4.876683236736984,6434850418.0,0.06322
2022-04-20,,,101640330043.99931,69115116092.13934,,30358755684.0,3.000543600144101,4.875414939488105,6358808712.0,0.062586
2022-04-21,,,101637280178.63857,69112066226.77858,,28487373707.0,3.315042323441708,5.19569476954196,7326395431.0,0.072343
2022-04-22,,,101634427209.4328,69109213257.57281,,28502181467.0,3.312339131451192,5.192995161332891,6858026379.0,0.067669
2022-04-23,,,101632735088.83672,69107521136.97675,,30411669406.0,2.9920739280094866,4.8669311943456535,6962681499.0,0.068546
2022-04-24,,,101631129247.35751,69105915295.49754,,30459443296.0,2.984547627321321,4.859297507505251,6722875191.0,0.066222
2022-04-25,,,101627955824.6142,69102741872.75423,,30720191648.0,2.943981525129513,4.818051450099304,6577591941.0,0.064707
2022-04-26,,,101624897468.24016,69099683516.38019,,30716597621.0,2.9444798975143627,4.818615294808463,6374787884.0,0.062737
2022-04-27,,,101621994181.06084,69096780229.20087,,30653367463.0,2.954189142899466,4.828554848063643,6411906409.0,0.063132
2022-04-28,,,101618989532.462,69093775580.60202,,30638402460.0,2.956450988334103,4.830913294315738,6454556890.0,0.063471
2022-04-29,,,101615714763.73544,69090500811.87546,,30628000593.0,2.957999562492364,4.832550471564671,6426959654.0,0.063217
2022-04-30,,,101612970757.09984,69087756805.23987,,30628118635.0,2.957931975957795,4.832532275746526,6504416377.0,0.064052
2022-05-01,,,101610558031.36607,69085344079.5061,,30728502488.0,2.942382256161391,4.816743940718796,7123842543.0,0.070289
2022-05-02,,,101607994639.9946,69082780688.13463,,30699113280.0,2.9468701409165243,4.821360829220692,6858936478.0,0.067517
2022-05-03,,,101605896407.89449,69080682456.0345,,30720508093.0,2.9435328381145265,4.818001467980641,7122404094.0,0.070208
2022-05-04,,,101603073987.26,69077860035.40002,,30711814668.0,2.9448172143245577,4.819361302328233,8429445179.0,0.083118
2022-05-05,,,101599268731.8272,69074054779.96722,,30678147790.0,2.949942375857684,4.82465000088435,7509499997.0,0.074
2022-05-06,,,101596029785.907,69070815834.04703,,30625482457.0,2.9580321742204374,4.832946885190199,8666432006.0,0.08524
2022-05-07,,,98905216171.4526,69068002695.58762,,30620139638.0,2.9087883903527567,4.833790849030952,8230725836.0,0.083164
2022-05-08,,,98553048938.31352,69065835462.44855,,30637408716.0,2.8993619943867843,4.831066253857829,8602037840.0,0.086963
2022-05-09,,,98388997485.2368,69061784009.37183,,30589391957.0,2.903648278384674,4.838654014688831,7435383186.0,0.075746
2022-05-10,,,98194963562.7698,69057750086.90482,,30613016356.0,2.8962300245703787,4.8349195766198,7442771554.0,0.076301
2022-05-11,,,98190003572.50925,69052794096.64432,,30415324675.0,2.926978970333716,4.866345830379764,6981355680.0,0.074004
2022-05-12,,,98184309264.6818,69047103788.81688,,30025082559.0,2.9889497752026983,4.929596842673377,6559969328.0,0.066855
2022-05-13,,,98179653032.47578,69042447574.51088,,30038930300.0,2.986628963218929,4.927324333380739,7077051769.0,0.072081
2022-05-14,,,98176525161.73209,69039319703.76715,,29935059398.0,3.003349530628552,4.944421825585982,7090755416.0,0.072147
2022-05-15,,,97973760744.95346,69036555285.98856,,29899845112.0,3.005122336317445,4.950245310537308,7090799268.0,0.072291
2022-05-16,,,97770450176.69586,69033244735.43095,,29904633708.0,3.000373540513745,4.949451475075984,6855836299.0,0.070184
2022-05-17,,,97652942358.63171,69030597512.36679,,29917777034.0,2.9959378072355047,4.947277069379174,7107274122.0,0.072762
2022-05-18,,,97560439846.68562,69028326195.42072,,29882818436.0,2.99980022178068,4.953062903734296,6968497575.0,0.071557
2022-05-19,,,97348199900.6416,69026161386.37767,,29733075466.0,3.02009986170424,4.978006871692119,7184445515.0,0.073779
2022-05-20,,,97145960009.8645,69023921994.0344,,29730257068.0,3.016562208899365,4.978477845139059,6942131094.0,0.07161
2022-05-21,,,96753110517.19984,69022555524.36972,,29725374075.0,3.0095481399178947,4.979295676807669,7161259247.0,0.073946
2022-05-22,,,95652120605.79762,69021565606.96751,,29715572095.0,2.9889191626625067,4.980940186373721,7446958294.0,0.078085
2022-05-23,,,95149558582.09486,69019003581.26476,,29729431014.0,2.9763206798367303,4.978618214837901,7615839929.0,0.079806
2022-05-24,,,94634176924.60136,69016422754.37671,,29723161314.0,2.966654975496419,4.9796681400912455,7680257418.0,0.081083
2022-05-25,,,94613248936.69196,69013924551.99731,,29715719480.0,2.9674414300041585,4.980915241966903,8054951566.0,0.085056
2022-05-26,,,94260300189.12788,69010975803.43323,,30652530299.0,2.810747145997383,4.828684672632894,7722216300.0,0.082021
2022-05-27,,,93957744994.05437,69008420606.35971,,30648801289.0,2.80495075511904,4.829272146221294,7464073089.0,0.079401
2022-05-28,,,93956325949.8472,69007001562.15256,,30617526069.0,2.8097628339114555,4.83420955437437,7625605621.0,0.081081
2022-05-29,,,93955259597.55272,69005935209.86807,,30629760496.0,2.807846569417771,4.832278532531972,7546268081.0,0.080322
2022-05-30,,,93952550311.18369,69003225923.69904,,34374483247.0,2.2915223073708857,4.305845200063447,7852144283.0,0.083666
2022-05-31,,,93949930169.9718,69000605782.48715,,34395780577.0,2.288855254744293,4.303181803262526,7710395083.0,0.082039
2022-06-01,,,93226513946.39604,68998538679.8114,,36286421685.0,2.0536805887886533,4.078970724703238,7836462180.0,0.08435
2022-06-02,,,93224647910.09007,68996672643.50543,,38257366022.0,1.8475865037579808,3.868827089648781,7857673664.0,0.084505
2022-06-03,,,93223205142.4518,68995229875.86716,,38368976098.0,1.836520781987549,3.857573038758974,7654060680.0,0.082159
2022-06-04,,,93222428424.5357,68994453157.95107,,40270009637.0,1.657940740274544,3.675465698989144,7527235643.0,0.08071
2022-06-05,,,93221771186.2348,68993795919.65015,,40309268367.0,1.6544168937316472,3.6718861410385535,7652734335.0,0.082025
2022-06-06,,,93219666446.56725,68991691179.98259,,40261002845.0,1.6586863151431652,3.6762858477836535,7636632455.0,0.082024
2022-06-07,,,92796464932.43582,68989822870.85118,,40204595436.0,1.6547216929385875,3.6814435146945663,7654848993.0,0.082542
2022-06-08,,,92794576572.73643,68987934536.35182,,40238663083.0,1.651623402068525,3.678324694551456,7543909294.0,0.081346
2022-06-09,,,92792740274.4483,68986098257.81674,,40296441611.0,1.6464129655111792,3.6730504786180886,7541236095.0,0.081197
2022-06-10,,,92790549688.28883,68983907679.0647,,40268031844.0,1.6489068284860853,3.675641910257175,7385073288.0,0.07934
2022-06-11,,,92539091317.34738,68982449308.35779,,40280582244.0,1.6423860156851822,3.674498017208494,7062109602.0,0.076243
2022-06-12,,,92537729535.43414,68981087526.44455,,40278463732.0,1.6425458218059408,3.674690922828746,7078979217.0,0.07648
2022-06-13,,,92533988517.7617,68977346508.77211,,39982591689.0,1.6691222920760307,3.701880916175873,5892372006.0,0.063515
2022-06-14,,,92530605123.28754,68973963114.29794,,39848359398.0,1.681275144054606,3.714351087612929,5057241166.0,0.054742
2022-06-15,,,92527169355.49828,68970527346.5087,,39893862400.0,1.677045618499018,3.710112484517007,5858796208.0,0.063051
2022-06-16,,,92526959268.0606,68970317259.07101,,39824614800.0,1.683365898345568,3.716563756968732,5632402618.0,0.060667
2022-06-17,,,92522512912.6912,68965870903.7016,,39804282062.0,1.6851299795768382,3.71846082278328,5580111187.0,0.060395
2022-06-18,,,92520669007.94415,68964026998.95456,,39715485742.0,1.6932411328447472,3.72677469627132,5659367732.0,0.061138
2022-06-19,,,92517185956.60838,68960543947.61879,,40094152409.0,1.6586599929377055,3.691578577865623,5686375660.0,0.061493
2022-06-20,,,92512711448.71968,68956069439.73007,,40096778235.0,1.6583265280274206,3.691336769147015,5606110374.0,0.060695
2022-06-21,,,92509331583.0792,68952689574.0896,,40089646183.0,1.6588995931223538,3.69199557192842,6023598508.0,0.06508
2022-06-22,,,92507173447.50224,68950531468.51263,,40061920164.0,1.6613583094127415,3.694550892589548,5869073940.0,0.063456
2022-06-23,,,92505106934.4175,68948464955.4279,,40083573348.0,1.659357088934632,3.6925550678923336,5835337493.0,0.063094
2022-06-24,,,92502664349.6094,68946022370.61983,,40076196765.0,1.65997049744262,3.6932344326948767,6153432120.0,0.066557
2022-06-25,,,92500913634.20538,68944271655.21579,,41987175046.0,1.495137981284289,3.525143581693397,6010618814.0,0.064979
2022-06-26,,,92499807955.46278,68943165976.47319,,42965831529.0,1.4163935723104035,3.444848451209153,6072496545.0,0.065606
2022-06-27,,,92496966518.6894,68940324539.69983,,42579739179.0,1.4469555605383322,3.4760840488527687,6256791653.0,0.067691
2022-06-28,,,92494287974.93756,68937645995.94795,,42416442300.0,1.4600180040002186,3.4894665347030056,6208361318.0,0.067132
2022-06-29,,,92492793375.1396,68936151396.15002,,42380453626.0,1.4628904847449054,3.492429267067889,6036546933.0,0.065333
2022-06-30,,,92491042304.5268,68934400325.53722,,43123756403.0,1.403837094849414,3.432233047371005,5850283889.0,0.063235
2022-07-01,,,92489477244.60667,68932835265.6171,,42340769540.0,1.46603007480397,3.4957044272387336,6029306675.0,0.065089
2022-07-02,,,92488632095.89355,68931990116.90398,,42322862553.0,1.4674623573541323,3.497183907587177,6027576606.0,0.065163
2022-07-03,,,92488454945.5086,68931812966.51903,,42299796622.0,1.469328051091301,3.4990908098008715,6093685673.0,0.065928
2022-07-04,,,92486902162.82166,68930260183.83206,,42290257417.0,1.470068502431121,3.499880151289524,6202952248.0,0.067102
2022-07-05,,,92485550226.05688,68928908247.0673,,42217239153.0,1.4759741028973703,3.5059335607843902,6347232554.0,0.068567
2022-07-06,,,92484136450.87148,68927494471.8819,,42362288869.0,1.4641745574784926,3.4939290010240343,6253896842.0,0.067801
2022-07-07,,,92482866299.15137,68926224320.16179,,42332644952.0,1.4665459359703314,3.4963756952168445,6336362571.0,0.068522
2022-07-08,,,92481578957.6545,68924936978.66492,,42365773757.0,1.4638367477658454,3.493640564358992,6411270566.0,0.069379
2022-07-09,,,92481129049.78876,68924487070.7992,,42293404922.0,1.4696895726119985,3.4996203513898307,6488213404.0,0.070135
2022-07-10,,,92481087677.84148,68924445698.85191,,42301761727.0,1.4690108970540685,3.498929006824622,6274548707.0,0.067356
2022-07-11,,,92479659593.03624,68923017614.04666,,42280191928.0,1.4707302210964723,3.500714073292214,6024107457.0,0.065192
2022-07-12,,,92477875047.10396,68921233068.11438,,42113382478.0,1.4842862087929731,3.5145804346312954,6013673057.0,0.064914
2022-07-13,,,92476485042.00868,68919843063.0191,,42114177952.0,1.4841911692653031,3.514514010868587,6078417925.0,0.065687
2022-07-14,,,92475393161.2303,68918751182.2407,,42105980987.0,1.4848380274107065,3.515197782949782,6183086741.0,0.066861
2022-07-15,,,92473927368.53732,68917285389.54774,,42105109511.0,1.484877735639234,3.5152704685941933,6211930299.0,0.067072
2022-07-16,,,92472955317.97745,68916313338.98787,,42108361509.0,1.4845900937817236,3.514998414804963,6211930299.0,0.067072
2022-07-17,,,92443569187.20135,68915927207.21178,,42113807964.0,1.4835116553095995,3.514543823001093,6262488843.0,0.067766
2022-07-18,,,92441677873.8207,68914035893.8311,,42289981022.0,1.4691171791100688,3.499902812171677,6290872422.0,0.068091
2022-07-19,,,92439916016.06956,68912274036.07999,,42417559635.0,1.458759511496699,3.489376549752041,6436518457.0,0.069568
2022-07-20,,,92438409914.57672,68910767934.58714,,42422055307.0,1.458364371490828,3.4890065860979287,6289732101.0,0.068039
2022-07-21,,,92436993557.62589,68909351577.6363,,42427973151.0,1.4578564535345118,3.488519616565127,6306097521.0,0.068124
2022-07-22,,,92435591977.88351,68907949997.89394,,42391027970.0,1.4608070918000091,3.4915601027716208,6208698257.0,0.067248
2022-07-23,,,92434698903.06984,68907056923.08026,,42406543167.0,1.459535449834637,3.490282628952053,6150074167.0,0.066502
2022-07-24,,,92434620798.06812,68906978818.07854,,42345737709.0,1.4644468354675144,3.495294033654704,6250775327.0,0.067584
2022-07-25,,,92433344067.32256,68905702087.33298,,42417983719.0,1.4585826604037289,3.489340534379143,6003229115.0,0.064953
2022-07-26,,,92431352915.66154,68903710935.67197,,42426154098.0,1.4578804543140755,3.4886680193728106,6007944503.0,0.065239
2022-07-27,,,92429542831.809,68901900851.81941,,42434368926.0,1.4571793423108437,3.4879926432974573,6304746560.0,0.068242
2022-07-28,,,92428079705.59204,68900437725.60245,,42539225309.0,1.4487183707863729,3.4793944579615066,6469729493.0,0.070035
2022-07-29,,,92426644045.61906,68899002065.62949,,42170524126.0,1.4785115268475035,3.509815528590581,6390592747.0,0.069153
2022-07-30,,,92425903347.01634,68898261367.02676,,42244202373.0,1.4724943081863673,3.5036941405995456,6483542225.0,0.069708
2022-07-31,,,92425446165.19594,68897804185.20636,,42252546509.0,1.4718060284948375,3.5030021306920225,6453346014.0,0.069903
2022-08-01,,,92424384427.03874,68896742447.04916,,42582165261.0,1.4451990407228,3.4758858692121057,6557392755.0,0.070876
2022-08-02,,,92422873851.18864,68895231871.19905,,42573064011.0,1.445895020449095,3.476628970897972,6353628286.0,0.068677
2022-08-03,,,92421329280.75862,68893687300.76904,,42610132644.0,1.4428965810781236,3.473604446239289,6342085431.0,0.068534
2022-08-04,,,92420008910.0899,68892366930.10033,,42620997576.0,1.442001776689228,3.4727207411630245,6394103950.0,0.06903
2022-08-05,,,92418795665.16446,68891153685.17488,,42633946513.0,1.4409422981532805,3.471666711796851,6431796618.0,0.069577
2022-08-06,,,92417707292.68034,68890065312.69077,,42541163821.0,1.4483421641651395,3.479238631042733,6464632998.0,0.069973
2022-08-07,,,92417326212.27364,68889684232.28407,,41715119978.0,1.51587869220855,3.5481355541663397,6476291215.0,0.070051
2022-08-08,,,92415337516.53642,68887695536.54684,,42522314426.0,1.449803644374481,3.4807814470093783,6525653118.0,0.070539
2022-08-09,,,92413523431.92792,68885881451.93835,,42498924099.0,1.4516424908494807,3.482696975310367,6367898955.246185,0.068892
2022-08-10,,,92411795616.22754,68884153636.23796,,42495533298.0,1.4518777012482609,3.482974869152712,6484069630.023444,0.070385
2022-08-11,,,92409586625.56232,68881944645.57275,,42277652241.0,1.4694294558976528,3.5009265756654293,6513909483.686888,0.070515
2022-08-12,,,92408069238.6512,68880427258.66164,,42261273581.0,1.470726931755606,3.502283386636625,6481494634.027862,0.070165
2022-08-13,,,92407195670.85938,68879553690.8698,,42251591108.0,1.4714951060309067,3.503086145996809,6489945410.400209,0.070166
2022-08-14,,,92406575885.38277,68878933979.58887,,42266298077.0,1.4702868187292717,3.50186729325185,6532433352.947464,0.070584
2022-08-15,,,92404665147.42175,68877023241.62787,,41273289899.0,1.5528462371381837,3.5861217125415257,6385339011.279211,0.069071
2022-08-16,,,92403309038.24094,68875667132.44704,,41223809100.0,1.5570366842571293,3.590425901689182,6446209515.589218,0.069812
2022-08-17,,,92401178289.9602,68873536384.1663,,41297207388.0,1.5507341949702935,3.584044109623017,6310805181.788149,0.068358
2022-08-18,,,92399654532.817,68872012627.02307,,41311458499.0,1.5494891661129273,3.58280768282673,6328345673.591902,0.068398
2022-08-19,,,92398029874.55,68870387968.75607,,41298995122.0,1.5505138774058569,3.5838886645626977,5962365403.713848,0.064324
2022-08-20,,,92397476274.43909,68869834368.64519,,41246812549.0,1.5549515486544596,3.5884273760791348,6065733625.188394,0.065666
2022-08-21,,,92397288283.42392,68869646377.63004,,41223579312.0,1.5569307330853377,3.5904503278922264,6101023117.163004,0.066114
2022-08-22,,,92395721890.32062,68868079984.5267,,41224801448.0,1.5567920242838706,3.5903433160559723,5988051945.006602,0.064893
2022-08-23,,,92394234851.55447,68866592945.76059,,41207777562.0,1.5582140982903336,3.591826594811167,6100398756.356185,0.066137
2022-08-24,,,92392822317.20988,68865180411.41599,,41235101123.0,1.5558502635999003,3.5894465163166545,6050157186.805704,0.065657
2022-08-25,,,92391355377.91837,68863713472.12447,,41216710417.0,1.557388609362409,3.5910479553689623,6049899078.178719,0.065523
2022-08-26,,,92389700311.97862,68862058406.18471,,41242209507.0,1.5551768765998064,3.588828363360859,5754217702.512439,0.062312
2022-08-27,,,92388908185.45978,68861266279.66586,,41218461174.0,1.557186482363382,3.5908956481838006,5785441276.30216,0.062626
2022-08-28,,,92388661695.0948,68861019789.30087,,41214625232.0,1.5575103594221318,3.591231436859362,5770258752.524754,0.062432
2022-08-29,,,92387078770.51556,68859436864.72163,,41670499042.0,1.5189611301293926,3.5519450788978384,5838917459.042755,0.063248
2022-08-30,,,92385389749.62463,68857747843.83075,,41645732855.0,1.5209955094940495,3.554057366489507,5976529403.712051,0.064733
2022-08-31,,,92384686849.3593,68857044943.56538,,41703303656.0,1.5161702823531795,3.5491509768614,5965688752.711225,0.064656
2022-09-01,,,92381886810.54073,68854244904.74683,,41647393056.0,1.5207810597552829,3.553915711712255,5835520496.34161,0.063123
2022-09-02,,,92380269253.9366,68852627348.1427,,41673420461.0,1.5185700557934556,3.5516960273824427,5791490202.379926,0.062792
2022-09-03,,,92379364352.25604,68851722446.46211,,41702131511.0,1.516153030618117,3.549250511123423,5828168589.228282,0.063099
2022-09-04,,,92379044953.66908,68851403047.87515,,41664613229.0,1.5192794777143304,3.5524466022148844,5855523150.067437,0.063316
2022-09-05,,,92377453481.63008,68849811575.83615,,41681704485.0,1.5178151014607622,3.550987925062131,5804862993.674255,0.062888
2022-09-06,,,92374925487.5222,68847283581.72827,,41660933307.0,1.5194984078917173,3.5527605864194323,5635708034.053537,0.06102
2022-09-07,,,92373491386.21948,68845849480.42555,,41674167420.0,1.5183614544831858,3.5516324278801017,5709069584.651007,0.061806
2022-09-08,,,92372089848.83942,68844447943.0455,,41532645322.0,1.5301958255179215,3.5637346787170845,5649527613.626503,0.06117
2022-09-09,,,92370746166.47404,68843104260.68015,,41532910163.0,1.5301445517074796,3.563711959053997,5850457815.211599,0.063232
2022-09-10,,,92370675947.68262,68843034041.8887,,41602660827.0,1.5242853761633812,3.55773697471867,5943879193.294268,0.064247
2022-09-11,,,92370662295.05348,68843020389.25955,,41554256825.0,1.528347961596399,3.561881231105088,5901454340.67436,0.063927
2022-09-12,,,92369090615.44926,68841448709.65535,,41382525269.0,1.5428053181939738,3.57666276315398,5878204728.037361,0.063653
2022-09-13,,,92367621222.88614,68839979317.09222,,41390434182.0,1.5421036490019802,3.575979394405815,5627905337.580009,0.060774
2022-09-14,,,92366311947.71924,68838670041.92534,,41429688902.0,1.538752929697229,3.572590389464583,5673547645.800176,0.061409
2022-09-15,,,92364846463.62315,68837204557.82925,,41138743578.0,1.5634919423853644,3.597857205776739,5686112934.996338,0.061542
2022-09-16,,,92362821370.0476,68835179464.2537,,41112590708.0,1.5656945460032157,3.6001485338742207,5656981392.539351,0.061224
2022-09-17,,,92362251605.16425,68834609699.37033,,41133760370.0,1.56386662835164,3.598296551286873,5727648159.883501,0.062009
2022-09-18,,,92361940914.51672,68834299008.72281,,41042804474.0,1.5716805996922378,3.606273888615529,5672413342.134748,0.060941
2022-09-19,,,92360249070.10664,68832607164.31273,,41018906274.0,1.5737011948501634,3.6083722287267888,5565451769.987727,0.060309
2022-09-20,,,92358655383.97664,68831013478.18274,,41055604807.0,1.5705045398176851,3.605146647950004,5499899939.497453,0.059526
2022-09-21,,,92357128258.82008,68829486353.02615,,41056698545.0,1.5703774022003625,3.605050606296839,5460411776.072333,0.059213
2022-09-22,,,92355748963.60768,68828107057.81377,,41016786218.0,1.5737867545860151,3.608558643375527,5542424432.093202,0.060125
2022-09-23,,,92354209282.56624,68826567376.77232,,40913121329.0,1.582717258709776,3.617701973024584,5585706389.430128,0.060464
2022-09-24,,,92353495090.75932,68825853184.9654,,40947363647.0,1.5797358856209254,3.6146766112943856,5541324408.515351,0.059926
2022-09-25,,,92353286848.3192,68825644942.52528,,40934539540.0,1.5808416063410435,3.6158090713782025,5513679485.423432,0.059654
2022-09-26,,,92351508153.35602,68823866247.56212,,40921342586.0,1.5819463789298993,3.61697516986894,5481415856.040828,0.05934
2022-09-27,,,92347342802.02916,68819700896.23528,,40941044431.0,1.580149970464917,3.6152345621759054,5470844868.456292,0.059326
2022-09-28,,,92345247874.77148,68817605968.97758,,40929082662.0,1.581140401401182,3.616291003676377,5525822285.330507,0.059945
2022-09-29,,,92343660821.04665,68816018915.25275,,40912865552.0,1.58251141204393,3.617724459502646,5640758149.888098,0.061285
2022-09-30,,,92341835152.3378,68814193246.5439,,40942554231.0,1.5799001273335334,3.615101094194507,5638956601.761566,0.06114
2022-10-01,,,92341079146.17392,68813437240.38002,,40956352094.0,1.5786891445525475,3.613882511011753,5593186394.825217,0.060511
2022-10-02,,,92340729146.90938,68813087241.11546,,40932363285.0,1.580757967526547,3.6160004983169807,5659839689.780848,0.061327
2022-10-03,,,92339534735.00124,68811892829.20734,,40936866180.0,1.5803422276732482,3.615602754580565,5667838122.375885,0.061411
2022-10-04,,,92337490379.97385,68809848474.17995,,40943818723.0,1.579695587075225,3.6149882183580098,5747523072.72294,0.062237
2022-10-05,,,92336139108.85138,68808497203.05746,,40950583711.0,1.5790810210387196,3.614391123446423,5767045403.287921,0.062503
2022-10-06,,,92334574183.20102,68806932277.4071,,40911972481.0,1.5823913825369296,3.617802310108908,5791801630.191302,0.062937
2022-10-07,,,92332886116.36333,68805244210.56943,,40986754060.0,1.575883757632912,3.611201501447421,5762386460.829232,0.062404
2022-10-08,,,92331429689.26224,68803787783.46834,,40998893085.0,1.5748044829595909,3.610132705464415,5716752494.117063,0.061924
2022-10-09,,,92330396273.95493,68802754368.16103,,41001015605.0,1.574598956025497,3.6099458407672502,5764757210.661738,0.062444
2022-10-10,,,92327672366.84685,68800030461.05293,,40939267825.0,1.5798769220883635,3.6153896176176423,5856726821.291939,0.063507
2022-10-11,,,92326340015.2551,68798698109.46118,,41179218634.0,1.5591948156771007,3.594322440224998,5705477023.604959,0.061794
2022-10-12,,,92326340015.2551,68798698109.46118,,41179218634.0,1.5591948156771007,3.594322440224998,5850249883.301238,0.063688
2022-10-13,,,92326340015.2551,68798698109.46118,,41179218634.0,1.5591948156771007,3.594322440224998,5850249883.301238,0.063688
2022-10-14,,,92326340015.2551,68798698109.46118,,41179218634.0,1.5591948156771007,3.594322440224998,5850249883.301238,0.063688
2022-10-15,,,92326340015.2551,68798698109.46118,,41179218634.0,1.5591948156771007,3.594322440224998,5850249883.301238,0.063688
2022-10-16,,,92326340015.2551,68798698109.46118,,41179218634.0,1.5591948156771007,3.594322440224998,5850249883.301238,0.063688
2022-10-17,,,92326340015.2551,68798698109.46118,,41179218634.0,1.5591948156771007,3.594322440224998,5850249883.301238,0.063688
2022-10-18,,,92326340015.2551,68798698109.46118,,41179218634.0,1.5591948156771007,3.594322440224998,5727729303.854697,0.06195
2022-10-19,,,92326340015.2551,68798698109.46118,,41179218634.0,1.5591948156771007,3.594322440224998,5747569790.66189,0.062184
2022-10-20,,,92326340015.2551,68798698109.46118,,41179218634.0,1.5591948156771007,3.594322440224998,5767556597.902182,0.062416
2022-10-21,,,92326340015.2551,68798698109.46118,,41179218634.0,1.5591948156771007,3.594322440224998,5676617652.066361,0.061585
2022-10-22,,,92326340015.2551,68798698109.46118,,41179218634.0,1.5591948156771007,3.594322440224998,5703951597.552346,0.061804
2022-10-23,,,92326340015.2551,68798698109.46118,,41179218634.0,1.5591948156771007,3.594322440224998,5708404613.722236,0.061894
2022-10-24,,,92326340015.2551,68798698109.46118,,41179218634.0,1.5591948156771007,3.594322440224998,5682447056.182672,0.06165
2022-10-25,,,92326340015.2551,68798698109.46118,,41179218634.0,1.5591948156771007,3.594322440224998,5757502782.329576,0.062412
2022-10-26,,,92326340015.2551,68798698109.46118,,41179218634.0,1.5591948156771007,3.594322440224998,5848408024.1821785,0.063424
2022-10-27,,,92326340015.2551,68798698109.46118,,41179218634.0,1.5591948156771007,3.594322440224998,5815371372.347071,0.063022
2022-10-28,,,92326340015.2551,68798698109.46118,,41179218634.0,1.5591948156771007,3.594322440224998,5862823220.089503,0.063533
2022-10-29,,,92326340015.2551,68798698109.46118,,41179218634.0,1.5591948156771007,3.594322440224998,5880572580.136281,0.063761
2022-10-30,,,92326340015.2551,68798698109.46118,,41179218634.0,1.5591948156771007,3.594322440224998,5819792038.690743,0.0631
2022-10-31,,,92326340015.2551,68798698109.46118,,41179218634.0,1.5591948156771007,3.594322440224998,5840833547.670133,0.063326
2022-11-01,,,92254234953.78989,68726593047.99597,,41200572633.0,1.5558104724598287,3.5924608627359698,5799709025.684023,0.062858
2022-11-02,,,92250070064.35428,68722428158.56038,,41153765547.0,1.5597283566874287,3.5965492720325822,5678497828.142388,0.061565
2022-11-03,,,92245896714.4827,68718254809.68878,,41179424478.0,1.557440916256403,3.5943081029856385,5690847145.328489,0.061737
2022-11-04,,,92242118472.78111,68714476567.98721,,41367320982.0,1.5413539804120635,3.5779819395810035,5870989539.804765,0.063685
2022-11-05,,,92238944937.97118,68711303033.17726,,41375531686.0,1.5405892247251751,3.5772719159306634,5868917205.299888,0.063625
2022-11-06,,,92235860346.7553,68708218441.96138,,41434484766.0,1.535530944616803,3.572180285993819,5791755979.563393,0.062799
2022-11-07,,,92231135379.31345,68703493474.51953,,41613551831.0,1.5203591851588705,3.556808525176748,5745800217.438225,0.062358
2022-11-08,,,92226197571.6094,68698555666.81549,,41788469112.0,1.505661237583955,3.5419247599622894,5474865191.484259,0.059248
2022-11-09,,,92220791131.14,68693149226.3461,,41823833892.0,1.50260762956127,3.538929267046405,4984351460.913377,0.054074
2022-11-10,,,92215515455.73576,68687873550.94185,,41860313738.0,1.499469012099386,3.535844178300648,5326163393.081347,0.057736
2022-11-11,,,92211102018.1424,68683460113.348495,,41806371039.0,1.5038471362645025,3.5404076102471858,5165123478.476868,0.056198
2022-11-12,,,92208242586.06303,68680600681.269135,,41807814422.0,1.5036641203393986,3.540284077140041,5063615382.607138,0.054983
2022-11-13,,,92206009275.19296,68678367370.39905,,41806356376.0,1.503736011545498,3.5404067395765857,4690302847.047151,0.050919
2022-11-14,,,92202080478.09663,68674438573.302734,,41800598491.0,1.5041287582817642,3.5408941511130982,4632441377.280843,0.050228
2022-11-15,,,92197359876.12125,68669717971.32733,,41478268438.0,1.531003021514188,3.568411981099048,4682542881.880072,0.050753
2022-11-16,,,92191692080.73103,68664050175.93713,,41432073767.0,1.5347806237110628,3.5723906491805373,4638378315.483373,0.050359
2022-11-17,,,92185277369.1396,68657635464.34569,,41422436394.0,1.5354564559523445,3.573221832106855,4623650968.418524,0.050161
2022-11-18,,,92181036011.59514,68653394106.80122,,41423656596.0,1.535261548158151,3.573116772405671,4677048890.753935,0.050757
2022-11-19,,,92177263468.9404,68649621564.1465,,41461086090.0,1.5320179472514628,3.569891471790586,4815968419.231875,0.052264
2022-11-20,,,92173827305.54048,68646185400.74655,,41411814461.0,1.5361075822196255,3.5741391640899587,4632425222.28711,0.050245
2022-11-21,,,92169801334.0408,68642159429.24687,,41430765697.0,1.5344178940849496,3.572504580172656,4744793135.76744,0.0515
2022-11-22,,,92166198274.35065,68638556369.55675,,41380944304.0,1.5385574742494246,3.576806931875589,4675348368.4216,0.050685
2022-11-23,,,92162601472.5669,68634959567.77298,,41253826439.0,1.549283892215536,3.587828222757762,4747178823.468574,0.05148
2022-11-24,,,92158701364.78792,68631059459.99402,,41205823608.0,1.5532978627778693,3.5920090450364968,4884475082.488484,0.053006
2022-11-25,,,92155334610.92288,68627692706.12895,,41247144877.0,1.549696972986303,3.588410344914009,4893670080.727331,0.053076
2022-11-26,,,92153345748.8892,68625703844.09531,,41266317879.0,1.5480194167564854,3.586743109009875,4870776951.510172,0.052891
2022-11-27,,,92151680996.6046,68624039091.8107,,41317025802.0,1.543668515986396,3.5823416862772186,4917624801.490852,0.053341
2022-11-28,,,92148302498.0787,68620660593.284805,,41418312504.0,1.535009045809721,3.573583100487828,4893820579.814673,0.053109
2022-11-29,,,92143930274.18542,68616288369.391525,,41284347833.0,1.5462822033994073,3.5851793364001225,4923845346.213589,0.053403
2022-11-30,,,92139043289.66884,68611401384.87494,,41370216440.0,1.538881053306529,3.577737715968961,5055082050.061806,0.054829
2022-12-01,,,92133093970.142,68605452065.3481,,41370300645.0,1.538746431792548,3.577732046434824,4998760339.800321,0.054263
2022-12-02,,,92128908684.89076,68601266780.09685,,41318730475.0,1.5430332455601103,3.582197575237157,5018991840.625196,0.054496
2022-12-03,,,92126483034.98404,68598841130.19014,,41311994976.0,1.543553591329938,3.5827820610638264,4970444611.786939,0.053765
2022-12-04,,,92122036631.08913,68594394726.29523,,41461476922.0,1.5307940986917012,3.569864742377394,4910929815.159125,0.053325
2022-12-05,,,92113386170.58215,68585744265.78825,,41506614323.0,1.5268000769850687,3.565981991279104,4921344401.820412,0.053431
2022-12-06,,,92107322209.3074,68579680304.51349,,41560221841.0,1.5221592799354866,3.5613822281642733,4945800031.131,0.053751
2022-12-07,,,92102395003.5519,68574753098.758,,41733268268.0,1.5075756327934675,3.5466147235938994,4902288252.6299095,0.053197
2022-12-08,,,92095546826.88995,68567904922.09607,,41745627183.0,1.506397688515282,3.5455647374144994,5007202239.159836,0.054346
2022-12-09,,,92089352176.86069,68561710272.06679,,41696417709.0,1.510365336264896,3.54974926712215,5042469880.012156,0.054723
2022-12-10,,,92071166341.17049,68543524436.37659,,41632227247.0,1.5153363807699494,3.555223019391011,5044907033.715613,0.054831
2022-12-11,,,92066740827.86594,68539098923.07204,,41595785693.0,1.5182944812234922,3.558338618225893,4975487593.008896,0.054042
2022-12-12,,,92058353380.32771,68530711475.53381,,41597516691.0,1.5179699574897842,3.558193441148754,4928129818.870309,0.053516
2022-12-13,,,92051452581.60464,68523810676.81073,,41688385400.0,1.5102164030395435,3.5504369994694662,5018253423.095974,0.054507
2022-12-14,,,92044280034.24265,68516638129.44873,,41807772375.0,1.5001214424255285,3.54029811185734,5131605681.0998535,0.055663
2022-12-15,,,92037316159.11404,68509674254.320114,,41780210899.0,1.5022596193114746,3.5426336369925973,5137362464.872797,0.055712
2022-12-16,,,92031500819.30911,68503858914.51523,,41811914755.0,1.4995019654069353,3.539949474209449,4870511410.20093,0.053078
2022-12-17,,,92026723839.11394,68499081934.32004,,41871456407.0,1.494463420979586,3.534915551329116,5057324296.822347,0.054994
2022-12-18,,,92023896258.78268,68496254353.988754,,41878764464.0,1.4937943794884667,3.53429575511507,4961773571.45124,0.053908
2022-12-19,,,92018257967.87,68490616063.07608,,41802857118.0,1.4999619574136425,3.540712366755413,4945798096.04111,0.053697
2022-12-20,,,92012454246.31924,68484812341.525314,,41942930058.0,1.4882438289423927,3.528887340785185,5064814506.615609,0.055038
2022-12-21,,,92007503475.68823,68479861570.89435,,41991007777.0,1.484175310412161,3.524846815004589,5049457612.080386,0.054955
2022-12-22,,,92002116738.40916,68474474833.615234,,41791539902.0,1.5005506604538033,3.541670945945088,5114410255.402384,0.055606
2022-12-23,,,91996856230.98611,68469214326.192215,,41806564801.0,1.49918863500329,3.540398243425229,4991922915.061977,0.054285
2022-12-24,,,91993643233.81618,68466001329.02226,,41958862817.0,1.486521033796473,3.5275471721466243,5045433880.105358,0.054853
2022-12-25,,,91991244006.3489,68463602101.55499,,41936471965.0,1.488313323449253,3.529428740106893,5052879322.249593,0.054909
2022-12-26,,,91986682503.11807,68459040598.32419,,41979330245.0,1.484681968135937,3.525825564315051,5024648792.392243,0.054608
2022-12-27,,,91982007973.564,68454366068.770096,,42029470585.0,1.4804569001128698,3.521619244926111,4980111746.587522,0.054159
2022-12-28,,,91977060497.86446,68449418593.07054,,42013124265.0,1.4816923194915343,3.522989309457368,4975851514.504862,0.054113
2022-12-29,,,91972059950.34488,68444418045.55096,,41523544831.0,1.5223023334096195,3.564527221224884,4969441787.946017,0.054053
2022-12-30,,,91966874242.30626,68439232337.51236,,41287130523.0,1.542200933234095,3.5849412786047115,5007557568.011741,0.05445
2022-12-31,,,91963335679.24734,68435693774.453445,,41313606728.0,1.5398717871903056,3.582643875477724,5013741009.027495,0.054536
2023-01-01,,,91960645626.9605,68433003722.16658,,41306042168.0,1.540456148557956,3.5832997489335447,5046795244.2163,0.054875
2023-01-02,,,91956278850.04636,68428636945.25244,,41331789635.0,1.5381752256546255,3.5810699446636978,5070779926.68879,0.055173
2023-01-03,,,91951387630.07602,68423745725.2821,,41368250564.0,1.5349774550009965,3.577916501927958,5041695504.182212,0.054835
2023-01-04,,,91946336197.86226,68418694293.06836,,41197523770.0,1.5494027012193934,3.5927442447635287,5036438406.829809,0.054795
2023-01-05,,,91940912413.86046,68413270509.06654,,41197680817.0,1.5492691699677152,3.5927285674182583,4935133140.55018,0.053661
2023-01-06,,,91935697041.39058,68408055136.59666,,41224828198.0,1.5468362725142848,3.590362632730105,4827482336.367733,0.05253
2023-01-07,,,91931889618.16904,68404247713.37514,,41061769565.0,1.5607298184529883,3.604620417739045,4787738795.89523,0.052095
2023-01-08,,,91928098989.88252,68400457085.08861,,41294266120.0,1.5407531696504773,3.5843260052903183,4941959421.653108,0.053735
2023-01-09,,,91920619174.55086,68392977269.75696,,41289863181.0,1.5409648551940824,3.58470824222423,5030135024.853866,0.054704
2023-01-10,,,91914036825.66338,68386394920.86946,,41273669275.0,1.5421980585638373,3.5861126294193597,5039820011.5290985,0.054853
2023-01-11,,,91908122420.29674,68380480515.50284,,41177705857.0,1.5502616302979666,3.594470049499664,5202836982.191184,0.056623
2023-01-12,,,91901868729.87996,68374226825.086044,,41030984127.0,1.5627252693688476,3.607323702131745,5256017732.554244,0.057179
2023-01-13,,,91895308931.9423,68367667027.14841,,41113959190.0,1.5554455175977866,3.6000433387578163,5518478068.028133,0.060039
2023-01-14,,,91889204337.05884,68361562432.26492,,41272119361.0,1.5409270718172996,3.585366717585762,5693017079.886073,0.061966
2023-01-15,,,91883938450.88496,68356296546.09105,,41248619954.0,1.543677737975191,3.588291626693043,5732912350.172467,0.062379
2023-01-16,,,91875741141.9088,68348099237.1149,,41287333603.0,1.540197400686183,3.584923629373276,5736610751.5093,0.062483
2023-01-17,,,91868419004.20592,68340777099.412,,41248833019.0,1.5433178114055757,3.5882698508404114,5681556804.698825,0.061875
2023-01-18,,,91862225801.24582,68334583896.45192,,41183956908.0,1.5487236736157817,3.5939224548796243,5435909241.704063,0.059178
2023-01-19,,,91856990633.23616,68329348728.44223,,41177667281.0,1.5491471544556878,3.594471026320323,5530228887.277854,0.060205
2023-01-20,,,91852212446.72426,68324570541.93034,,41237187123.0,1.5439597926716342,3.5892855778135355,5781809480.621893,0.062963
2023-01-21,,,91849609096.42046,68321967191.62654,,41124666755.0,1.5535298651065066,3.5991063906174245,5674019091.886206,0.061793
2023-01-22,,,91847539707.40932,68319897802.6154,,41113982405.0,1.5483617016026183,3.593851411187014,5680548087.353371,0.061866
2023-01-23,,,91843697409.20982,68316055504.41591,,41158094564.0,1.5505346618945426,3.596182518894006,5775648155.438229,0.062984
2023-01-24,,,91839988057.29018,68312346152.49626,,41123825017.0,1.5533943782684467,3.5991824663764027,5523491514.587866,0.060222
2023-01-25,,,91836221809.13042,68308579904.33652,,41169197735.0,1.5494206638157817,3.595212597125806,5692545516.161085,0.062079
2023-01-26,,,91832174466.19568,68304532561.40176,,41160453258.0,1.5500786356708485,3.5959739896273044,5681300094.844351,0.061872
2023-01-27,,,91827826248.37628,68300184343.58237,,41143240778.0,1.5514562363944109,3.5974762226625767,5822434575.487144,0.063435
2023-01-28,,,91824326873.07973,68296684968.28583,,41085460311.0,1.5563391250962733,3.602535466403784,5798665999.681167,0.063152
2023-01-29,,,91820471254.94424,68292829350.15033,,41148291101.0,1.5508614117361708,3.597033302815236,5866411593.493292,0.063901
2023-01-30,,,91814175866.80098,68286533962.007065,,41222208757.0,1.5444029195147868,3.5905849671115293,5721209906.986156,0.062353
2023-01-31,,,91807029884.80186,68279387980.007965,,41319522336.0,1.535955697674507,3.582126783952297,5714307213.069849,0.062308
2023-02-01,,,91799888443.40056,68272246538.60664,,41246232525.0,1.5420398712535643,3.588492755403008,5811177846.126734,0.063325
2023-02-02,,,91792360737.57632,68264718832.78241,,41214580535.0,1.54457685380458,3.5912486973205087,5864980296.659417,0.063907
2023-02-03,,,91786062047.05373,68258420142.25983,,41173126547.0,1.5479828158990738,3.59486376266512,5891615070.284537,0.064189
2023-02-04,,,91780842689.381,68253200784.5871,,41202390069.0,1.5453651146603242,3.592309695221026,5871839333.63947,0.063932
2023-02-05,,,91775261623.67946,68247619718.88556,,41113635056.0,1.5528432628003408,3.6000630759637926,5892248249.497169,0.064205
2023-02-06,,,91756572834.74876,68228930930.45485,,41262732326.0,1.5396830665254768,3.5870545006717,5795339946.251211,0.06332
2023-02-07,,,91736884245.1916,68209242340.897705,,41477715948.0,1.52102746937135,3.568462072344008,6039561248.378276,0.065865
2023-02-08,,,91717293839.67786,68189651935.38394,,41333746747.0,1.5327825174781706,3.5808915650136592,6135437412.260348,0.066965
2023-02-09,,,91699080116.98978,68171438212.69588,,41327009639.0,1.5329537243280678,3.5814730316169383,5735177657.666787,0.062619
2023-02-10,,,91682484310.6103,68154842406.31641,,41477412076.0,1.5198600323351077,3.568485925230047,5812892572.598648,0.063346
2023-02-11,,,91668440082.57208,68140798178.27817,,41491553804.0,1.5183601110017708,3.567269594920224,5861606935.903115,0.063941
2023-02-12,,,91656869935.3654,68129228031.07149,,41998705287.0,1.475881901559739,3.52419259500319,5862108465.392814,0.063913
2023-02-13,,,91640578510.06058,68112936605.76666,,41918084723.0,1.4821671734058794,3.530968897768859,6025110834.524146,0.065748
2023-02-14,,,91625610787.88788,68097968883.59396,,41488430707.0,1.517682123164299,3.5675356553012487,6125691515.790792,0.066892
2023-02-15,,,91611177129.7981,68083535225.5042,,41488345718.0,1.5173726973143564,3.567542942034297,6480465749.498773,0.070845
2023-02-16,,,91595119266.67792,68067477362.38402,,41635100222.0,1.5046945842992487,3.554968168850322,6146962803.383945,0.06723
2023-02-17,,,91578675101.25224,68051033196.95833,,41629815659.0,1.5047753971646485,3.555418768140429,6462930793.900273,0.070522
2023-02-18,,,91566290689.48286,68038648785.188965,,37569225516.0,1.881181318488512,3.939707384269476,6423547591.009313,0.070184
2023-02-19,,,91555191636.73177,68027549732.43787,,37628343798.0,1.874872282630946,3.933520408846144,6457867713.148161,0.070388
2023-02-20,,,91539782838.3488,68012140934.054886,,37645484351.0,1.8727767099609995,3.9317290126655,6577292573.149152,0.071858
2023-02-21,,,91525201757.27724,67997559852.98334,,37607246995.0,1.8763735425071597,3.9357265686495535,6356471206.424067,0.069495
2023-02-22,,,91510926913.40308,67983285009.10918,,37616786203.0,1.8750785362240172,3.934726620423147,6369772310.354123,0.069423
2023-02-23,,,91496408287.26302,67968766382.9691,,37621531089.0,1.874271630899349,3.9342302234104567,6366855439.7487335,0.069712
2023-02-24,,,91482216965.25842,67954575060.96451,,38094629003.0,1.826069539227415,3.885372859768615,6222413405.137341,0.067964
2023-02-25,,,91470747722.84756,67943105818.55365,,38108675727.0,1.8244113808651763,3.88393937290856,6212709382.394537,0.067935
2023-02-26,,,91460541844.50806,67932899940.21416,,38096461541.0,1.825406702750776,3.885184646834969,6370171184.396974,0.069623
2023-02-27,,,91446487226.76068,67918845322.46677,,38159686012.0,1.8187868760499493,3.878747462150668,6353452326.065531,0.069493
2023-02-28,,,91432201225.37608,67904559321.08217,,38216894249.0,1.8127798154405017,3.872940712423156,6305832874.505296,0.069107
2023-03-01,,,91417557268.36916,67889915364.07526,,38074363574.0,1.8266667687874216,3.887438722642564,6396537251.141326,0.069969
2023-03-02,,,91403989091.44617,67876347187.15227,,38129632875.0,1.8208438112458316,3.881803807165825,6377720495.513747,0.069731
2023-03-03,,,91390313569.90009,67862671665.606186,,38207132245.0,1.812823266326813,3.873929293001152,6152359084.270836,0.067313
2023-03-04,,,91379430773.03893,67851788868.74503,,38151997512.0,1.8180700211051004,3.8795277427057697,6117522537.027452,0.06692
2023-03-05,,,91369520718.46652,67841878814.17261,,38091066585.0,1.8239335456324837,3.8857335841826464,6150367840.630595,0.067306
2023-03-06,,,91355609806.50362,67827967902.2097,,38127804478.0,1.8199559170554824,3.881989356274799,6164510158.287949,0.067503
2023-03-07,,,91341794197.1375,67814152292.84358,,38184956787.0,1.8188230364295288,3.8867956138840776,6056827764.643276,0.066415
2023-03-08,,,91328692936.76068,67801051032.46677,,39352282422.0,1.70553466316683,3.7715026420472886,5967814629.566245,0.065357
2023-03-09,,,91314610320.48218,67786968416.18826,,39374658136.0,1.7031217707708102,3.769359343778262,5345744979.240713,0.058536
2023-03-10,,,91299674797.09032,67772032892.7964,,39362954158.0,1.703889535915715,3.7704807211646583,5255410986.471249,0.057547
2023-03-11,,,91287761864.6994,67760119960.40549,,39238704712.0,1.715328152801887,3.78242148491886,5377921805.743559,0.05903
2023-03-12,,,91278320476.7091,67750678572.41521,,39275977558.0,1.7116005232142406,3.7788319034791034,5849027283.775189,0.064235
2023-03-13,,,91263923213.90816,67736281309.61424,,39358091298.0,1.7035542463982978,3.770948179125439,6134837230.493929,0.067166
2023-03-14,,,91250471952.12172,67722830047.827805,,39345667721.0,1.704422501096925,3.7721388412118535,6135226769.8296585,0.067237
2023-03-15,,,91237324206.17812,67709682301.8842,,39218552985.0,1.7161135229009972,3.784365551328879,5995554094.605821,0.065659
2023-03-16,,,91223963720.73586,67696321816.44196,,39244147287.0,1.7133977100649345,3.781897420423006,6005065986.034005,0.065783
2023-03-17,,,91210263373.46906,67682621469.17516,,39174529243.0,1.7196802392591914,3.788618435269638,6194389401.334038,0.068023
2023-03-18,,,91199118803.20927,67671476898.915375,,39155331308.0,1.721252856389266,3.7904758678295463,6049274382.721898,0.066312
2023-03-19,,,91188905020.35316,67661263116.05924,,39148731687.0,1.721652056483225,3.7911149565680313,6139502799.315922,0.06717
2023-03-20,,,91175012533.54253,67647370629.24863,,39183410658.0,1.7180546920473772,3.78775972233908,5990661897.270722,0.06567
2023-03-21,,,91161137856.88985,67633495952.59595,,38883245873.0,1.7464035175090098,3.817000470462225,6150811710.256447,0.067523
2023-03-22,,,91147212707.94958,67619570803.65567,,38836096154.0,1.7506387156246197,3.8216382089037775,5495708074.535048,0.060232
2023-03-23,,,91132901061.99222,67605259157.6983,,38808425424.0,1.7529905076638208,3.824363108911795,5983002840.352626,0.065655
2023-03-24,,,91119446015.70386,67591804111.40994,,38845592132.0,1.749104603938112,3.8207039554680335,5858403991.2213545,0.063968
2023-03-25,,,91108271033.5945,67580629129.3006,,38790864891.0,1.754138763476143,3.826094716678352,5852881390.823854,0.064225
2023-03-26,,,91108203035.72992,67580561131.43602,,38946668012.0,1.739136392193008,3.810788407640101,5876015290.610476,0.06436
2023-03-27,,,91083451424.59631,67555809520.30243,,39211923941.0,1.7133198719100573,3.785009022669689,5805141322.759665,0.063805
2023-03-28,,,91067441478.0552,67539799573.76131,,39193081191.0,1.7147464788265898,3.7868289012689336,5855321602.141543,0.064331
2023-03-29,,,91051678277.04448,67524036372.750565,,39207147537.0,1.7130633868490452,3.785470242759882,5868803030.089882,0.06449
2023-03-30,,,91036906340.8678,67509264436.5739,,39234335924.0,1.710162883023525,3.782846906770147,5918254719.346196,0.065024
2023-03-31,,,91021663280.5219,67494021376.228,,39176405653.0,1.7153047875653415,3.788440717031441,5985820548.504312,0.065687
2023-04-01,,,91009569057.73166,67481927153.43776,,39111780442.0,1.721169410078982,3.7947003848492686,6052370651.024399,0.066567
2023-04-02,,,90998216281.05498,67470574376.76108,,39167617137.0,1.7156142010394948,3.789290611813685,5967346288.496953,0.065531
2023-04-03,,,90982085551.4835,67454443647.189606,,39234923234.0,1.7088832714578397,3.782790088272373,6003642047.306199,0.065943
2023-04-04,,,90966237371.6639,67438595467.36998,,39227573394.0,1.7092237174745284,3.783498794397322,5998545148.192818,0.065825
2023-04-05,,,90950541429.60158,67422899525.30768,,39237602639.0,1.7079251328223857,3.782531693108921,6020877077.768258,0.066199
2023-04-06,,,90934602272.87971,67406960368.585815,,39104862106.0,1.720151994337571,3.795371638273615,6015146092.754189,0.066145
2023-04-07,,,90919367406.59018,67391725502.296265,,39090306123.0,1.721195313107193,3.796783978979668,6016839022.654862,0.066193
2023-04-08,,,90906932269.07172,67379290364.7778,,38973791516.0,1.732040985709693,3.808134903609142,6024303896.163047,0.066235
2023-04-09,,,90896109483.15488,67368467578.86096,,38922620921.0,1.7367081646215254,3.813144534809629,6070885116.356215,0.066754
2023-04-10,,,90881017567.93117,67353375663.63727,,39127624325.0,1.71679107647289,3.793165691214051,6124928622.363444,0.067363
2023-04-11,,,90866015519.12836,67338373614.83444,,39121468415.0,1.7170400529247676,3.79376256197444,6037134010.924775,0.066468
2023-04-12,,,90851906385.67548,67324264481.38158,,39090918504.0,1.7196295860609556,3.796727484120453,5921794051.355605,0.065168
2023-04-13,,,90838071228.6171,67310429324.3232,,38504789223.0,1.775958758331364,3.854523417783641,5941263091.526959,0.065397
2023-04-14,,,90823451286.80098,67295809382.507065,,38503594199.0,1.775748091975382,3.854643036940708,6017540966.018459,0.06625
2023-04-15,,,90811898220.949,67284256316.65511,,38494647685.0,1.776366696864251,3.8555387556726473,6004891199.678819,0.066101
2023-04-16,,,90801730546.95894,67274088642.66504,,38697638134.0,1.756318629892606,3.835313903025628,6043432634.548127,0.066568
2023-04-17,,,90786213702.78918,67258571798.495285,,38916976092.0,1.7347861057008362,3.8136967043060848,5977910362.284487,0.065876
2023-04-18,,,90772182413.90474,67244540509.610825,,38984125672.0,1.7280335877674524,3.8071275316891215,6065093811.69349,0.066777
2023-04-19,,,90757277617.87018,67229635713.57628,,38975813045.0,1.728491217231154,3.807935958988571,5979092220.375989,0.065865
2023-04-20,,,90743242708.93538,67215600804.64148,,38981312434.0,1.7276495817762694,3.8073987366320248,5939286584.269972,0.065526
2023-04-21,,,90730021832.15166,67202379927.85776,,38993605202.0,1.7261763418689569,3.80619842711336,5893051305.340578,0.064968
2023-04-22,,,90720160929.79372,67192519025.49982,,39007203738.0,1.7246543536592496,3.8048714047415126,6008066661.832388,0.066236
2023-04-23,,,90711195619.33151,67183553715.03763,,39009352052.0,1.7242475284820813,3.8046618546339976,6050959287.634649,0.066754
2023-04-24,,,90697965699.70728,67170323795.41336,,39020815833.0,1.7228548160332702,3.8035441205791978,6002062944.92475,0.066176
2023-04-25,,,90683959915.91776,67156318011.62384,,39138474080.0,1.7113329525438203,3.792107901172404,5982650417.78694,0.065987
2023-04-26,,,90670348073.00562,67142706168.71172,,39095158100.0,1.715144185173756,3.7963094897184857,5920308822.064374,0.065234
2023-04-27,,,90657101505.15532,67129459600.86142,,39118463992.0,1.7126265675468044,3.794044446475108,5970439492.6157,0.065871
2023-04-28,,,90643561457.8886,67115919553.59468,,39134139685.0,1.7108325866648677,3.7925246641923223,6049821627.849964,0.066743
2023-04-29,,,90633609806.50008,67105967902.20616,,39127753337.0,1.7112151974270071,3.7931436782780734,6165487809.757553,0.068012
2023-04-30,,,90623368095.09692,67095726190.80301,,39122555703.0,1.711478373800568,3.793647529335239,6120621208.538651,0.067494
2023-05-01,,,90610393693.75424,67082751789.46033,,39099148941.0,1.713409106620256,3.795915935963719,6197963617.2851095,0.068575
2023-05-02,,,90595710161.52094,67068068257.22704,,39120360744.0,1.7110614002743718,3.793857681914972,6278057070.937461,0.069319
2023-05-03,,,90581096998.60988,67053455094.31596,,39135904286.0,1.7092556401669734,3.79235094920724,6266932782.28446,0.069242
2023-05-04,,,90566726257.13892,67039084352.845,,39136546079.0,1.7088706639349691,3.7922886237415616,6299393520.257869,0.069529
2023-05-05,,,90551778707.71918,67024136803.42528,,39088111199.0,1.713138497671829,3.7969878084323514,6437408406.837468,0.071084
2023-05-06,,,90539865485.26288,67012223580.96898,,39091591008.0,1.7125382644585407,3.796649468906924,6374306500.892172,0.070434
2023-05-07,,,90529438031.37784,67001796127.08394,,39103310350.0,1.711187991037444,3.7955115791321554,6292395072.441012,0.069525
2023-05-08,,,90515163395.75066,66987521491.45674,,39106230677.0,1.7105880419950203,3.79522804056428,6187711721.6277895,0.068381
2023-05-09,,,90501886464.08928,66974244559.79538,,39138399274.0,1.7072320712289368,3.792109100109573,6260149349.294482,0.069083
2023-05-10,,,90488177818.23668,66960535913.94278,,39175316830.0,1.703420733318306,3.788535474134813,6294876348.077327,0.069559
2023-05-11,,,90474508152.228,66946866247.9341,,39177692767.0,1.702886910684498,3.788305742511364,6133506191.627317,0.068093
2023-05-12,,,90460503623.76456,66932861719.47064,,39172257603.0,1.7030855807330214,3.788831338401143,6252037207.629155,0.069271
2023-05-13,,,90454276619.43726,66926634715.14336,,38193041555.0,1.7981346554271749,3.885973417134053,6314170061.430512,0.0696
2023-05-14,,,90444728095.9219,66917086191.62799,,38175370737.0,1.7996812939829354,3.887772199426034,6275200643.24914,0.069466
2023-05-15,,,90431374448.5855,66903732544.2916,,38182339488.0,1.7986833961867177,3.887062168095828,6376548525.782144,0.070487
2023-07-19,,503334758.1357817,,,,,,,,
2023-07-20,,491517334.398944,,,,,,,,
2023-07-21,-6.169344692878078,478683533.6845905,,,,,,,,
2023-07-22,-6.1453082320611685,508027697.97206646,,,,,,,,
2023-07-23,-5.926955214798131,482418622.0614886,,,,,,,,
2023-07-24,-5.505153021043129,443229914.703142,,,,,,,,
2023-07-25,-5.418281811705438,438153941.74340594,,,,,,,,
2023-07-26,-5.585052175060252,449689514.7893157,,,,,,,,
2023-07-27,-5.7106986183017305,464663598.2073112,,,,,,,,
2023-07-28,-5.776133221038797,473240838.7038524,,,,,,,,
2023-07-29,-5.781147628951386,475753133.15113854,,,,,,,,
2023-07-30,-5.691116028356388,458759014.2791247,,,,,,,,
2023-07-31,-5.531634423258967,428888995.5801354,,,,,,,,
2023-08-01,-5.5065916074742605,428148990.5419411,,,,,,,,
2023-08-02,-5.611184190619677,431288674.92971385,,,,,,,,
2023-08-03,-5.66327030324408,426414820.1231612,,,,,,,,
2023-08-04,-5.757459180296655,436731487.2962925,,,,,,,,
2023-08-05,-5.791507111478316,438448276.2401981,,,,,,,,
2023-08-06,-5.807344460561458,439247246.205257,,,,,,,,
2023-08-07,-5.6631025326427,426577212.2453235,,,,,,,,
2023-08-08,-5.566958395152319,421909856.79110616,,,,,,,,
2023-08-09,-5.605849130278302,425218469.7121766,,,,,,,,
2023-08-10,-5.643508016344235,430617840.2178061,,,,,,,,
2023-08-11,-5.647920622272333,428087770.5158439,,,,,,,,
2023-08-12,-5.650340540418694,429680022.83428425,,,,,,,,
2023-08-13,-5.650340540418694,429680022.83428425,,,,,,,,
2023-08-14,-5.612012697668427,428869842.7073823,,,,,,,,
2023-08-15,-5.577868490370201,424880313.03030646,,,,,,,,
2023-08-16,-5.585658562094227,419888065.2525081,,,,,,,,
2023-08-17,-5.588783225149412,413551834.1811662,,,,,,,,
2023-08-18,-5.588783225149412,413551834.1811662,,,,,,,,
2023-08-19,-5.565840666272631,401945147.8807895,,,,,,,,
2023-08-20,-5.565840666272631,401945147.8807895,,,,,,,,
2023-08-21,-5.522670058760322,415601935.5774604,,,,,,,,
2023-08-22,-5.522670058760322,415601935.5774604,,,,,,,,
2023-08-23,-5.414940283421274,413507346.4237252,,,,,,,,
2023-08-24,-5.414940283421274,413507346.4237252,,,,,,,,
2023-08-25,-5.414940283421274,413507346.4237252,,,,,,,,
2023-08-26,-5.3065716016904005,412985128.1665329,,,,,,,,
2023-08-27,-5.3065716016904005,412985128.1665329,,,,,,,,
2023-08-28,-5.3065716016904005,412985128.1665329,,,,,,,,
2023-08-29,-5.217489888127277,400731061.83368766,,,,,,,,
2023-08-30,-5.260323196302668,402992052.63547766,,,,,,,,
2023-08-31,-5.269801207659164,404601461.64369214,,,,,,,,
2023-09-01,-5.213701385531835,406190615.6172091,,,,,,,,
2023-09-02,-5.137022786113031,402275602.41623706,,,,,,,,
2023-09-03,-5.062764220553516,397658775.2414928,,,,,,,,
2023-09-04,-4.9719618569064,394774532.9105476,,,,,,,,
2023-09-05,-5.004031719172191,396776406.2916667,,,,,,,,
2023-09-06,-5.065839353044465,406131644.0905419,,,,,,,,
2023-09-07,-5.066564962598983,408051498.09116495,,,,,,,,
2023-09-08,-5.021693233586107,406177438.520596,,,,,,,,
2023-09-09,-4.997499809270467,405415980.0951218,,,,,,,,
2023-09-10,-4.935243851321288,398030956.7541032,,,,,,,,
2023-09-11,-4.87422472595419,389546667.14451176,,,,,,,,
2023-09-12,-4.8776873162553125,410021729.66392165,,,,,,,,
2023-09-13,-4.898934085462614,409605558.4970188,,,,,,,,
2023-09-14,-4.873275201513808,421007172.4897436,,,,,,,,
2023-09-15,-4.845341019270405,420737144.4818716,,,,,,,,
2023-09-16,-4.833627141156123,419499851.8206489,,,,,,,,
2023-09-17,-4.782504968954406,415654015.04223216,,,,,,,,
2023-09-18,-4.720922944878896,416125103.55025387,,,,,,,,
2023-09-19,-4.721433862478072,417000370.61834246,,,,,,,,
2023-09-20,-4.768774828415925,420771843.59712416,,,,,,,,
2023-09-21,-4.826531163371241,415844628.9852543,,,,,,,,
2023-09-22,-4.863096186897617,419844978.9822523,,,,,,,,
2023-09-23,-4.856241848132705,421435951.9072305,,,,,,,,
2023-09-24,-4.815727695334507,420165090.2179504,,,,,,,,
2023-09-25,-4.761581124960626,418474799.3370256,,,,,,,,
2023-09-26,-4.782976427500992,419663169.0298113,,,,,,,,
2023-09-27,-4.812656928837836,426226150.0112369,,,,,,,,
2023-09-28,-4.836039992719185,433440978.854228,,,,,,,,
2023-09-29,-4.8822646895815645,449817417.8615481,,,,,,,,
2023-09-30,-4.868845472497799,446198267.6551459,,,,,,,,
2023-10-01,-4.834766930121321,445947098.66246986,,,,,,,,
2023-10-02,-4.784041661262867,435638972.8386779,,,,,,,,
2023-10-03,-4.825920613831933,438104632.1333532,,,,,,,,
2023-10-04,-4.882036879617659,448730894.0662125,,,,,,,,
2023-10-05,-4.873077482885459,444507425.4901672,,,,,,,,
2023-10-06,-4.852177617915792,438676220.606756,,,,,,,,
2023-10-07,-4.846684453038399,442093258.5589409,,,,,,,,
2023-10-08,-4.813936112516457,439705829.6157016,,,,,,,,
2023-10-09,-4.768596171594437,428820032.84008366,,,,,,,,
2023-10-10,-4.834707840400697,432367328.9973308,,,,,,,,
2023-10-11,-4.906391861402626,434209550.3143834,,,,,,,,
2023-10-12,-4.913398827658545,430381612.98987776,,,,,,,,
2023-10-13,-4.917225936857895,432821743.7605582,,,,,,,,
2023-10-14,-4.927585074452535,430914222.7360721,,,,,,,,
2023-10-15,-4.899163457403477,436317559.5257385,,,,,,,,
2023-10-16,-4.850832738258272,444858536.9668587,,,,,,,,
2023-10-17,-4.901157683407737,446012161.6876709,,,,,,,,
2023-10-18,-4.972028833274053,453673816.5443394,,,,,,,,
2023-10-19,-4.964957283484039,455697881.8546805,,,,,,,,
2023-10-20,-4.951943449465782,461350899.56821054,,,,,,,,
2023-10-21,-4.944233470681245,464988053.2904959,,,,,,,,
2023-10-22,-4.908838221541378,453313059.107313,,,,,,,,
2023-10-23,-4.852530804078305,456461783.1886408,,,,,,,,
2023-10-24,-4.909605004130167,467910249.1884917,,,,,,,,
2023-10-25,-4.996330261616293,477023777.8347102,,,,,,,,
2023-10-26,-5.012597063654462,473188016.831604,,,,,,,,
2023-10-27,-5.003799560553735,477962847.0134978,,,,,,,,
2023-10-28,-4.998227502887572,482750940.57086587,,,,,,,,
2023-10-29,-4.915424020763715,479304179.4231311,,,,,,,,
2023-10-30,-4.865130157989976,478347288.8268134,,,,,,,,
2023-10-31,-4.915337551505718,488097166.6566708,,,,,,,,
2023-11-01,-5.001591143431732,512534490.44553137,,,,,,,,
2023-11-02,-5.030086182229018,506939358.78725576,,,,,,,,
2023-11-03,-5.045669879338448,500182874.095974,,,,,,,,
2023-11-04,-5.053746592954611,501407197.0285093,,,,,,,,
2023-11-05,-5.020216489889054,500253099.33876896,,,,,,,,
2023-11-06,-4.945162656409965,495463112.2849242,,,,,,,,
2023-11-07,-4.978269181054712,492008046.4076442,,,,,,,,
2023-11-08,-5.025189779551297,502841562.3844628,,,,,,,,
2023-11-09,-5.006995444247671,501151451.9463972,,,,,,,,
2023-11-10,-5.007239657069068,541868304.092214,,,,,,,,
2023-11-11,-5.01062521569689,552103014.254792,,,,,,,,
2023-11-12,-4.998842699166191,555027540.2179658,,,,,,,,
2023-11-13,-4.95573886269876,547416210.7110113,,,,,,,,
2023-11-14,-5.005431524566962,523127604.6215504,,,,,,,,
2023-11-15,-4.984112626262467,528911597.4699429,,,2.755245321242916,,,,,
2023-11-16,-5.055098376459406,,,,2.7807134904886555,,,,,
2023-11-17,-5.046150778386213,,,,2.775390181945028,,,,,
2023-11-18,-5.032505528019007,,,,2.7725725902192964,,,,,
2023-11-19,-4.990066960850166,,,,2.758478993868132,,,,,
2023-11-20,-4.930871933843861,,,,2.733829198284401,,,,,
2023-11-21,-4.946866825613538,,,,2.741116149178472,,,,,
2023-11-22,-5.010088606905392,,,,2.758138330841844,,,,,
2023-11-23,-5.069246843047772,,,,2.7801694518552837,,,,,
2023-11-24,-5.051032468924188,,,,2.7757240703705843,,,,,
2023-11-25,-5.0200067235928,,,,2.7641406852863075,,,,,
2023-11-26,-4.94080996166378,,,,2.7364147622246517,,,,,
2023-11-27,-4.85403839855053,,,,2.7056699248891967,,,,,
2023-11-28,-4.825505326414713,,,,2.697434685784489,,,,,
2023-11-29,-4.8411935702929805,,,,2.701675997687821,,,,,
2023-11-30,-4.864196569384063,,,,2.709414958371033,,,,,
2023-12-01,-4.820409291346885,,,,2.690720153663572,,,,,
2023-12-02,-4.776313043183915,,,,2.674224061465673,,,,,
2023-12-03,-4.685285687920815,,,,2.6448863480990497,,,,,
2023-12-04,-4.591123610431196,,,,2.615402733932765,,,,,
2023-12-05,-4.58190259190313,,,,2.6130184975376545,,,,,
2023-12-06,-4.634230347802661,,,,2.6243985417331195,,,,,
2023-12-07,-4.693664945580626,,,,2.64859262617938,,,,,
2023-12-08,-4.68166841052462,,,,2.643620918101231,,,,,
2023-12-09,-4.665718047942595,,,,2.6320005269881213,,,,,
2023-12-10,-4.618116476026973,,,,2.6225547292462985,,,,,
2023-12-11,-4.529628682465928,,,,2.5889932620247955,,,,,
2023-12-12,-4.505177503947678,,,,2.580397255413873,,,,,
2023-12-13,-4.522550408021875,,,,2.588459588977758,,,,,
2023-12-14,-4.550613047108305,,,,2.5941829538009085,,,,,
2023-12-15,-4.512543718269503,,,,2.583772622726113,,,,,
2023-12-16,-4.500684360682441,,,,2.577555338991539,,,,,
2023-12-17,-4.407944183463707,,,,2.5482389727445662,,,,,
2023-12-18,-4.309421371654863,,,,2.5092992107395893,,,,,
2023-12-19,-4.295966141538883,,,,2.5111938374595746,,,,,
2023-12-20,-4.337977230989524,,,,2.516973433005259,,,,,
2023-12-21,-4.395329072882813,,,,2.545526461171632,,,,,
2023-12-22,-4.328930230749003,,,,2.515984625365982,,,,,
2023-12-23,-4.26530001078601,,,,2.498482923553284,,,,,
2023-12-24,-4.190069665630229,,,,2.467224627616244,,,,,
2023-12-25,-4.1286421964332,,,,2.447293873140502,,,,,
2023-12-26,-4.099923257791762,,,,2.434288381562636,,,,,
2023-12-27,-4.110748667321438,,,,2.4442060763449085,,,,,
2023-12-28,-4.151818510128146,,,,2.454472415540858,,,,,
2023-12-29,-4.131389725329104,,,,2.4461440862050248,,,,,
2023-12-30,-4.11447637854891,,,,2.4405861813922933,,,,,
2023-12-31,-4.061348504079015,,,,2.419581251632067,,,,,
2024-01-01,-3.9721876538620617,,,,2.387828440661999,,,,,
2024-01-02,-3.870292655665957,,,,2.353082759920344,,,,,
2024-01-03,-3.871789307314096,,,,2.3579550331544783,,,,,
2024-01-04,-3.912032356796839,,,,,,,,,
2024-01-05,-3.861175863791477,,,,,,,,,
2024-01-06,-3.8055417541300223,,,,,,,,,
2024-01-07,-3.7323329844912703,,,,,,,,,
2024-01-08,-3.626799378476973,,,,,,,,,
2024-01-09,-3.587686974872168,,,,,,,,,
2024-01-10,-3.604204123670404,,,,,,,,,
2024-01-11,-3.6502261581524498,,,,,,,,,
2024-01-12,-3.632061718193522,,,,,,,,,
2024-01-13,-3.604932914878893,,,,,,,,,
2024-01-14,-3.545549389971112,,,,,,,,,
2024-01-15,-3.4626539952768964,,,,,,,,,
2024-01-16,-3.440040094813291,,,,,,,,,
2024-01-17,-3.4696273998755287,,,,,,,,,
2024-01-18,-3.508264420953776,,,,,,,,,
2024-01-19,-3.477310160403723,,,,,,,,,
2024-01-20,-3.456137075820631,,,,,,,,,
2024-01-21,-3.3962540895481057,,,,,,,,,
2024-01-22,-3.334214412422537,,,,,,,,,
2024-01-23,-3.334661989157378,,,,,,,,,
2024-01-24,-3.3686731268812227,,,,,,,,,
2024-01-25,-3.40397303219789,,,,,,,,,
2024-01-26,-3.409215493781892,,,,,,,,,
2024-01-27,-3.3962089920908234,,,,,,,,,
2024-01-28,-3.340973612116447,,,,,,,,,
2024-01-29,-3.2712168731914044,,,,,,,,,
2024-01-30,-3.263253117924758,,,,,,,,,
2024-01-31,-3.298597030515079,,,,,,,,,
2024-02-01,-3.365839775840877,,,,,,,,,
2024-02-02,-3.426164055860111,,,,,,,,,
2024-02-03,-3.434018801235696,,,,,,,,,
2024-02-04,-3.3860667493064254,,,,,,,,,
2024-02-05,-3.33449028961686,,,,,,,,,
2024-02-06,-3.339897387049347,,,,,,,,,
2024-02-07,-3.378245877836134,,,,,,,,,
2024-02-08,-3.419401183296247,,,,,,,,,
2024-02-09,-3.391062384283836,,,,,,,,,
2024-02-10,-3.3406610437452446,,,,,,,,,
2024-02-11,-3.2348064703814274,,,,,,,,,
2024-02-12,-3.111391765693167,,,,,,,,,
2024-02-13,-3.061137950283863,,,,,,,,,
2024-02-14,-3.0685962531978044,,,,,,,,,
2024-02-15,-3.0880288842786103,,,,,,,,,
2024-02-16,-3.0393358133129147,,,,,,,,,
2024-02-17,-3.00519449822307,,,,,,,,,
2024-02-18,-2.9539180519754877,,,,,,,,,
2024-02-19,-2.8858544361425214,,,,,,,,,
2024-02-20,-2.8869899898711364,,,,,,,,,
2024-02-21,-2.946729447807255,,,,,,,,,
2024-02-22,-2.9976290316913583,,,,,,,,,
2024-02-23,-2.983189648969671,,,,,,,,,
2024-02-24,-2.960620489496669,,,,,,,,,
2024-02-25,-2.926061279163521,,,,,,,,,
2024-02-26,-2.878302109902788,,,,,,,,,
2024-02-27,-2.892629515647539,,,,,,,,,
2024-02-28,-2.952873488912924,,,,,,,,,
2024-02-29,-3.062985577030401,,,,,,,,,
2024-03-01,-3.1087805588102624,,,,,,,,,
2024-03-02,-3.1502519511621814,,,,,,,,,
2024-03-03,-3.140799964323525,,,,,,,,,
2024-03-04,-3.1386401581944896,,,,,,,,,
2024-03-05,-3.1937932899684163,,,,,,,,,
2024-03-06,-3.336876226152722,,,,,,,,,
2024-03-07,-3.4539829975415737,,,,,,,,,
2024-03-08,-3.4902101091140185,,,,,,,,,
2024-03-09,-3.5250995515984,,,,,,,,,
2024-03-10,-3.538403987986307,,,,,,,,,
2024-03-11,-3.545255929789404,,,,,,,,,
2024-03-12,-3.590588703043391,,,,,,,,,
2024-03-13,-3.72615772761814,,,,,,,,,
2024-03-14,-3.862981137019692,,,,,,,,,
2024-03-15,-3.9297708965051497,,,,,,,,,
2024-03-16,-4.012654640631654,,,,,,,,,
2024-03-17,-4.042855909080518,,,,,,,,,
2024-03-18,-4.039958037816622,,,,,,,,,
2024-03-19,-4.096548440436201,,,,,,,,,
2024-03-20,-4.206861445997015,,,,,,,,,
2024-03-21,-4.3213723359574026,,,,,,,,,
2024-03-22,-4.349272364786517,,,,,,,,,
2024-03-23,-4.36033174403701,,,,,,,,,
2024-03-24,-4.352779595435964,,,,,,,,,
2024-03-25,-4.332213358145708,,,,,,,,,
2024-03-26,-4.390537614384583,,,,,,,,,
2024-03-27,-4.4939567044808575,,,,,,,,,
2024-03-28,-4.588488022953956,,,,,,,,,
2024-03-29,-4.592724649862344,,,,,,,,,
2024-03-30,-4.576735158625347,,,,,,,,,
2024-03-31,-4.501746966882294,,,,,,,,,
2024-04-01,-4.415132583364321,,,,,,,,,
2024-04-02,-4.408129337210227,,,,,,,,,
2024-04-03,-4.459806130606065,,,,,,,,,
2024-04-04,-4.493598936832523,,,,,,,,,
2024-04-05,-4.448959469596602,,,,,,,,,
2024-04-06,-4.364590689907924,,,,,,,,,
2024-04-07,-4.283538578815448,,,,,,,,,
2024-04-08,-4.202939538115681,,,,,,,,,
2024-04-09,-4.187255563700488,,,,,,,,,
2024-04-10,-4.202726097319127,,,,,,,,,
2024-04-11,-4.215209963395774,,,,,,,,,
2024-04-12,-4.183800073023785,,,,,,,,,
2024-04-13,-4.156367604311842,,,,,,,,,
2024-04-14,-4.105974848137603,,,,,,,,,
2024-04-15,-4.024866545398819,,,,,,,,,
2024-04-16,-3.996893718263908,,,,,,,,,
2024-04-17,-4.01676777640748,,,,,,,,,
2024-04-18,-4.052172643551581,,,,,,,,,
2024-04-19,-4.031790613367317,,,,,,,,,
2024-04-20,-3.9919436039106033,,,,,,,,,
2024-04-21,-3.923563332780735,,,,,,,,,
2024-04-22,-3.8417543062063104,,,,,,,,,
2024-04-23,-3.813966416568708,,,,,,,,,
2024-04-24,-3.8306381500119993,,,,,,,,,
2024-04-25,-3.854524013168764,,,,,,,,,
2024-04-26,-3.865802219822674,,,,,,,,,
2024-04-27,-3.801462394189873,,,,,,,,,
2024-04-28,-3.7781523432213575,,,,,,,,,
2024-04-29,-3.776700664656412,,,,,,,,,
2024-04-30,-3.80206314037777,,,,,,,,,
